group,source,dest,layout,name,local_header_offset,compressed_size,uncompressed_size,method,crc32
videos_val,videos,videos/val,flat,bdd100k/videos/100k/val/b1d968b9-ce42734f.mov,1504484771517,20342757,20342757,0,f0b0fdd3
videos_val,videos,videos/val,flat,bdd100k/videos/100k/val/b1f4491b-cf446195.mov,1488523020815,20571671,20571671,0,a911343e
videos_val,videos,videos/val,flat,bdd100k/videos/100k/val/b1ff4656-0435391e.mov,1483340967462,20794254,20794254,0,14fbafce
videos_val,videos,videos/val,flat,bdd100k/videos/100k/val/b204a5c1-064b0040.mov,1574770982183,18762164,18762164,0,c9015405
videos_val,videos,videos/val,flat,bdd100k/videos/100k/val/b2064e61-2beadd45.mov,1511560632675,21483290,21483290,0,82343148
videos_val,videos,videos/val,flat,bdd100k/videos/100k/val/b20e291a-6012d836.mov,1475720939945,19836264,19836264,0,6e93998a
videos_val,videos,videos/val,flat,bdd100k/videos/100k/val/b23adb0d-8a7aaced.mov,1398067963626,20544892,20544892,0,3f27124d
videos_val_extra,videos,videos/val_extra,flat,bdd100k/videos/100k/val/b23d2079-0c019d8e.mov,1447535798143,21994184,21994184,0,24f9b664
videos_val_extra,videos,videos/val_extra,flat,bdd100k/videos/100k/val/b780088d-0bf9e946.mov,1448276995093,21336080,21336080,0,cac5be1d
videos_val_extra,videos,videos/val_extra,flat,bdd100k/videos/100k/val/b9ecc316-529acd3c.mov,1391099311732,22168399,22168399,0,8724aaae
videos_val_extra,videos,videos/val_extra,flat,bdd100k/videos/100k/val/bc07d865-f526e4d9.mov,1489577507093,20200152,20200152,0,b3b8c21a
videos_val_extra,videos,videos/val_extra,flat,bdd100k/videos/100k/val/bf1af616-e750e7dd.mov,1469699082994,24196280,24196280,0,73962672
videos_val_extra,videos,videos/val_extra,flat,bdd100k/videos/100k/val/c38cd3f6-c74ca48b.mov,1547433240341,21069055,21069055,0,7bca9415
labels_val,solesensei,labels,flat,bdd100k_labels_release/bdd100k/labels/bdd100k_labels_images_val.json,6863944219,13899719,208257864,8,80df1766
eval_images,solesensei,images/val,flat,bdd100k/bdd100k/images/100k/val/b1d968b9-ce42734f.jpg,5098585041,59853,61540,8,f4ad317f
eval_images,solesensei,images/val,flat,bdd100k/bdd100k/images/100k/val/b1f4491b-cf446195.jpg,5101286878,54368,55105,8,b4898d31
eval_images,solesensei,images/val,flat,bdd100k/bdd100k/images/100k/val/b1ff4656-0435391e.jpg,5101991074,75223,75796,8,ddc45ad4
eval_images,solesensei,images/val,flat,bdd100k/bdd100k/images/100k/val/b204a5c1-064b0040.jpg,5102735004,81669,82112,8,373c13ed
eval_images,solesensei,images/val,flat,bdd100k/bdd100k/images/100k/val/b2064e61-2beadd45.jpg,5102969969,42011,42834,8,32e866cb
eval_images,solesensei,images/val,flat,bdd100k/bdd100k/images/100k/val/b20e291a-6012d836.jpg,5103934205,72135,73249,8,ec08c77b
eval_images,solesensei,images/val,flat,bdd100k/bdd100k/images/100k/val/b23adb0d-8a7aaced.jpg,5106371940,46128,47087,8,e2c0206d
eval_images,solesensei,images/val,flat,bdd100k/bdd100k/images/100k/val/b23d2079-0c019d8e.jpg,5106792265,31381,34503,8,a33f12ac
eval_images,solesensei,images/val,flat,bdd100k/bdd100k/images/100k/val/b780088d-0bf9e946.jpg,5230038025,56712,57397,8,c9ce450e
eval_images,solesensei,images/val,flat,bdd100k/bdd100k/images/100k/val/b9ecc316-529acd3c.jpg,5280180524,99228,99954,8,61792c87
eval_images,solesensei,images/val,flat,bdd100k/bdd100k/images/100k/val/bc07d865-f526e4d9.jpg,5327087393,54355,55547,8,1c014dec
eval_images,solesensei,images/val,flat,bdd100k/bdd100k/images/100k/val/bf1af616-e750e7dd.jpg,5396522908,54453,55202,8,f7d3db92
eval_images,solesensei,images/val,flat,bdd100k/bdd100k/images/100k/val/c38cd3f6-c74ca48b.jpg,5502691553,93939,94604,8,66e5be90
eval_images,solesensei,images/val,flat,bdd100k/bdd100k/images/100k/val/c174a2be-b32a8285.jpg,5452244680,42647,44508,8,a3a0c65a
eval_images,solesensei,images/val,flat,bdd100k/bdd100k/images/100k/val/c6468284-3d60a86b.jpg,5569812661,61965,63810,8,9f824adc
eval_images,solesensei,images/val,flat,bdd100k/bdd100k/images/100k/val/b251064f-8d92db81.jpg,5109146724,66788,67948,8,6472691f
eval_images,solesensei,images/val,flat,bdd100k/bdd100k/images/100k/val/b57a6b0c-531adc6d.jpg,5182990224,83105,84013,8,ca38f81b
eval_images,solesensei,images/val,flat,bdd100k/bdd100k/images/100k/val/b5aa55af-b01f8749.jpg,5187693996,67254,69344,8,46063f02
eval_images,solesensei,images/val,flat,bdd100k/bdd100k/images/100k/val/c32be69b-f02d6229.jpg,5492737165,78342,80287,8,e09c30a2
eval_images,solesensei,images/val,flat,bdd100k/bdd100k/images/100k/val/b5bf322d-0a139ab3.jpg,5190288686,67033,67919,8,93436cb5
eval_images,solesensei,images/val,flat,bdd100k/bdd100k/images/100k/val/c72e0355-d4ee4973.jpg,5590425066,73203,74270,8,be7c3f7a
eval_images,solesensei,images/val,flat,bdd100k/bdd100k/images/100k/val/c5c8a92c-ed6160d8.jpg,5557938053,81826,82745,8,3ea3d297
eval_images,solesensei,images/val,flat,bdd100k/bdd100k/images/100k/val/bc3edef9-98053500.jpg,5331615796,81537,82049,8,ec83a074
eval_images,solesensei,images/val,flat,bdd100k/bdd100k/images/100k/val/bd355fcc-6e341b88.jpg,5352598168,76129,77008,8,8e03af25
eval_images,solesensei,images/val,flat,bdd100k/bdd100k/images/100k/val/c1252e1f-c0640ea4.jpg,5443752747,58603,60315,8,191b76cc
eval_images,solesensei,images/val,flat,bdd100k/bdd100k/images/100k/val/c2c5fee5-a8360924.jpg,5482857057,92674,93522,8,2b7782f1
eval_images,solesensei,images/val,flat,bdd100k/bdd100k/images/100k/val/b3e72283-584093dc.jpg,5144918116,101237,101854,8,0849e79d
eval_images,solesensei,images/val,flat,bdd100k/bdd100k/images/100k/val/c44da9b8-ecd04bdd.jpg,5519604302,53628,55101,8,f0319f84
eval_images,solesensei,images/val,flat,bdd100k/bdd100k/images/100k/val/c2e294a9-93e364f0.jpg,5485172252,97652,97830,8,8fe3f024
eval_images,solesensei,images/val,flat,bdd100k/bdd100k/images/100k/val/c48bcc55-9fc09810.jpg,5525503171,72869,74889,8,6e342e30
eval_images,solesensei,images/val,flat,bdd100k/bdd100k/images/100k/val/b836b14a-fb13c905.jpg,5246142766,83322,83872,8,b559d9e2
eval_images,solesensei,images/val,flat,bdd100k/bdd100k/images/100k/val/c366973d-f5ec8394.jpg,5497946562,65670,66841,8,09998aaa
eval_images,solesensei,images/val,flat,bdd100k/bdd100k/images/100k/val/b406dc5a-44d22755.jpg,5147169514,70333,71106,8,95f5c6b3
eval_images,solesensei,images/val,flat,bdd100k/bdd100k/images/100k/val/c49c1308-71384f70.jpg,5526671206,57069,57643,8,431772c7
eval_images,solesensei,images/val,flat,bdd100k/bdd100k/images/100k/val/b77dc345-d1f9b91c.jpg,5229802107,59856,61797,8,1a9a7cb5
eval_images,solesensei,images/val,flat,bdd100k/bdd100k/images/100k/val/bbd5188d-91d0926f.jpg,5322251124,64205,64872,8,225354fd
eval_images,solesensei,images/val,flat,bdd100k/bdd100k/images/100k/val/b71bf87d-894c1a21.jpg,5219255934,83486,84107,8,919bc2ca
eval_images,solesensei,images/val,flat,bdd100k/bdd100k/images/100k/val/c15c29a5-9af1055d.jpg,5450769653,71154,71970,8,4544b8a4
eval_images,solesensei,images/val,flat,bdd100k/bdd100k/images/100k/val/c5a0ad25-ce65688e.jpg,5552803913,60581,60997,8,8292883c
eval_images,solesensei,images/val,flat,bdd100k/bdd100k/images/100k/val/bac391de-5885bad6.jpg,5297055712,85351,85649,8,ebd5648a
eval_images,solesensei,images/val,flat,bdd100k/bdd100k/images/100k/val/ba2e8c76-9064d1ee.jpg,5284829379,84577,85098,8,6dd013ce
eval_images,solesensei,images/val,flat,bdd100k/bdd100k/images/100k/val/b54a8089-aa62f142.jpg,5178022897,86804,87874,8,619211e9
eval_images,solesensei,images/val,flat,bdd100k/bdd100k/images/100k/val/c350632d-75a312d1.jpg,5495910538,83901,84722,8,68a5b914
eval_images,solesensei,images/val,flat,bdd100k/bdd100k/images/100k/val/c836f138-aa4d7408.jpg,5612401258,47302,48794,8,3b8a6852
eval_images,solesensei,images/val,flat,bdd100k/bdd100k/images/100k/val/b857eb06-4601a3a0.jpg,5248625688,75872,76476,8,24d82230
eval_images,solesensei,images/val,flat,bdd100k/bdd100k/images/100k/val/c85d3c7e-4501e8b4.jpg,5615542056,81367,81874,8,a129cd67
eval_images,solesensei,images/val,flat,bdd100k/bdd100k/images/100k/val/bdf775d9-3cb15a15.jpg,5370706895,64322,64887,8,92f2f44d
eval_images,solesensei,images/val,flat,bdd100k/bdd100k/images/100k/val/b20e291a-32ac11c1.jpg,5103868729,65373,66381,8,212b9922
eval_images,solesensei,images/val,flat,bdd100k/bdd100k/images/100k/val/c0677163-b0154931.jpg,5424241737,41340,42714,8,246f5985
eval_images,solesensei,images/val,flat,bdd100k/bdd100k/images/100k/val/c143af06-2e9cba65.jpg,5446645351,81878,82146,8,346c2857
eval_images,solesensei,images/val,flat,bdd100k/bdd100k/images/100k/val/bec7b5c0-36069512.jpg,5388256592,40334,44483,8,a32e3863
eval_images,solesensei,images/val,flat,bdd100k/bdd100k/images/100k/val/c96e0b6a-7d3c5b31.jpg,5641872234,56218,56924,8,1c8e4386
eval_images,solesensei,images/val,flat,bdd100k/bdd100k/images/100k/val/b7c48676-d61a6e81.jpg,5237192151,89300,89994,8,7128eeb4
eval_images,solesensei,images/val,flat,bdd100k/bdd100k/images/100k/val/b289f2e8-cec8700d.jpg,5115667138,58891,59602,8,83716a97
eval_images,solesensei,images/val,flat,bdd100k/bdd100k/images/100k/val/c1f39934-717857b3.jpg,5465841669,78816,79682,8,684ef5bc
eval_images,solesensei,images/val,flat,bdd100k/bdd100k/images/100k/val/b71bf87d-528e531c.jpg,5219192896,62935,64016,8,ec98379a
eval_images,solesensei,images/val,flat,bdd100k/bdd100k/images/100k/val/c8bd76fd-1fda46a5.jpg,5623831536,77310,77663,8,0c6beeb4
eval_images,solesensei,images/val,flat,bdd100k/bdd100k/images/100k/val/b38f59d4-58f1cff8.jpg,5136460577,39829,44413,8,3b1decba
eval_images,solesensei,images/val,flat,bdd100k/bdd100k/images/100k/val/b4b581ea-93722c60.jpg,5164180366,53824,54879,8,e26bb37d
eval_images,solesensei,images/val,flat,bdd100k/bdd100k/images/100k/val/c63f6bb5-e23a253e.jpg,5568751627,44104,46539,8,f19f68b0
eval_images,solesensei,images/val,flat,bdd100k/bdd100k/images/100k/val/c174b1bd-ff23da83.jpg,5452544540,86401,86801,8,ae01e42d
eval_images,solesensei,images/val,flat,bdd100k/bdd100k/images/100k/val/c82ab19a-455ba0d8.jpg,5610872916,64008,65088,8,ecdb36af
eval_images,solesensei,images/val,flat,bdd100k/bdd100k/images/100k/val/be94df25-464ac4f8.jpg,5383778655,30154,34258,8,4dd45f8e
eval_images,solesensei,images/val,flat,bdd100k/bdd100k/images/100k/val/c02fb811-03f28b56.jpg,5420188905,50837,52103,8,42f5ebdb
eval_images,solesensei,images/val,flat,bdd100k/bdd100k/images/100k/val/ca068cb6-1418f2fb.jpg,5654219712,54474,56704,8,8bdd7059
eval_images,solesensei,images/val,flat,bdd100k/bdd100k/images/100k/val/c7fe62b1-831805d0.jpg,5607772938,35775,38233,8,324ffafd
eval_images,solesensei,images/val,flat,bdd100k/bdd100k/images/100k/val/c4a1065b-ec1e76ba.jpg,5527791397,78050,79156,8,f2653868
eval_images,solesensei,images/val,flat,bdd100k/bdd100k/images/100k/val/bff1a1d0-5a57063a.jpg,5414482172,97652,98029,8,5e210936
eval_images,solesensei,images/val,flat,bdd100k/bdd100k/images/100k/val/b1df722f-5bcc3db7.jpg,5099309652,57482,58850,8,bcae54b6
eval_images,solesensei,images/val,flat,bdd100k/bdd100k/images/100k/val/b2b32394-e46669cb.jpg,5119161424,42935,44244,8,43e26a86
eval_images,solesensei,images/val,flat,bdd100k/bdd100k/images/100k/val/c730a403-03ecee1b.jpg,5590528467,100958,102018,8,3becfd7d
eval_images,solesensei,images/val,flat,bdd100k/bdd100k/images/100k/val/b8ecdc10-763b27b8.jpg,5259287573,82562,82956,8,5de8897e
eval_images,solesensei,images/val,flat,bdd100k/bdd100k/images/100k/val/c81afdad-8b689a37.jpg,5609962261,48207,49169,8,868c9b76
eval_images,solesensei,images/val,flat,bdd100k/bdd100k/images/100k/val/c4cebcf0-c8c73eb8.jpg,5531825235,59238,61077,8,3be8478b
eval_images,solesensei,images/val,flat,bdd100k/bdd100k/images/100k/val/c51c4c12-e9006511.jpg,5538372476,87208,87841,8,07b02b43
eval_images,solesensei,images/val,flat,bdd100k/bdd100k/images/100k/val/c146d100-92fd1b9f.jpg,5447217179,76714,77274,8,ee305406
eval_images,solesensei,images/val,flat,bdd100k/bdd100k/images/100k/val/ca068cb6-e29842f7.jpg,5654337551,57551,58220,8,62f04a51
eval_images,solesensei,images/val,flat,bdd100k/bdd100k/images/100k/val/c146d100-cb76d05b.jpg,5447344018,56124,57066,8,fcbc46ea
eval_images,solesensei,images/val,flat,bdd100k/bdd100k/images/100k/val/c65d48bf-92b77f49.jpg,5571832829,36157,37773,8,eadbe177
eval_images,solesensei,images/val,flat,bdd100k/bdd100k/images/100k/val/c56c7249-f70c6c33.jpg,5547852375,74220,74759,8,2c73a0a2
eval_images,solesensei,images/val,flat,bdd100k/bdd100k/images/100k/val/c1fa7950-56a78519.jpg,5467442515,63995,64755,8,dcad32ec
eval_images,solesensei,images/val,flat,bdd100k/bdd100k/images/100k/val/b3223c85-fccaf29d.jpg,5128135641,69875,70453,8,8ef5d1e2
eval_images,solesensei,images/val,flat,bdd100k/bdd100k/images/100k/val/c5e8ab3b-6e92761c.jpg,5561325994,42544,46100,8,d9dafe52
eval_images,solesensei,images/val,flat,bdd100k/bdd100k/images/100k/val/c8e01103-9ff8595d.jpg,5627370936,74235,74549,8,fcb0f6f4
eval_images,solesensei,images/val,flat,bdd100k/bdd100k/images/100k/val/c89bec33-797b5aca.jpg,5620752544,60461,61219,8,9be28c8d
eval_images,solesensei,images/val,flat,bdd100k/bdd100k/images/100k/val/c51ec845-75af36d3.jpg,5538858595,69588,70462,8,13870c50
eval_images,solesensei,images/val,flat,bdd100k/bdd100k/images/100k/val/bcaa771b-806e4fcd.jpg,5340721963,58950,61664,8,5618591d
eval_images,solesensei,images/val,flat,bdd100k/bdd100k/images/100k/val/c6959e96-6c064011.jpg,5578293915,60351,61088,8,375f0fe5
eval_images,solesensei,images/val,flat,bdd100k/bdd100k/images/100k/val/c6c8c8a2-cb166bb4.jpg,5582764054,61776,62748,8,1c91f4ab
eval_images,solesensei,images/val,flat,bdd100k/bdd100k/images/100k/val/beef90ca-dd806a38.jpg,5391995599,67130,67792,8,38209909
eval_images,solesensei,images/val,flat,bdd100k/bdd100k/images/100k/val/b7341ecf-4be3bdcb.jpg,5222225855,81991,82620,8,ad6e7be4
eval_images,solesensei,images/val,flat,bdd100k/bdd100k/images/100k/val/b8c21917-b001727c.jpg,5257458045,95413,96171,8,9f1dbf4b
eval_images,solesensei,images/val,flat,bdd100k/bdd100k/images/100k/val/b472aeb8-f6353af9.jpg,5156480343,84948,85613,8,967ba2d2
eval_images,solesensei,images/val,flat,bdd100k/bdd100k/images/100k/val/b26327fe-3ac19999.jpg,5110973851,68231,68766,8,1262caa4
eval_images,solesensei,images/val,flat,bdd100k/bdd100k/images/100k/val/c0677163-39c6f234.jpg,5423892730,43447,44570,8,aedb5d04
eval_images,solesensei,images/val,flat,bdd100k/bdd100k/images/100k/val/bd5e847a-fff41819.jpg,5356822850,65158,67464,8,a2e5590b
eval_images,solesensei,images/val,flat,bdd100k/bdd100k/images/100k/val/b5948795-913b4fee.jpg,5185081089,94258,94769,8,7feb9f62
eval_images,solesensei,images/val,flat,bdd100k/bdd100k/images/100k/val/c2dba16e-9ead0a99.jpg,5484803633,54454,55511,8,74a10f57
eval_images,solesensei,images/val,flat,bdd100k/bdd100k/images/100k/val/bea4ac92-340863d9.jpg,5385072853,89299,89977,8,067a41cc
eval_images,solesensei,images/val,flat,bdd100k/bdd100k/images/100k/val/c0c23a94-f2f15c15.jpg,5433509229,75135,75678,8,d5a6f10f
eval_images,solesensei,images/val,flat,bdd100k/bdd100k/images/100k/val/bceeedca-f0bf8606.jpg,5347073598,86783,87111,8,35434f58
eval_images,solesensei,images/val,flat,bdd100k/bdd100k/images/100k/val/c23551ce-34508f75.jpg,5472653945,50714,51332,8,40e52028
eval_images,solesensei,images/val,flat,bdd100k/bdd100k/images/100k/val/b85a3ec7-4296bad6.jpg,5249044948,77458,77770,8,511aa0ee
eval_images,solesensei,images/val,flat,bdd100k/bdd100k/images/100k/val/bde48a59-81b1f93a.jpg,5369060645,99140,99399,8,4f154dfa
eval_images,solesensei,images/val,flat,bdd100k/bdd100k/images/100k/val/c51c4c12-3ccdcd61.jpg,5538297155,75218,75749,8,9b360155
eval_images,solesensei,images/val,flat,bdd100k/bdd100k/images/100k/val/c60deb3c-d8219cc9.jpg,5565344242,81963,83205,8,e5579e39
eval_images,solesensei,images/val,flat,bdd100k/bdd100k/images/100k/val/bf5ea8d2-94c28266.jpg,5401582008,87898,88098,8,2262d612
eval_images,solesensei,images/val,flat,bdd100k/bdd100k/images/100k/val/c1fbed4d-18be096c.jpg,5467698136,59312,60131,8,7819074c
eval_images,solesensei,images/val,flat,bdd100k/bdd100k/images/100k/val/fe1b92a1-faaaa1eb.jpg,5662667604,27346,31163,8,10007a25
eval_images,solesensei,images/val,flat,bdd100k/bdd100k/images/100k/val/ba9a0c7f-77967cea.jpg,5293283895,45861,46526,8,e746e15e
eval_images,solesensei,images/val,flat,bdd100k/bdd100k/images/100k/val/b4f360ca-78e0a64c.jpg,5169200973,35491,37657,8,35b3468a
eval_images,solesensei,images/val,flat,bdd100k/bdd100k/images/100k/val/c2313d3a-69748e1a.jpg,5472383974,32301,34584,8,fb9b7032
eval_images,solesensei,images/val,flat,bdd100k/bdd100k/images/100k/val/b1fbf878-b31a8293.jpg,5101768896,52365,53096,8,176ffbe0
eval_images,solesensei,images/val,flat,bdd100k/bdd100k/images/100k/val/b6aa41ba-04780705.jpg,5209367638,43375,44337,8,39f964ed
eval_images,solesensei,images/val,flat,bdd100k/bdd100k/images/100k/val/bb1b7e42-b17da5d0.jpg,5305254588,45126,45995,8,7086d9df
eval_images,solesensei,images/val,flat,bdd100k/bdd100k/images/100k/val/b2d502aa-64d3e228.jpg,5121391921,69408,70093,8,4f36b2fd
eval_images,solesensei,images/val,flat,bdd100k/bdd100k/images/100k/val/c4fa3b0a-29b96446.jpg,5536160212,67120,67779,8,fca05bb8
eval_images,solesensei,images/val,flat,bdd100k/bdd100k/images/100k/val/b603f785-b94d2adc.jpg,5195623765,53051,53923,8,5bc3fd63
eval_images,solesensei,images/val,flat,bdd100k/bdd100k/images/100k/val/c2021f20-46a5823b.jpg,5468665931,75645,75827,8,947e0c87
eval_images,solesensei,images/val,flat,bdd100k/bdd100k/images/100k/val/b99f250d-97172b16.jpg,5274379309,57527,57986,8,e687255a
eval_images,solesensei,images/val,flat,bdd100k/bdd100k/images/100k/val/c6cde742-d52d93a3.jpg,5583135387,41718,43505,8,1be40652
eval_images,solesensei,images/val,flat,bdd100k/bdd100k/images/100k/val/b4f65b32-ff644e07.jpg,5169622174,45444,46672,8,caadbbc5
eval_images,solesensei,images/val,flat,bdd100k/bdd100k/images/100k/val/bf62df05-874604fe.jpg,5402136119,44460,46144,8,33fb33f2
eval_images,solesensei,images/val,flat,bdd100k/bdd100k/images/100k/val/c420873f-c5ec4d87.jpg,5515223479,24993,27893,8,c48f1ad8
eval_images,solesensei,images/val,flat,bdd100k/bdd100k/images/100k/val/b93942f9-441a4817.jpg,5265871157,44125,45249,8,0682ef6e
eval_images,solesensei,images/val,flat,bdd100k/bdd100k/images/100k/val/c683d905-eca9ea1a.jpg,5576039114,36585,38536,8,e2ced29b
eval_images,solesensei,images/val,flat,bdd100k/bdd100k/images/100k/val/c71090cc-df17811c.jpg,5588241758,34002,36313,8,52409d43
eval_images,solesensei,images/val,flat,bdd100k/bdd100k/images/100k/val/bea3ece7-e73287ff.jpg,5384997252,35803,37309,8,59e19711
eval_images,solesensei,images/val,flat,bdd100k/bdd100k/images/100k/val/bc574681-b63afd9b.jpg,5332718072,37169,38724,8,d64e6ad3
eval_images,solesensei,images/val,flat,bdd100k/bdd100k/images/100k/val/bdeec3db-d7908ef3.jpg,5370228287,30183,32922,8,836590c8
eval_images,solesensei,images/val,flat,bdd100k/bdd100k/images/100k/val/b40669bb-19958f9a.jpg,5147119016,50395,50944,8,2ca0722a
eval_images,solesensei,images/val,flat,bdd100k/bdd100k/images/100k/val/b5e3b8c6-e50a2999.jpg,5193220931,27369,30531,8,7b662147
eval_images,solesensei,images/val,flat,bdd100k/bdd100k/images/100k/val/c614250f-060df27c.jpg,5565590171,24964,29821,8,d258692e
eval_images,solesensei,images/val,flat,bdd100k/bdd100k/images/100k/val/bd4a61fd-fb447d72.jpg,5354477627,25558,29427,8,b02376bc
eval_images,solesensei,images/val,flat,bdd100k/bdd100k/images/100k/val/c9fa0253-3a8bc597.jpg,5653074991,39227,40544,8,0684de4a
eval_images,solesensei,images/val,flat,bdd100k/bdd100k/images/100k/val/bbc06e30-cc607874.jpg,5320035407,46768,47562,8,b86c553d
eval_images,solesensei,images/val,flat,bdd100k/bdd100k/images/100k/val/c5caf169-3010206a.jpg,5558501855,38354,39959,8,ec58fbb6
eval_images,solesensei,images/val,flat,bdd100k/bdd100k/images/100k/val/c1de2ece-26433e37.jpg,5463723896,33174,35172,8,20449dfd
eval_images,solesensei,images/val,flat,bdd100k/bdd100k/images/100k/val/bc16f8e9-930d98ee.jpg,5328113334,52678,53174,8,e7f979bb
eval_images,solesensei,images/val,flat,bdd100k/bdd100k/images/100k/val/bec5aa0b-27aa89d9.jpg,5387972850,30894,33044,8,5304ec5c
eval_images,solesensei,images/val,flat,bdd100k/bdd100k/images/100k/val/c9c9235f-2215a6b7.jpg,5649234809,34014,36654,8,09cdbf77
eval_images,solesensei,images/val,flat,bdd100k/bdd100k/images/100k/val/c3f50821-9998804f.jpg,5511656442,33494,36440,8,89152010
eval_images,solesensei,images/val,flat,bdd100k/bdd100k/images/100k/val/bf77e9b1-717cbd2c.jpg,5403376414,17893,23253,8,cf227e80
eval_images,solesensei,images/val,flat,bdd100k/bdd100k/images/100k/val/c57906c2-9696bf52.jpg,5548943282,33566,36007,8,90363f9c
eval_images,solesensei,images/val,flat,bdd100k/bdd100k/images/100k/val/c3639d96-d284eda4.jpg,5497765318,32458,34034,8,5db14464
eval_images,solesensei,images/val,flat,bdd100k/bdd100k/images/100k/val/c39375fb-153bf02b.jpg,5503091624,43792,44861,8,b6bc3a70
eval_images,solesensei,images/val,flat,bdd100k/bdd100k/images/100k/val/bb52662e-0257c8b3.jpg,5309452056,46027,46940,8,2e6df0f3
eval_images,solesensei,images/val,flat,bdd100k/bdd100k/images/100k/val/b54735e3-b251b872.jpg,5177468541,40210,41779,8,3d99fb7d
eval_images,solesensei,images/val,flat,bdd100k/bdd100k/images/100k/val/c51a2815-5d5e6d1a.jpg,5538273267,23785,27531,8,29be67e9
eval_images,solesensei,images/val,flat,bdd100k/bdd100k/images/100k/val/c11fb0c4-16ba72ea.jpg,5442805370,25657,28766,8,28927853
eval_images,solesensei,images/val,flat,bdd100k/bdd100k/images/100k/val/b4f59eb4-2992dd6d.jpg,5169602871,19200,24780,8,76d50bc1
eval_images,solesensei,images/val,flat,bdd100k/bdd100k/images/100k/val/c65628b7-0a11aa60.jpg,5570822726,23106,26238,8,ee383e1e
eval_images,solesensei,images/val,flat,bdd100k/bdd100k/images/100k/val/b55569e8-282a99fe.jpg,5178825260,26890,30150,8,bd142fa7
eval_images,solesensei,images/val,flat,bdd100k/bdd100k/images/100k/val/b2cf78ec-6043f571.jpg,5121042399,33432,35862,8,59e43c25
eval_images,solesensei,images/val,flat,bdd100k/bdd100k/images/100k/val/b64e5796-3aa7adc0.jpg,5201500796,33472,36352,8,87875f9d
eval_images,solesensei,images/val,flat,bdd100k/bdd100k/images/100k/val/c732f6d7-2a52f70b.jpg,5590684786,30769,33217,8,54b42353
eval_images,solesensei,images/val,flat,bdd100k/bdd100k/images/100k/val/c6265010-8caa470f.jpg,5566795790,29887,33369,8,e46be2ba
eval_images,solesensei,images/val,flat,bdd100k/bdd100k/images/100k/val/b5dec5e7-8066e35c.jpg,5192782561,28844,31466,8,28dc7680
eval_images,solesensei,images/val,flat,bdd100k/bdd100k/images/100k/val/c1f74dbc-21fc10db.jpg,5466551046,25797,29035,8,6fad69a4
eval_images,solesensei,images/val,flat,bdd100k/bdd100k/images/100k/val/bfb60a50-6a338fe9.jpg,5409550144,29822,33420,8,d71764c0
eval_images,solesensei,images/val,flat,bdd100k/bdd100k/images/100k/val/c39375fb-ecf20028.jpg,5503159119,39233,41189,8,3c552ee5
eval_images,solesensei,images/val,flat,bdd100k/bdd100k/images/100k/val/c2a26f9b-634ed98f.jpg,5480281089,39542,40819,8,78c53d66
eval_images,solesensei,images/val,flat,bdd100k/bdd100k/images/100k/val/c345715a-b532f7a9.jpg,5495696803,37872,39062,8,0d3029d4
eval_images,solesensei,images/val,flat,bdd100k/bdd100k/images/100k/val/b2860d72-0b43e851.jpg,5115605906,61129,61767,8,9eddc757
eval_images,solesensei,images/val,flat,bdd100k/bdd100k/images/100k/val/c587df13-09f601eb.jpg,5550560860,41875,43129,8,67a4fe54
eval_images,solesensei,images/val,flat,bdd100k/bdd100k/images/100k/val/b75f814e-f533da40.jpg,5227008695,28382,31466,8,27be47fe
eval_images,solesensei,images/val,flat,bdd100k/bdd100k/images/100k/val/bd21d7a7-85941f4d.jpg,5351335515,26719,29715,8,a02426c3
eval_images,solesensei,images/val,flat,bdd100k/bdd100k/images/100k/val/c82e10a6-a19ceb0b.jpg,5611536572,47111,47798,8,39ec35e5
eval_images,solesensei,images/val,flat,bdd100k/bdd100k/images/100k/val/c38bdba6-181f8cfa.jpg,5502296655,35614,37481,8,d34a7cad
eval_images,solesensei,images/val,flat,bdd100k/bdd100k/images/100k/val/bf482378-efc17f31.jpg,5399771245,29726,32372,8,8602675d
eval_images,solesensei,images/val,flat,bdd100k/bdd100k/images/100k/val/b7b3a558-45775f2e.jpg,5234994989,29732,31924,8,a3ab8abd
eval_images,solesensei,images/val,flat,bdd100k/bdd100k/images/100k/val/c3968de8-21d6c364.jpg,5503271323,32002,34500,8,023b2eac
eval_images,solesensei,images/val,flat,bdd100k/bdd100k/images/100k/val/c784941b-8eb5d07c.jpg,5599116194,44551,45470,8,06941f2d
eval_images,solesensei,images/val,flat,bdd100k/bdd100k/images/100k/val/c5dd7a2a-bab83a60.jpg,5560288114,35790,37878,8,b0a2b8bb
eval_images,solesensei,images/val,flat,bdd100k/bdd100k/images/100k/val/be66a004-91dbe123.jpg,5380649056,48528,49306,8,d055b36f
eval_images,solesensei,images/val,flat,bdd100k/bdd100k/images/100k/val/c45cf21f-c11847dd.jpg,5521051856,43986,44827,8,f6ac40d2
eval_images,solesensei,images/val,flat,bdd100k/bdd100k/images/100k/val/b90d0148-2d15443f.jpg,5262739124,26651,29738,8,cc2072e6
eval_images,solesensei,images/val,flat,bdd100k/bdd100k/images/100k/val/b5d6e647-12d214ab.jpg,5191915577,29179,31785,8,5f3399b0
eval_images,solesensei,images/val,flat,bdd100k/bdd100k/images/100k/val/c16e5581-3e798354.jpg,5451859677,58649,59050,8,31bbeac3
eval_images,solesensei,images/val,flat,bdd100k/bdd100k/images/100k/val/c3df354d-407d442c.jpg,5510526098,26630,29756,8,a3a03c29
eval_images,solesensei,images/val,flat,bdd100k/bdd100k/images/100k/val/b99c5931-81b850be.jpg,5274115121,47440,48340,8,d010a61f
eval_images,solesensei,images/val,flat,bdd100k/bdd100k/images/100k/val/c60144b6-74583c0d.jpg,5563661971,64442,65251,8,f1850dbe
eval_images,solesensei,images/val,flat,bdd100k/bdd100k/images/100k/val/bd0380e5-846f84bb.jpg,5348583376,74148,75339,8,364684aa
eval_images,solesensei,images/val,flat,bdd100k/bdd100k/images/100k/val/c5cc1219-49036234.jpg,5558654757,46525,48022,8,b2275e04
eval_images,solesensei,images/val,flat,bdd100k/bdd100k/images/100k/val/c8a5ddd2-9c3962bd.jpg,5621499141,61812,62147,8,63c1610d
eval_images,solesensei,images/val,flat,bdd100k/bdd100k/images/100k/val/b332df78-28a61de0.jpg,5128904029,40376,42544,8,6047bca1
eval_images,solesensei,images/val,flat,bdd100k/bdd100k/images/100k/val/b97b9ee8-8fbf044e.jpg,5271425313,59605,60107,8,7e4dd0ef
eval_images,solesensei,images/val,flat,bdd100k/bdd100k/images/100k/val/b1d10d08-5b108225.jpg,5097368516,42101,43031,8,114e1d45
eval_images,solesensei,images/val,flat,bdd100k/bdd100k/images/100k/val/bb3bb8c0-4fa74f43.jpg,5307576384,60362,61984,8,337c6c15
eval_images,solesensei,images/val,flat,bdd100k/bdd100k/images/100k/val/b63f0379-f0b444b5.jpg,5200740000,66330,67049,8,653913c6
eval_images,solesensei,images/val,flat,bdd100k/bdd100k/images/100k/val/c8eeb9c9-d3212cfe.jpg,5628534972,50596,51389,8,3754efa2
eval_images,solesensei,images/val,flat,bdd100k/bdd100k/images/100k/val/b94eb13b-6189d792.jpg,5268358163,59640,60219,8,010e1170
eval_images,solesensei,images/val,flat,bdd100k/bdd100k/images/100k/val/c179d309-bbf612b9.jpg,5453505474,59305,60235,8,d96f2b65
eval_images,solesensei,images/val,flat,bdd100k/bdd100k/images/100k/val/c37b8378-9c23f3b3.jpg,5500283183,57567,59015,8,80b198ef
eval_images,solesensei,images/val,flat,bdd100k/bdd100k/images/100k/val/c1c91c87-beecba09.jpg,5462474395,68562,69961,8,6745113f
eval_images,solesensei,images/val,flat,bdd100k/bdd100k/images/100k/val/c60327b4-f096274e.jpg,5563915582,52529,53153,8,32743c7a
eval_images,solesensei,images/val,flat,bdd100k/bdd100k/images/100k/val/bbf2ad0f-5458cb78.jpg,5324628785,52852,55607,8,d25063c8
eval_images,solesensei,images/val,flat,bdd100k/bdd100k/images/100k/val/bbe207fc-fdb1b49f.jpg,5323179567,53143,55267,8,acca2087
eval_images,solesensei,images/val,flat,bdd100k/bdd100k/images/100k/val/c3e986e8-1d7a6ddc.jpg,5510940163,54218,54898,8,8a0f19f1
eval_images,solesensei,images/val,flat,bdd100k/bdd100k/images/100k/val/c8ef6dea-8a327e57.jpg,5628853657,39492,42014,8,8b040968
eval_images,solesensei,images/val,flat,bdd100k/bdd100k/images/100k/val/bb6575eb-90478df6.jpg,5311072808,51011,52972,8,184d78ce
eval_images,solesensei,images/val,flat,bdd100k/bdd100k/images/100k/val/b305fc0b-ec8916d5.jpg,5125715478,38799,40546,8,7631f843
eval_images,solesensei,images/val,flat,bdd100k/bdd100k/images/100k/val/b7205754-4faa3862.jpg,5220028826,53001,54400,8,66333bbf
eval_images,solesensei,images/val,flat,bdd100k/bdd100k/images/100k/val/c86c1d47-6c425e8f.jpg,5616691163,55177,57899,8,ed5ff2af
eval_images,solesensei,images/val,flat,bdd100k/bdd100k/images/100k/val/bbc0f7ea-3435af88.jpg,5320165059,44817,47006,8,d6c45d25
eval_images,solesensei,images/val,flat,bdd100k/bdd100k/images/100k/val/bf7e1159-054559d2.jpg,5403747869,36538,38457,8,8317176e
eval_images,solesensei,images/val,flat,bdd100k/bdd100k/images/100k/val/c75a249b-f1341238.jpg,5594802456,52442,53185,8,d181c4ec
eval_images,solesensei,images/val,flat,bdd100k/bdd100k/images/100k/val/c249fd49-2b590a59.jpg,5474308217,36105,39289,8,08e9e78e
eval_images,solesensei,images/val,flat,bdd100k/bdd100k/images/100k/val/bf29e65c-53d90f54.jpg,5397971694,76932,77832,8,707f7599
eval_images,solesensei,images/val,flat,bdd100k/bdd100k/images/100k/val/c953eb9b-25d6c90f.jpg,5639507362,60235,61639,8,021e2514
eval_images,solesensei,images/val,flat,bdd100k/bdd100k/images/100k/val/bd46bba0-2990928d.jpg,5354215704,61966,63285,8,04f99acd
eval_images,solesensei,images/val,flat,bdd100k/bdd100k/images/100k/val/be00866b-4eba6f90.jpg,5371315347,63651,64685,8,c858f4de
eval_images,solesensei,images/val,flat,bdd100k/bdd100k/images/100k/val/b82f7901-62715883.jpg,5245310788,117181,117605,8,ab53b2b2
eval_images,solesensei,images/val,flat,bdd100k/bdd100k/images/100k/val/b84a1117-3673ce8a.jpg,5247620743,57869,59264,8,1c575b08
eval_images,solesensei,images/val,flat,bdd100k/bdd100k/images/100k/val/b44a7e5f-1db66cfe.jpg,5152605133,37688,39430,8,2dd34d36
eval_images,solesensei,images/val,flat,bdd100k/bdd100k/images/100k/val/c6549c4a-35d928df.jpg,5570436857,47979,48597,8,613d0ebc
eval_images,solesensei,images/val,flat,bdd100k/bdd100k/images/100k/val/bcc84a33-2b38c69f.jpg,5344343220,69661,70640,8,05c59f79
eval_images,solesensei,images/val,flat,bdd100k/bdd100k/images/100k/val/b743b808-c7c4e44d.jpg,5223775164,80992,81639,8,d7d70ded
eval_images,solesensei,images/val,flat,bdd100k/bdd100k/images/100k/val/b2f48fc3-eda0e217.jpg,5124424484,86514,87022,8,0cfc8e6f
eval_images,solesensei,images/val,flat,bdd100k/bdd100k/images/100k/val/c874ddc1-d660401e.jpg,5617363609,47318,48032,8,645caa66
eval_images,solesensei,images/val,flat,bdd100k/bdd100k/images/100k/val/ba479cb3-a99a833a.jpg,5287278465,59896,60641,8,25e891bb
eval_images,solesensei,images/val,flat,bdd100k/bdd100k/images/100k/val/c37360b7-70c0e672.jpg,5498953478,70277,70918,8,11060dbb
eval_images,solesensei,images/val,flat,bdd100k/bdd100k/images/100k/val/ca25cf74-7cb42159.jpg,5657001540,63030,63871,8,6fad4432
eval_images,solesensei,images/val,flat,bdd100k/bdd100k/images/100k/val/b6741a2c-5fd7704c.jpg,5204479542,48909,49749,8,33a03ab9
eval_images,solesensei,images/val,flat,bdd100k/bdd100k/images/100k/val/c5c7c186-2f98e734.jpg,5557714834,55059,55744,8,d756a926
eval_images,solesensei,images/val,flat,bdd100k/bdd100k/images/100k/val/b35a415a-02526f57.jpg,5131900816,94299,95035,8,b9ebda61
eval_images,solesensei,images/val,flat,bdd100k/bdd100k/images/100k/val/c81f9adc-855868f5.jpg,5610114723,75385,75658,8,09628669
eval_images,solesensei,images/val,flat,bdd100k/bdd100k/images/100k/val/ba147ca3-583de3f4.jpg,5283410372,80866,81203,8,fe662252
eval_images,solesensei,images/val,flat,bdd100k/bdd100k/images/100k/val/b5465c6e-5b162b85.jpg,5176965659,30728,32940,8,632a2f0c
eval_images,solesensei,images/val,flat,bdd100k/bdd100k/images/100k/val/c5a11aec-af855969.jpg,5552980649,76419,76853,8,a4c06526
eval_images,solesensei,images/val,flat,bdd100k/bdd100k/images/100k/val/c94c8cef-e3a67ff5.jpg,5639007605,101677,102548,8,706332d3
eval_images,solesensei,images/val,flat,bdd100k/bdd100k/images/100k/val/c1ed2bc1-3d9c0425.jpg,5464675743,49545,50484,8,2855cbc2
eval_images,solesensei,images/val,flat,bdd100k/bdd100k/images/100k/val/c58ace84-1b30e5a5.jpg,5551162619,85605,85902,8,3cbb81cf
eval_images,solesensei,images/val,flat,bdd100k/bdd100k/images/100k/val/b8b0554a-ecca669e.jpg,5255497094,52324,53180,8,7187cfb9
eval_images,solesensei,images/val,flat,bdd100k/bdd100k/images/100k/val/b2aefccb-24d289a9.jpg,5118920695,44970,45911,8,89b72bf9
eval_images,solesensei,images/val,flat,bdd100k/bdd100k/images/100k/val/b2e54795-0a58624f.jpg,5122893651,88498,89128,8,79aa8880
eval_images,solesensei,images/val,flat,bdd100k/bdd100k/images/100k/val/bb2f678a-9364842a.jpg,5306556875,69301,71284,8,230ab012
eval_images,solesensei,images/val,flat,bdd100k/bdd100k/images/100k/val/b7dc9921-fcfe3332.jpg,5239113786,35709,37548,8,5f67d2b7
eval_images,solesensei,images/val,flat,bdd100k/bdd100k/images/100k/val/c1f279ae-67dfd217.jpg,5465003853,44867,45677,8,61973dbd
eval_images,solesensei,images/val,flat,bdd100k/bdd100k/images/100k/val/c877ac5b-56eb96fb.jpg,5617822059,46140,47467,8,bea02f5a
eval_images,solesensei,images/val,flat,bdd100k/bdd100k/images/100k/val/b7dbe50a-3738a448.jpg,5238975028,39534,41268,8,1e0e66c3
eval_images,solesensei,images/val,flat,bdd100k/bdd100k/images/100k/val/bb49071c-4b99a704.jpg,5308912554,46266,46826,8,53dcbedb
eval_images,solesensei,images/val,flat,bdd100k/bdd100k/images/100k/val/b5ecfd7e-fcdaceb0.jpg,5193593884,92282,92503,8,d969aed8
eval_images,solesensei,images/val,flat,bdd100k/bdd100k/images/100k/val/c2e3fe05-fa312f4d.jpg,5485654898,50795,52101,8,eac4186e
eval_images,solesensei,images/val,flat,bdd100k/bdd100k/images/100k/val/b5450d0c-ccc3fb86.jpg,5176526731,42103,43050,8,15ec4cc6
eval_images,solesensei,images/val,flat,bdd100k/bdd100k/images/100k/val/c21defc7-61b5e22a.jpg,5470916095,75572,76024,8,63c5436d
eval_images,solesensei,images/val,flat,bdd100k/bdd100k/images/100k/val/bed4ed94-7b8c51c7.jpg,5389754859,51154,52321,8,d7b8577c
eval_images,solesensei,images/val,flat,bdd100k/bdd100k/images/100k/val/b5046f1e-fa3ac127.jpg,5172004789,71732,72427,8,b60de5cb
eval_images,solesensei,images/val,flat,bdd100k/bdd100k/images/100k/val/c7cc0645-95e6a224.jpg,5604356706,46290,47648,8,76838ded
eval_images,solesensei,images/val,flat,bdd100k/bdd100k/images/100k/val/c7e6d5d1-c8af9fe3.jpg,5605879400,53601,54565,8,686e349d
semseg,solesensei,images/sem_seg_val,strip:3,bdd100k_seg/bdd100k/seg/color_labels/val/7ed0f644-ac730001_train_color.png,6959719866,7399,9705,8,fdbc6137
semseg,solesensei,images/sem_seg_val,strip:3,bdd100k_seg/bdd100k/seg/color_labels/val/7f121a33-526f912b_train_color.png,6959850208,8442,11468,8,27f403e2
semseg,solesensei,images/sem_seg_val,strip:3,bdd100k_seg/bdd100k/seg/color_labels/val/7ff455ce-00000000_train_color.png,6959978659,14726,16602,8,f221dee2
semseg,solesensei,images/sem_seg_val,strip:3,bdd100k_seg/bdd100k/seg/color_labels/val/802a25f8-ebab0cb7_train_color.png,6959993509,12381,14223,8,9f165d25
semseg,solesensei,images/sem_seg_val,strip:3,bdd100k_seg/bdd100k/seg/color_labels/val/80b25f81-00000000_train_color.png,6960131746,16552,18048,8,42a66680
semseg,solesensei,images/sem_seg_val,strip:3,bdd100k_seg/bdd100k/seg/color_labels/val/80c62ee8-84822a04_train_color.png,6960172055,16266,17726,8,f3e9aeed
semseg,solesensei,images/sem_seg_val,strip:3,bdd100k_seg/bdd100k/seg/color_labels/val/8119e56e-00000000_train_color.png,6960385724,15593,17481,8,321e9697
semseg,solesensei,images/sem_seg_val,strip:3,bdd100k_seg/bdd100k/seg/color_labels/val/817f730e-410c320c_train_color.png,6960446906,11874,13897,8,e67ebc7e
semseg,solesensei,images/sem_seg_val,strip:3,bdd100k_seg/bdd100k/seg/color_labels/val/81ae7cbb-6bc63a4a_train_color.png,6960497159,13259,15099,8,4a00217d
semseg,solesensei,images/sem_seg_val,strip:3,bdd100k_seg/bdd100k/seg/color_labels/val/83d03917-00000000_train_color.png,6960891389,14530,16415,8,f1409b03
semseg,solesensei,images/sem_seg_val,strip:3,bdd100k_seg/bdd100k/seg/color_labels/val/85554839-00000000_train_color.png,6961218189,12901,14673,8,6e96b1da
semseg,solesensei,images/sem_seg_val,strip:3,bdd100k_seg/bdd100k/seg/color_labels/val/8ac5ec86-cddfb983_train_color.png,6962081761,12487,14053,8,b86a6f02
semseg,solesensei,images/sem_seg_val,strip:3,bdd100k_seg/bdd100k/seg/color_labels/val/8b38e147-2cf67009_train_color.png,6962211428,14344,15952,8,4c266f7c
semseg,solesensei,images/sem_seg_val,strip:3,bdd100k_seg/bdd100k/seg/color_labels/val/8babac25-00000000_train_color.png,6962420459,15817,17431,8,d5037eb5
semseg,solesensei,images/sem_seg_val,strip:3,bdd100k_seg/bdd100k/seg/color_labels/val/8fb443a3-00000000_train_color.png,6963476869,16461,18196,8,1e35966a
semseg,solesensei,images/sem_seg_val,strip:3,bdd100k_seg/bdd100k/seg/color_labels/val/920744c3-00000000_train_color.png,6964002662,16232,18224,8,e89ab361
semseg,solesensei,images/sem_seg_val,strip:3,bdd100k_seg/bdd100k/seg/color_labels/val/952ae034-3ca44502_train_color.png,6964413111,11685,13425,8,9df593eb
semseg,solesensei,images/sem_seg_val,strip:3,bdd100k_seg/bdd100k/seg/color_labels/val/96b2a375-cd3d781a_train_color.png,6964727105,11500,13632,8,1aa1d157
semseg,solesensei,images/sem_seg_val,strip:3,bdd100k_seg/bdd100k/seg/color_labels/val/970da07f-00000000_train_color.png,6964813906,17495,19433,8,52b50fe6
semseg,solesensei,images/sem_seg_val,strip:3,bdd100k_seg/bdd100k/seg/color_labels/val/97880acc-e6bec03d_train_color.png,6964935632,17745,19445,8,ba9437e1
semseg,solesensei,images/sem_seg_val,strip:3,bdd100k_seg/bdd100k/seg/color_labels/val/9b2f8e46-00000000_train_color.png,6965852940,12396,14669,8,cdc3f4f1
semseg,solesensei,images/sem_seg_val,strip:3,bdd100k_seg/bdd100k/seg/color_labels/val/9c150253-72086feb_train_color.png,6966180362,10750,13381,8,b40bf0ca
semseg,solesensei,images/sem_seg_val,strip:3,bdd100k_seg/bdd100k/seg/color_labels/val/9cc5345c-096b562a_train_color.png,6966377412,9077,11911,8,2e70d891
semseg,solesensei,images/sem_seg_val,strip:3,bdd100k_seg/bdd100k/seg/color_labels/val/9dbd0a28-f14126ed_train_color.png,6966550710,17582,19407,8,ee327746
semseg,solesensei,images/sem_seg_val,strip:3,bdd100k_seg/bdd100k/seg/color_labels/val/9e9342d8-f17b592a_train_color.png,6966755152,14258,16102,8,439561f8
semseg,solesensei,images/sem_seg_val,strip:3,bdd100k_seg/bdd100k/seg/color_labels/val/a2ae40f3-00000000_train_color.png,6967634500,13411,16128,8,52fb058c
semseg,solesensei,images/sem_seg_val,strip:3,bdd100k_seg/bdd100k/seg/color_labels/val/a91b7555-00000535_train_color.png,6969913171,11194,13116,8,7a85df8a
semseg,solesensei,images/sem_seg_val,strip:3,bdd100k_seg/bdd100k/seg/color_labels/val/a91b7555-00000575_train_color.png,6969981901,14450,15952,8,0e34de88
semseg,solesensei,images/sem_seg_val,strip:3,bdd100k_seg/bdd100k/seg/color_labels/val/a91b7555-00001180_train_color.png,6971171603,16483,18224,8,fcdf7e8a
semseg,solesensei,images/sem_seg_val,strip:3,bdd100k_seg/bdd100k/seg/color_labels/val/a9d87170-00000000_train_color.png,6971721055,13152,16131,8,e884eb72
semseg,solesensei,images/sem_seg_val,strip:3,bdd100k_seg/bdd100k/seg/images/val/7ed0f644-ac730001.jpg,7932060667,38178,40289,8,a6089af6
semseg,solesensei,images/sem_seg_val,strip:3,bdd100k_seg/bdd100k/seg/images/val/7f121a33-526f912b.jpg,7933532824,185400,185497,8,9c8e2759
semseg,solesensei,images/sem_seg_val,strip:3,bdd100k_seg/bdd100k/seg/images/val/7ff455ce-00000000.jpg,7935062411,92210,92996,8,bde85c2e
semseg,solesensei,images/sem_seg_val,strip:3,bdd100k_seg/bdd100k/seg/images/val/802a25f8-ebab0cb7.jpg,7935154727,261096,261219,8,33045154
semseg,solesensei,images/sem_seg_val,strip:3,bdd100k_seg/bdd100k/seg/images/val/80b25f81-00000000.jpg,7937688531,68053,68501,8,8212cc12
semseg,solesensei,images/sem_seg_val,strip:3,bdd100k_seg/bdd100k/seg/images/val/80c62ee8-84822a04.jpg,7938403628,307947,308325,8,6e161589
semseg,solesensei,images/sem_seg_val,strip:3,bdd100k_seg/bdd100k/seg/images/val/8119e56e-00000000.jpg,7942026077,115191,115382,8,8156c612
semseg,solesensei,images/sem_seg_val,strip:3,bdd100k_seg/bdd100k/seg/images/val/817f730e-410c320c.jpg,7942431871,282294,282371,8,c280a848
semseg,solesensei,images/sem_seg_val,strip:3,bdd100k_seg/bdd100k/seg/images/val/81ae7cbb-6bc63a4a.jpg,7943501059,149613,169729,8,9439a8b0
semseg,solesensei,images/sem_seg_val,strip:3,bdd100k_seg/bdd100k/seg/images/val/83d03917-00000000.jpg,7947611989,63001,65627,8,f2309c09
semseg,solesensei,images/sem_seg_val,strip:3,bdd100k_seg/bdd100k/seg/images/val/85554839-00000000.jpg,7951919684,106209,106333,8,67f93777
semseg,solesensei,images/sem_seg_val,strip:3,bdd100k_seg/bdd100k/seg/images/val/8ac5ec86-cddfb983.jpg,7961927089,265840,266433,8,697bd443
semseg,solesensei,images/sem_seg_val,strip:3,bdd100k_seg/bdd100k/seg/images/val/8b38e147-2cf67009.jpg,7963589523,291729,291967,8,b592f1ef
semseg,solesensei,images/sem_seg_val,strip:3,bdd100k_seg/bdd100k/seg/images/val/8babac25-00000000.jpg,7966281657,153092,153189,8,7d61fc67
semseg,solesensei,images/sem_seg_val,strip:3,bdd100k_seg/bdd100k/seg/images/val/8fb443a3-00000000.jpg,7981985995,84754,87124,8,a79f3190
semseg,solesensei,images/sem_seg_val,strip:3,bdd100k_seg/bdd100k/seg/images/val/920744c3-00000000.jpg,7987327788,112042,113361,8,0bfdd5e4
semseg,solesensei,images/sem_seg_val,strip:3,bdd100k_seg/bdd100k/seg/images/val/952ae034-3ca44502.jpg,7991899757,382613,382742,8,4478ec3a
semseg,solesensei,images/sem_seg_val,strip:3,bdd100k_seg/bdd100k/seg/images/val/96b2a375-cd3d781a.jpg,7996636053,291898,292958,8,76336ce1
semseg,solesensei,images/sem_seg_val,strip:3,bdd100k_seg/bdd100k/seg/images/val/970da07f-00000000.jpg,7997643910,93011,93508,8,d4d695ff
semseg,solesensei,images/sem_seg_val,strip:3,bdd100k_seg/bdd100k/seg/images/val/97880acc-e6bec03d.jpg,7998952668,188930,212464,8,d4b383e7
semseg,solesensei,images/sem_seg_val,strip:3,bdd100k_seg/bdd100k/seg/images/val/9b2f8e46-00000000.jpg,8011562470,76913,78352,8,cb0cdf71
semseg,solesensei,images/sem_seg_val,strip:3,bdd100k_seg/bdd100k/seg/images/val/9c150253-72086feb.jpg,8016981918,174069,174184,8,71201f99
semseg,solesensei,images/sem_seg_val,strip:3,bdd100k_seg/bdd100k/seg/images/val/9cc5345c-096b562a.jpg,8020599783,180138,180507,8,0e38e780
semseg,solesensei,images/sem_seg_val,strip:3,bdd100k_seg/bdd100k/seg/images/val/9dbd0a28-f14126ed.jpg,8023343507,275584,275776,8,4d416ddf
semseg,solesensei,images/sem_seg_val,strip:3,bdd100k_seg/bdd100k/seg/images/val/9e9342d8-f17b592a.jpg,8026482929,291884,292023,8,41829d94
semseg,solesensei,images/sem_seg_val,strip:3,bdd100k_seg/bdd100k/seg/images/val/a2ae40f3-00000000.jpg,8037540652,91208,91535,8,cf375329
semseg,solesensei,images/sem_seg_val,strip:3,bdd100k_seg/bdd100k/seg/images/val/a91b7555-00000535.jpg,8058569971,86756,87289,8,19907e26
semseg,solesensei,images/sem_seg_val,strip:3,bdd100k_seg/bdd100k/seg/images/val/a91b7555-00000575.jpg,8059069286,114733,115146,8,42b9b00b
semseg,solesensei,images/sem_seg_val,strip:3,bdd100k_seg/bdd100k/seg/images/val/a91b7555-00001180.jpg,8067394491,92994,93667,8,d2c197c8
semseg,solesensei,images/sem_seg_val,strip:3,bdd100k_seg/bdd100k/seg/images/val/a9d87170-00000000.jpg,8071859449,92150,95312,8,8dd00194
semseg,solesensei,images/sem_seg_val,strip:3,bdd100k_seg/bdd100k/seg/labels/val/7ed0f644-ac730001_train_id.png,8139063744,5852,6399,8,003b65d8
semseg,solesensei,images/sem_seg_val,strip:3,bdd100k_seg/bdd100k/seg/labels/val/7f121a33-526f912b_train_id.png,8139161312,6404,7055,8,98232131
semseg,solesensei,images/sem_seg_val,strip:3,bdd100k_seg/bdd100k/seg/labels/val/7ff455ce-00000000_train_id.png,8139256651,10677,11178,8,d08f17c3
semseg,solesensei,images/sem_seg_val,strip:3,bdd100k_seg/bdd100k/seg/labels/val/802a25f8-ebab0cb7_train_id.png,8139267443,9191,9565,8,f4dd655c
semseg,solesensei,images/sem_seg_val,strip:3,bdd100k_seg/bdd100k/seg/labels/val/80b25f81-00000000_train_id.png,8139370957,12148,12333,8,156d465d
semseg,solesensei,images/sem_seg_val,strip:3,bdd100k_seg/bdd100k/seg/labels/val/80c62ee8-84822a04_train_id.png,8139401069,11993,12141,8,ff31bdc1
semseg,solesensei,images/sem_seg_val,strip:3,bdd100k_seg/bdd100k/seg/labels/val/8119e56e-00000000_train_id.png,8139558022,11032,11517,8,b1039e6b
semseg,solesensei,images/sem_seg_val,strip:3,bdd100k_seg/bdd100k/seg/labels/val/817f730e-410c320c_train_id.png,8139602810,9030,9472,8,6e4a1213
semseg,solesensei,images/sem_seg_val,strip:3,bdd100k_seg/bdd100k/seg/labels/val/81ae7cbb-6bc63a4a_train_id.png,8139641361,9922,10180,8,ab740793
semseg,solesensei,images/sem_seg_val,strip:3,bdd100k_seg/bdd100k/seg/labels/val/83d03917-00000000_train_id.png,8139932222,10795,11282,8,9652de39
semseg,solesensei,images/sem_seg_val,strip:3,bdd100k_seg/bdd100k/seg/labels/val/85554839-00000000_train_id.png,8140175984,9378,9491,8,846af16b
semseg,solesensei,images/sem_seg_val,strip:3,bdd100k_seg/bdd100k/seg/labels/val/8ac5ec86-cddfb983_train_id.png,8140812902,9864,9961,8,f67f1dd6
semseg,solesensei,images/sem_seg_val,strip:3,bdd100k_seg/bdd100k/seg/labels/val/8b38e147-2cf67009_train_id.png,8140908817,11017,11118,8,e929120e
semseg,solesensei,images/sem_seg_val,strip:3,bdd100k_seg/bdd100k/seg/labels/val/8babac25-00000000_train_id.png,8141065885,11462,11762,8,54f74118
semseg,solesensei,images/sem_seg_val,strip:3,bdd100k_seg/bdd100k/seg/labels/val/8fb443a3-00000000_train_id.png,8141850976,11606,11877,8,b37b35da
semseg,solesensei,images/sem_seg_val,strip:3,bdd100k_seg/bdd100k/seg/labels/val/920744c3-00000000_train_id.png,8142240913,11317,11826,8,37a315d7
semseg,solesensei,images/sem_seg_val,strip:3,bdd100k_seg/bdd100k/seg/labels/val/952ae034-3ca44502_train_id.png,8142545521,8752,9014,8,6a0b461d
semseg,solesensei,images/sem_seg_val,strip:3,bdd100k_seg/bdd100k/seg/labels/val/96b2a375-cd3d781a_train_id.png,8142778922,8740,9245,8,c494bb0f
semseg,solesensei,images/sem_seg_val,strip:3,bdd100k_seg/bdd100k/seg/labels/val/970da07f-00000000_train_id.png,8142843088,12283,12821,8,206eac0d
semseg,solesensei,images/sem_seg_val,strip:3,bdd100k_seg/bdd100k/seg/labels/val/97880acc-e6bec03d_train_id.png,8142933886,12867,13378,8,a8ae9271
semseg,solesensei,images/sem_seg_val,strip:3,bdd100k_seg/bdd100k/seg/labels/val/9b2f8e46-00000000_train_id.png,8143614334,8902,9539,8,e9eed746
semseg,solesensei,images/sem_seg_val,strip:3,bdd100k_seg/bdd100k/seg/labels/val/9c150253-72086feb_train_id.png,8143861020,7804,8246,8,bd847cf2
semseg,solesensei,images/sem_seg_val,strip:3,bdd100k_seg/bdd100k/seg/labels/val/9cc5345c-096b562a_train_id.png,8144007183,6961,7420,8,10f8a56e
semseg,solesensei,images/sem_seg_val,strip:3,bdd100k_seg/bdd100k/seg/labels/val/9dbd0a28-f14126ed_train_id.png,8144138771,12653,13073,8,172929b1
semseg,solesensei,images/sem_seg_val,strip:3,bdd100k_seg/bdd100k/seg/labels/val/9e9342d8-f17b592a_train_id.png,8144290628,10397,10871,8,536a3885
semseg,solesensei,images/sem_seg_val,strip:3,bdd100k_seg/bdd100k/seg/labels/val/a2ae40f3-00000000_train_id.png,8144945505,9512,10258,8,82f02fd7
semseg,solesensei,images/sem_seg_val,strip:3,bdd100k_seg/bdd100k/seg/labels/val/a91b7555-00000535_train_id.png,8146644831,8803,9113,8,2a4bf889
semseg,solesensei,images/sem_seg_val,strip:3,bdd100k_seg/bdd100k/seg/labels/val/a91b7555-00000575_train_id.png,8146697511,10827,11151,8,7a6aeba1
semseg,solesensei,images/sem_seg_val,strip:3,bdd100k_seg/bdd100k/seg/labels/val/a91b7555-00001180_train_id.png,8147584315,11816,12128,8,d31bd27d
semseg,solesensei,images/sem_seg_val,strip:3,bdd100k_seg/bdd100k/seg/labels/val/a9d87170-00000000_train_id.png,8147993752,9036,9904,8,915ef56c
mot_labels,mot_labels,labels,strip:2,bdd100k/labels/box_track_20/val/b1d968b9-ce42734f.json,5260753178,104092,1502367,8,3a0a146f
mot_labels,mot_labels,labels,strip:2,bdd100k/labels/box_track_20/val/b1f4491b-cf446195.json,5258478868,176618,1397269,8,5405f0f9
mot_labels,mot_labels,labels,strip:2,bdd100k/labels/box_track_20/val/b1ff4656-0435391e.json,5255991239,118228,1103015,8,dd1abacc
mot_labels,mot_labels,labels,strip:2,bdd100k/labels/box_track_20/val/b204a5c1-064b0040.json,5264288322,92119,946492,8,ec152a29
mot_labels,mot_labels,labels,strip:2,bdd100k/labels/box_track_20/val/b2064e61-2beadd45.json,5267559536,95719,1045730,8,e827ccc7
mot_labels,mot_labels,labels,strip:2,bdd100k/labels/box_track_20/val/b20e291a-6012d836.json,5259763521,95190,1085728,8,137ba1c7
mot_labels,mot_labels,labels,strip:2,bdd100k/labels/box_track_20/val/b23adb0d-8a7aaced.json,5262906185,119336,920767,8,89fafca4
mot_frames,mot_val1,mot,strip:1,bdd100k/images/track/val/b1d968b9-ce42734f/b1d968b9-ce42734f-0000001.jpg,421517030,158398,159461,8,3ae7ecc1
mot_frames,mot_val1,mot,strip:1,bdd100k/images/track/val/b1d968b9-ce42734f/b1d968b9-ce42734f-0000002.jpg,417336502,155307,156075,8,7dbc350e
mot_frames,mot_val1,mot,strip:1,bdd100k/images/track/val/b1d968b9-ce42734f/b1d968b9-ce42734f-0000003.jpg,411846123,152513,153217,8,da5b438f
mot_frames,mot_val1,mot,strip:1,bdd100k/images/track/val/b1d968b9-ce42734f/b1d968b9-ce42734f-0000004.jpg,412573690,128355,129054,8,319cc339
mot_frames,mot_val1,mot,strip:1,bdd100k/images/track/val/b1d968b9-ce42734f/b1d968b9-ce42734f-0000005.jpg,417203027,133345,133949,8,c00b9585
mot_frames,mot_val1,mot,strip:1,bdd100k/images/track/val/b1d968b9-ce42734f/b1d968b9-ce42734f-0000006.jpg,422077234,155113,155695,8,c8257d32
mot_frames,mot_val1,mot,strip:1,bdd100k/images/track/val/b1d968b9-ce42734f/b1d968b9-ce42734f-0000007.jpg,433980226,157748,158425,8,21cb9cdc
mot_frames,mot_val1,mot,strip:1,bdd100k/images/track/val/b1d968b9-ce42734f/b1d968b9-ce42734f-0000008.jpg,422799969,168338,168966,8,d5392bbf
mot_frames,mot_val1,mot,strip:1,bdd100k/images/track/val/b1d968b9-ce42734f/b1d968b9-ce42734f-0000009.jpg,433608807,159321,159916,8,c8b7e0cc
mot_frames,mot_val1,mot,strip:1,bdd100k/images/track/val/b1d968b9-ce42734f/b1d968b9-ce42734f-0000010.jpg,429418284,152184,152983,8,ed4d2b49
mot_frames,mot_val1,mot,strip:1,bdd100k/images/track/val/b1d968b9-ce42734f/b1d968b9-ce42734f-0000011.jpg,434742060,164359,164901,8,009475cf
mot_frames,mot_val1,mot,strip:1,bdd100k/images/track/val/b1d968b9-ce42734f/b1d968b9-ce42734f-0000012.jpg,404785263,154462,155223,8,9e09701b
mot_frames,mot_val1,mot,strip:1,bdd100k/images/track/val/b1d968b9-ce42734f/b1d968b9-ce42734f-0000013.jpg,415994509,151629,152388,8,17f19540
mot_frames,mot_val1,mot,strip:1,bdd100k/images/track/val/b1d968b9-ce42734f/b1d968b9-ce42734f-0000014.jpg,416686582,142245,143126,8,7e98add2
mot_frames,mot_val1,mot,strip:1,bdd100k/images/track/val/b1d968b9-ce42734f/b1d968b9-ce42734f-0000015.jpg,404654704,130429,131260,8,e71a84c6
mot_frames,mot_val1,mot,strip:1,bdd100k/images/track/val/b1d968b9-ce42734f/b1d968b9-ce42734f-0000016.jpg,435737450,122423,123587,8,98c53629
mot_frames,mot_val1,mot,strip:1,bdd100k/images/track/val/b1d968b9-ce42734f/b1d968b9-ce42734f-0000017.jpg,429296461,121693,123021,8,515ebc7a
mot_frames,mot_val1,mot,strip:1,bdd100k/images/track/val/b1d968b9-ce42734f/b1d968b9-ce42734f-0000018.jpg,436000776,125053,126222,8,9eba1386
mot_frames,mot_val1,mot,strip:1,bdd100k/images/track/val/b1d968b9-ce42734f/b1d968b9-ce42734f-0000019.jpg,428539696,133152,134267,8,87775611
mot_frames,mot_val1,mot,strip:1,bdd100k/images/track/val/b1d968b9-ce42734f/b1d968b9-ce42734f-0000020.jpg,408100709,127052,128277,8,31f22f6c
mot_frames,mot_val1,mot,strip:1,bdd100k/images/track/val/b1d968b9-ce42734f/b1d968b9-ce42734f-0000021.jpg,412882437,126225,127854,8,b4373a1e
mot_frames,mot_val1,mot,strip:1,bdd100k/images/track/val/b1d968b9-ce42734f/b1d968b9-ce42734f-0000022.jpg,426566728,125634,127203,8,44f9ff30
mot_frames,mot_val1,mot,strip:1,bdd100k/images/track/val/b1d968b9-ce42734f/b1d968b9-ce42734f-0000023.jpg,438460414,121282,122602,8,63453760
mot_frames,mot_val1,mot,strip:1,bdd100k/images/track/val/b1d968b9-ce42734f/b1d968b9-ce42734f-0000024.jpg,438581826,125779,127038,8,e92231c8
mot_frames,mot_val1,mot,strip:1,bdd100k/images/track/val/b1d968b9-ce42734f/b1d968b9-ce42734f-0000025.jpg,425771446,120802,121989,8,9929566b
mot_frames,mot_val1,mot,strip:1,bdd100k/images/track/val/b1d968b9-ce42734f/b1d968b9-ce42734f-0000026.jpg,413224811,123656,124712,8,60c4fbb7
mot_frames,mot_val1,mot,strip:1,bdd100k/images/track/val/b1d968b9-ce42734f/b1d968b9-ce42734f-0000027.jpg,407612088,131296,131960,8,ac9f855f
mot_frames,mot_val1,mot,strip:1,bdd100k/images/track/val/b1d968b9-ce42734f/b1d968b9-ce42734f-0000028.jpg,413534205,126670,127368,8,cda2ee0f
mot_frames,mot_val1,mot,strip:1,bdd100k/images/track/val/b1d968b9-ce42734f/b1d968b9-ce42734f-0000029.jpg,406959865,125960,126624,8,bed22a25
mot_frames,mot_val1,mot,strip:1,bdd100k/images/track/val/b1d968b9-ce42734f/b1d968b9-ce42734f-0000030.jpg,420994328,129880,130604,8,fa4947d4
mot_frames,mot_val1,mot,strip:1,bdd100k/images/track/val/b1d968b9-ce42734f/b1d968b9-ce42734f-0000031.jpg,409039049,120108,120989,8,6be28886
mot_frames,mot_val1,mot,strip:1,bdd100k/images/track/val/b1d968b9-ce42734f/b1d968b9-ce42734f-0000032.jpg,431168345,115639,116850,8,7596421e
mot_frames,mot_val1,mot,strip:1,bdd100k/images/track/val/b1d968b9-ce42734f/b1d968b9-ce42734f-0000033.jpg,425043548,114740,115682,8,36311753
mot_frames,mot_val1,mot,strip:1,bdd100k/images/track/val/b1d968b9-ce42734f/b1d968b9-ce42734f-0000034.jpg,425158418,118038,118930,8,b3c98b51
mot_frames,mot_val1,mot,strip:1,bdd100k/images/track/val/b1d968b9-ce42734f/b1d968b9-ce42734f-0000035.jpg,430198945,124191,125180,8,bd9798e9
mot_frames,mot_val1,mot,strip:1,bdd100k/images/track/val/b1d968b9-ce42734f/b1d968b9-ce42734f-0000036.jpg,409159287,117707,118829,8,19367fd7
mot_frames,mot_val1,mot,strip:1,bdd100k/images/track/val/b1d968b9-ce42734f/b1d968b9-ce42734f-0000037.jpg,420108804,122434,123612,8,ddede9df
mot_frames,mot_val1,mot,strip:1,bdd100k/images/track/val/b1d968b9-ce42734f/b1d968b9-ce42734f-0000038.jpg,409630059,128397,129767,8,02b802bd
mot_frames,mot_val1,mot,strip:1,bdd100k/images/track/val/b1d968b9-ce42734f/b1d968b9-ce42734f-0000039.jpg,419704845,130508,131770,8,132f050f
mot_frames,mot_val1,mot,strip:1,bdd100k/images/track/val/b1d968b9-ce42734f/b1d968b9-ce42734f-0000040.jpg,431658587,131933,133265,8,c16144f4
mot_frames,mot_val1,mot,strip:1,bdd100k/images/track/val/b1d968b9-ce42734f/b1d968b9-ce42734f-0000041.jpg,424340400,124611,126288,8,ee4d7a3f
mot_frames,mot_val1,mot,strip:1,bdd100k/images/track/val/b1d968b9-ce42734f/b1d968b9-ce42734f-0000042.jpg,419183282,123583,125322,8,52205619
mot_frames,mot_val1,mot,strip:1,bdd100k/images/track/val/b1d968b9-ce42734f/b1d968b9-ce42734f-0000043.jpg,410185012,118934,120413,8,845d5273
mot_frames,mot_val1,mot,strip:1,bdd100k/images/track/val/b1d968b9-ce42734f/b1d968b9-ce42734f-0000044.jpg,409915659,111471,112709,8,069ec64f
mot_frames,mot_val1,mot,strip:1,bdd100k/images/track/val/b1d968b9-ce42734f/b1d968b9-ce42734f-0000045.jpg,420006581,102093,103257,8,a3b0f640
mot_frames,mot_val1,mot,strip:1,bdd100k/images/track/val/b1d968b9-ce42734f/b1d968b9-ce42734f-0000046.jpg,423875909,111149,112026,8,de21c336
mot_frames,mot_val1,mot,strip:1,bdd100k/images/track/val/b1d968b9-ce42734f/b1d968b9-ce42734f-0000047.jpg,432343456,111430,112283,8,a09a1dc5
mot_frames,mot_val1,mot,strip:1,bdd100k/images/track/val/b1d968b9-ce42734f/b1d968b9-ce42734f-0000048.jpg,425649006,122310,122916,8,8e58c40e
mot_frames,mot_val1,mot,strip:1,bdd100k/images/track/val/b1d968b9-ce42734f/b1d968b9-ce42734f-0000049.jpg,430665670,116377,117126,8,f0a69d6c
mot_frames,mot_val1,mot,strip:1,bdd100k/images/track/val/b1d968b9-ce42734f/b1d968b9-ce42734f-0000050.jpg,426692492,111695,112510,8,5f45788e
mot_frames,mot_val1,mot,strip:1,bdd100k/images/track/val/b1d968b9-ce42734f/b1d968b9-ce42734f-0000051.jpg,437623235,120515,121217,8,0efee61e
mot_frames,mot_val1,mot,strip:1,bdd100k/images/track/val/b1d968b9-ce42734f/b1d968b9-ce42734f-0000052.jpg,406479102,121207,121971,8,7f272417
mot_frames,mot_val1,mot,strip:1,bdd100k/images/track/val/b1d968b9-ce42734f/b1d968b9-ce42734f-0000053.jpg,414186729,127052,127670,8,730739f0
mot_frames,mot_val1,mot,strip:1,bdd100k/images/track/val/b1d968b9-ce42734f/b1d968b9-ce42734f-0000054.jpg,413860316,140923,141450,8,93e4633f
mot_frames,mot_val1,mot,strip:1,bdd100k/images/track/val/b1d968b9-ce42734f/b1d968b9-ce42734f-0000055.jpg,407286008,145154,145872,8,4b0a8ec5
mot_frames,mot_val1,mot,strip:1,bdd100k/images/track/val/b1d968b9-ce42734f/b1d968b9-ce42734f-0000056.jpg,437292434,150072,150740,8,edd197e3
mot_frames,mot_val1,mot,strip:1,bdd100k/images/track/val/b1d968b9-ce42734f/b1d968b9-ce42734f-0000057.jpg,427502978,148159,148774,8,579138f2
mot_frames,mot_val1,mot,strip:1,bdd100k/images/track/val/b1d968b9-ce42734f/b1d968b9-ce42734f-0000058.jpg,438707735,140002,140589,8,078680c6
mot_frames,mot_val1,mot,strip:1,bdd100k/images/track/val/b1d968b9-ce42734f/b1d968b9-ce42734f-0000059.jpg,425892378,152273,152874,8,5c8ac0d9
mot_frames,mot_val1,mot,strip:1,bdd100k/images/track/val/b1d968b9-ce42734f/b1d968b9-ce42734f-0000060.jpg,405569716,148929,149632,8,50979001
mot_frames,mot_val1,mot,strip:1,bdd100k/images/track/val/b1d968b9-ce42734f/b1d968b9-ce42734f-0000061.jpg,415632826,141950,142883,8,d1911bad
mot_frames,mot_val1,mot,strip:1,bdd100k/images/track/val/b1d968b9-ce42734f/b1d968b9-ce42734f-0000062.jpg,428257860,147629,148248,8,2f93814c
mot_frames,mot_val1,mot,strip:1,bdd100k/images/track/val/b1d968b9-ce42734f/b1d968b9-ce42734f-0000063.jpg,436969090,143201,143726,8,4b99413e
mot_frames,mot_val1,mot,strip:1,bdd100k/images/track/val/b1d968b9-ce42734f/b1d968b9-ce42734f-0000064.jpg,435860003,140643,141143,8,7c17bc64
mot_frames,mot_val1,mot,strip:1,bdd100k/images/track/val/b1d968b9-ce42734f/b1d968b9-ce42734f-0000065.jpg,428405619,133947,134593,8,e22dca04
mot_frames,mot_val1,mot,strip:1,bdd100k/images/track/val/b1d968b9-ce42734f/b1d968b9-ce42734f-0000066.jpg,414667352,131813,132434,8,4efab472
mot_frames,mot_val1,mot,strip:1,bdd100k/images/track/val/b1d968b9-ce42734f/b1d968b9-ce42734f-0000067.jpg,405924313,140627,141207,8,6571cbbc
mot_frames,mot_val1,mot,strip:1,bdd100k/images/track/val/b1d968b9-ce42734f/b1d968b9-ce42734f-0000068.jpg,416352648,135077,135665,8,e1ca7b6e
mot_frames,mot_val1,mot,strip:1,bdd100k/images/track/val/b1d968b9-ce42734f/b1d968b9-ce42734f-0000069.jpg,404310431,127762,128421,8,f0fb7924
mot_frames,mot_val1,mot,strip:1,bdd100k/images/track/val/b1d968b9-ce42734f/b1d968b9-ce42734f-0000070.jpg,418315867,128629,129413,8,7348f93e
mot_frames,mot_val1,mot,strip:1,bdd100k/images/track/val/b1d968b9-ce42734f/b1d968b9-ce42734f-0000071.jpg,411709645,136348,136944,8,7794530b
mot_frames,mot_val1,mot,strip:1,bdd100k/images/track/val/b1d968b9-ce42734f/b1d968b9-ce42734f-0000072.jpg,432870692,143698,144218,8,e8c95581
mot_frames,mot_val1,mot,strip:1,bdd100k/images/track/val/b1d968b9-ce42734f/b1d968b9-ce42734f-0000073.jpg,423371244,152853,153418,8,f24d7a10
mot_frames,mot_val1,mot,strip:1,bdd100k/images/track/val/b1d968b9-ce42734f/b1d968b9-ce42734f-0000074.jpg,422232477,158401,158885,8,e54b6b28
mot_frames,mot_val1,mot,strip:1,bdd100k/images/track/val/b1d968b9-ce42734f/b1d968b9-ce42734f-0000075.jpg,433014520,182147,182836,8,d5e0f740
mot_frames,mot_val1,mot,strip:1,bdd100k/images/track/val/b1d968b9-ce42734f/b1d968b9-ce42734f-0000076.jpg,410509377,163527,164526,8,52563267
mot_frames,mot_val1,mot,strip:1,bdd100k/images/track/val/b1d968b9-ce42734f/b1d968b9-ce42734f-0000077.jpg,418444626,163690,164424,8,08e94233
mot_frames,mot_val1,mot,strip:1,bdd100k/images/track/val/b1d968b9-ce42734f/b1d968b9-ce42734f-0000078.jpg,412397004,176556,177352,8,35b73f20
mot_frames,mot_val1,mot,strip:1,bdd100k/images/track/val/b1d968b9-ce42734f/b1d968b9-ce42734f-0000079.jpg,417026884,176013,176584,8,0bcff659
mot_frames,mot_val1,mot,strip:1,bdd100k/images/track/val/b1d968b9-ce42734f/b1d968b9-ce42734f-0000080.jpg,437743880,174097,174576,8,a5fb2507
mot_frames,mot_val1,mot,strip:1,bdd100k/images/track/val/b1d968b9-ce42734f/b1d968b9-ce42734f-0000081.jpg,426804317,169311,169955,8,20b71056
mot_frames,mot_val1,mot,strip:1,bdd100k/images/track/val/b1d968b9-ce42734f/b1d968b9-ce42734f-0000082.jpg,414313911,167493,168060,8,6b15ac5f
mot_frames,mot_val1,mot,strip:1,bdd100k/images/track/val/b1d968b9-ce42734f/b1d968b9-ce42734f-0000083.jpg,406600439,189731,190361,8,65a6a2f4
mot_frames,mot_val1,mot,strip:1,bdd100k/images/track/val/b1d968b9-ce42734f/b1d968b9-ce42734f-0000084.jpg,407431292,180666,181194,8,8f3ef154
mot_frames,mot_val1,mot,strip:1,bdd100k/images/track/val/b1d968b9-ce42734f/b1d968b9-ce42734f-0000085.jpg,414001369,185230,185797,8,9974a92c
mot_frames,mot_val1,mot,strip:1,bdd100k/images/track/val/b1d968b9-ce42734f/b1d968b9-ce42734f-0000086.jpg,427651267,191706,192275,8,6d00c177
mot_frames,mot_val1,mot,strip:1,bdd100k/images/track/val/b1d968b9-ce42734f/b1d968b9-ce42734f-0000087.jpg,437442636,180469,180884,8,338b2c68
mot_frames,mot_val1,mot,strip:1,bdd100k/images/track/val/b1d968b9-ce42734f/b1d968b9-ce42734f-0000088.jpg,426044781,172775,173152,8,6880c581
mot_frames,mot_val1,mot,strip:1,bdd100k/images/track/val/b1d968b9-ce42734f/b1d968b9-ce42734f-0000089.jpg,438847867,170879,171405,8,af41f23b
mot_frames,mot_val1,mot,strip:1,bdd100k/images/track/val/b1d968b9-ce42734f/b1d968b9-ce42734f-0000090.jpg,424185217,155053,155726,8,672ae0b5
mot_frames,mot_val1,mot,strip:1,bdd100k/images/track/val/b1d968b9-ce42734f/b1d968b9-ce42734f-0000091.jpg,431490705,167752,168361,8,44262b48
mot_frames,mot_val1,mot,strip:1,bdd100k/images/track/val/b1d968b9-ce42734f/b1d968b9-ce42734f-0000092.jpg,410027260,157622,158376,8,34939541
mot_frames,mot_val1,mot,strip:1,bdd100k/images/track/val/b1d968b9-ce42734f/b1d968b9-ce42734f-0000093.jpg,419026192,156960,157615,8,65028f33
mot_frames,mot_val1,mot,strip:1,bdd100k/images/track/val/b1d968b9-ce42734f/b1d968b9-ce42734f-0000094.jpg,419835483,170968,171481,8,bfbfcccb
mot_frames,mot_val1,mot,strip:1,bdd100k/images/track/val/b1d968b9-ce42734f/b1d968b9-ce42734f-0000095.jpg,409758586,156943,157499,8,c0e64644
mot_frames,mot_val1,mot,strip:1,bdd100k/images/track/val/b1d968b9-ce42734f/b1d968b9-ce42734f-0000096.jpg,432182677,160649,161176,8,f7e11965
mot_frames,mot_val1,mot,strip:1,bdd100k/images/track/val/b1d968b9-ce42734f/b1d968b9-ce42734f-0000097.jpg,423707293,168486,168975,8,bad7e949
mot_frames,mot_val1,mot,strip:1,bdd100k/images/track/val/b1d968b9-ce42734f/b1d968b9-ce42734f-0000098.jpg,430496948,168592,169013,8,c70edfab
mot_frames,mot_val1,mot,strip:1,bdd100k/images/track/val/b1d968b9-ce42734f/b1d968b9-ce42734f-0000099.jpg,425462090,186786,187379,8,9ead88e8
mot_frames,mot_val1,mot,strip:1,bdd100k/images/track/val/b1d968b9-ce42734f/b1d968b9-ce42734f-0000100.jpg,439018876,166235,166730,8,a9866eef
mot_frames,mot_val1,mot,strip:1,bdd100k/images/track/val/b1d968b9-ce42734f/b1d968b9-ce42734f-0000101.jpg,426217686,170724,171110,8,b5bbb98a
mot_frames,mot_val1,mot,strip:1,bdd100k/images/track/val/b1d968b9-ce42734f/b1d968b9-ce42734f-0000102.jpg,413348597,185478,185965,8,632ed636
mot_frames,mot_val1,mot,strip:1,bdd100k/images/track/val/b1d968b9-ce42734f/b1d968b9-ce42734f-0000103.jpg,407743514,179369,179832,8,2ab8a9d9
mot_frames,mot_val1,mot,strip:1,bdd100k/images/track/val/b1d968b9-ce42734f/b1d968b9-ce42734f-0000104.jpg,407923013,177566,178059,8,b5bb2096
mot_frames,mot_val1,mot,strip:1,bdd100k/images/track/val/b1d968b9-ce42734f/b1d968b9-ce42734f-0000105.jpg,412702175,180132,180743,8,267d7093
mot_frames,mot_val1,mot,strip:1,bdd100k/images/track/val/b1d968b9-ce42734f/b1d968b9-ce42734f-0000106.jpg,426388540,178058,178596,8,89244084
mot_frames,mot_val1,mot,strip:1,bdd100k/images/track/val/b1d968b9-ce42734f/b1d968b9-ce42734f-0000107.jpg,438260706,199578,200297,8,4fde0b91
mot_frames,mot_val1,mot,strip:1,bdd100k/images/track/val/b1d968b9-ce42734f/b1d968b9-ce42734f-0000108.jpg,426973758,177136,177923,8,b7260f96
mot_frames,mot_val1,mot,strip:1,bdd100k/images/track/val/b1d968b9-ce42734f/b1d968b9-ce42734f-0000109.jpg,437918107,172803,173407,8,b6510f7d
mot_frames,mot_val1,mot,strip:1,bdd100k/images/track/val/b1d968b9-ce42734f/b1d968b9-ce42734f-0000110.jpg,425276586,185374,185890,8,cef8c813
mot_frames,mot_val1,mot,strip:1,bdd100k/images/track/val/b1d968b9-ce42734f/b1d968b9-ce42734f-0000111.jpg,430323266,173552,173855,8,63932b48
mot_frames,mot_val1,mot,strip:1,bdd100k/images/track/val/b1d968b9-ce42734f/b1d968b9-ce42734f-0000112.jpg,409277124,168910,169286,8,0687ba6b
mot_frames,mot_val1,mot,strip:1,bdd100k/images/track/val/b1d968b9-ce42734f/b1d968b9-ce42734f-0000113.jpg,420231368,175374,175721,8,0aa840b5
mot_frames,mot_val1,mot,strip:1,bdd100k/images/track/val/b1d968b9-ce42734f/b1d968b9-ce42734f-0000114.jpg,420406872,170930,171206,8,d893344d
mot_frames,mot_val1,mot,strip:1,bdd100k/images/track/val/b1d968b9-ce42734f/b1d968b9-ce42734f-0000115.jpg,408423409,202932,203680,8,64b4745f
mot_frames,mot_val1,mot,strip:1,bdd100k/images/track/val/b1d968b9-ce42734f/b1d968b9-ce42734f-0000116.jpg,430782177,177310,177656,8,f65b91fa
mot_frames,mot_val1,mot,strip:1,bdd100k/images/track/val/b1d968b9-ce42734f/b1d968b9-ce42734f-0000117.jpg,424660226,176660,176950,8,0eef7a02
mot_frames,mot_val1,mot,strip:1,bdd100k/images/track/val/b1d968b9-ce42734f/b1d968b9-ce42734f-0000118.jpg,431284114,206461,206908,8,7783ce81
mot_frames,mot_val1,mot,strip:1,bdd100k/images/track/val/b1d968b9-ce42734f/b1d968b9-ce42734f-0000119.jpg,423987188,197899,198259,8,5752ed02
mot_frames,mot_val1,mot,strip:1,bdd100k/images/track/val/b1d968b9-ce42734f/b1d968b9-ce42734f-0000120.jpg,412201798,195076,195479,8,58957b2d
mot_frames,mot_val1,mot,strip:1,bdd100k/images/track/val/b1d968b9-ce42734f/b1d968b9-ce42734f-0000121.jpg,416828957,197797,198278,8,466cd665
mot_frames,mot_val1,mot,strip:1,bdd100k/images/track/val/b1d968b9-ce42734f/b1d968b9-ce42734f-0000122.jpg,421878492,198612,199045,8,186604be
mot_frames,mot_val1,mot,strip:1,bdd100k/images/track/val/b1d968b9-ce42734f/b1d968b9-ce42734f-0000123.jpg,433768258,211838,212443,8,23431572
mot_frames,mot_val1,mot,strip:1,bdd100k/images/track/val/b1d968b9-ce42734f/b1d968b9-ce42734f-0000124.jpg,434537994,203936,204344,8,96af5a11
mot_frames,mot_val1,mot,strip:1,bdd100k/images/track/val/b1d968b9-ce42734f/b1d968b9-ce42734f-0000125.jpg,421675558,202804,203266,8,0e9f2353
mot_frames,mot_val1,mot,strip:1,bdd100k/images/track/val/b1d968b9-ce42734f/b1d968b9-ce42734f-0000126.jpg,417491939,206609,207058,8,acb31008
mot_frames,mot_val1,mot,strip:1,bdd100k/images/track/val/b1d968b9-ce42734f/b1d968b9-ce42734f-0000127.jpg,411998766,202902,203318,8,b30cef04
mot_frames,mot_val1,mot,strip:1,bdd100k/images/track/val/b1d968b9-ce42734f/b1d968b9-ce42734f-0000128.jpg,418113326,202411,202814,8,45c2441b
mot_frames,mot_val1,mot,strip:1,bdd100k/images/track/val/b1d968b9-ce42734f/b1d968b9-ce42734f-0000129.jpg,411502516,206999,207410,8,30dbcab3
mot_frames,mot_val1,mot,strip:1,bdd100k/images/track/val/b1d968b9-ce42734f/b1d968b9-ce42734f-0000130.jpg,416487855,198597,199017,8,8b889774
mot_frames,mot_val1,mot,strip:1,bdd100k/images/track/val/b1d968b9-ce42734f/b1d968b9-ce42734f-0000131.jpg,404438323,216251,216857,8,a9c3d671
mot_frames,mot_val1,mot,strip:1,bdd100k/images/track/val/b1d968b9-ce42734f/b1d968b9-ce42734f-0000132.jpg,435531399,205921,206302,8,8520d5df
mot_frames,mot_val1,mot,strip:1,bdd100k/images/track/val/b1d968b9-ce42734f/b1d968b9-ce42734f-0000133.jpg,429091609,204722,205158,8,3390c13a
mot_frames,mot_val1,mot,strip:1,bdd100k/images/track/val/b1d968b9-ce42734f/b1d968b9-ce42734f-0000134.jpg,429986906,211909,212365,8,0091753f
mot_frames,mot_val1,mot,strip:1,bdd100k/images/track/val/b1d968b9-ce42734f/b1d968b9-ce42734f-0000135.jpg,435324233,207036,207419,8,28073e02
mot_frames,mot_val1,mot,strip:1,bdd100k/images/track/val/b1d968b9-ce42734f/b1d968b9-ce42734f-0000136.jpg,404939855,206871,207247,8,430e0bbe
mot_frames,mot_val1,mot,strip:1,bdd100k/images/track/val/b1d968b9-ce42734f/b1d968b9-ce42734f-0000137.jpg,416146268,206250,206686,8,c1c45999
mot_frames,mot_val1,mot,strip:1,bdd100k/images/track/val/b1d968b9-ce42734f/b1d968b9-ce42734f-0000138.jpg,405718775,205408,205806,8,768411ab
mot_frames,mot_val1,mot,strip:1,bdd100k/images/track/val/b1d968b9-ce42734f/b1d968b9-ce42734f-0000139.jpg,415774906,219473,220050,8,230ef684
mot_frames,mot_val1,mot,strip:1,bdd100k/images/track/val/b1d968b9-ce42734f/b1d968b9-ce42734f-0000140.jpg,436125959,209310,209641,8,c933a958
mot_frames,mot_val1,mot,strip:1,bdd100k/images/track/val/b1d968b9-ce42734f/b1d968b9-ce42734f-0000141.jpg,428672978,207070,207363,8,559cf0e7
mot_frames,mot_val1,mot,strip:1,bdd100k/images/track/val/b1d968b9-ce42734f/b1d968b9-ce42734f-0000142.jpg,414799295,211863,212195,8,776da5aa
mot_frames,mot_val1,mot,strip:1,bdd100k/images/track/val/b1d968b9-ce42734f/b1d968b9-ce42734f-0000143.jpg,406065070,208352,208603,8,192a00bd
mot_frames,mot_val1,mot,strip:1,bdd100k/images/track/val/b1d968b9-ce42734f/b1d968b9-ce42734f-0000144.jpg,405146856,207251,207521,8,a51cdde3
mot_frames,mot_val1,mot,strip:1,bdd100k/images/track/val/b1d968b9-ce42734f/b1d968b9-ce42734f-0000145.jpg,415219076,209009,209245,8,8c69f023
mot_frames,mot_val1,mot,strip:1,bdd100k/images/track/val/b1d968b9-ce42734f/b1d968b9-ce42734f-0000146.jpg,427843103,207421,207673,8,2689a605
mot_frames,mot_val1,mot,strip:1,bdd100k/images/track/val/b1d968b9-ce42734f/b1d968b9-ce42734f-0000147.jpg,436541354,219532,219952,8,6914733c
mot_frames,mot_val1,mot,strip:1,bdd100k/images/track/val/b1d968b9-ce42734f/b1d968b9-ce42734f-0000148.jpg,429570598,210500,210722,8,ba834d8e
mot_frames,mot_val1,mot,strip:1,bdd100k/images/track/val/b1d968b9-ce42734f/b1d968b9-ce42734f-0000149.jpg,434906549,208324,208559,8,644753bd
mot_frames,mot_val1,mot,strip:1,bdd100k/images/track/val/b1d968b9-ce42734f/b1d968b9-ce42734f-0000150.jpg,422588332,211507,211787,8,e8fe2f91
mot_frames,mot_val1,mot,strip:1,bdd100k/images/track/val/b1d968b9-ce42734f/b1d968b9-ce42734f-0000151.jpg,433401061,207616,207829,8,3ecef7c9
mot_frames,mot_val1,mot,strip:1,bdd100k/images/track/val/b1d968b9-ce42734f/b1d968b9-ce42734f-0000152.jpg,410878156,205291,205529,8,b4cfb620
mot_frames,mot_val1,mot,strip:1,bdd100k/images/track/val/b1d968b9-ce42734f/b1d968b9-ce42734f-0000153.jpg,418817643,208419,208644,8,b156b309
mot_frames,mot_val1,mot,strip:1,bdd100k/images/track/val/b1d968b9-ce42734f/b1d968b9-ce42734f-0000154.jpg,417908104,205092,205328,8,30ebea74
mot_frames,mot_val1,mot,strip:1,bdd100k/images/track/val/b1d968b9-ce42734f/b1d968b9-ce42734f-0000155.jpg,411287685,214701,215028,8,2d07fab7
mot_frames,mot_val1,mot,strip:1,bdd100k/images/track/val/b1d968b9-ce42734f/b1d968b9-ce42734f-0000156.jpg,432668991,201571,201836,8,bbf04b5f
mot_frames,mot_val1,mot,strip:1,bdd100k/images/track/val/b1d968b9-ce42734f/b1d968b9-ce42734f-0000157.jpg,423175971,195143,195472,8,407d2446
mot_frames,mot_val1,mot,strip:1,bdd100k/images/track/val/b1d968b9-ce42734f/b1d968b9-ce42734f-0000158.jpg,434342019,195845,196137,8,ebbb8755
mot_frames,mot_val1,mot,strip:1,bdd100k/images/track/val/b1d968b9-ce42734f/b1d968b9-ce42734f-0000159.jpg,421329801,187099,187395,8,63019ee5
mot_frames,mot_val1,mot,strip:1,bdd100k/images/track/val/b1d968b9-ce42734f/b1d968b9-ce42734f-0000160.jpg,409446164,183765,184141,8,e110d07d
mot_frames,mot_val1,mot,strip:1,bdd100k/images/track/val/b1d968b9-ce42734f/b1d968b9-ce42734f-0000161.jpg,419517433,187282,187688,8,f7e83849
mot_frames,mot_val1,mot,strip:1,bdd100k/images/track/val/b1d968b9-ce42734f/b1d968b9-ce42734f-0000162.jpg,423524227,182936,183358,8,9c67a56d
mot_frames,mot_val1,mot,strip:1,bdd100k/images/track/val/b1d968b9-ce42734f/b1d968b9-ce42734f-0000163.jpg,431983370,199177,199793,8,e01df927
mot_frames,mot_val1,mot,strip:1,bdd100k/images/track/val/b1d968b9-ce42734f/b1d968b9-ce42734f-0000164.jpg,431790650,192590,193067,8,90fc5ce8
mot_frames,mot_val1,mot,strip:1,bdd100k/images/track/val/b1d968b9-ce42734f/b1d968b9-ce42734f-0000165.jpg,424465141,194955,195364,8,883325d7
mot_frames,mot_val1,mot,strip:1,bdd100k/images/track/val/b1d968b9-ce42734f/b1d968b9-ce42734f-0000166.jpg,419306995,210308,210807,8,46090fb4
mot_frames,mot_val1,mot,strip:1,bdd100k/images/track/val/b1d968b9-ce42734f/b1d968b9-ce42734f-0000167.jpg,410304076,205171,205556,8,4feaa1a2
mot_frames,mot_val1,mot,strip:1,bdd100k/images/track/val/b1d968b9-ce42734f/b1d968b9-ce42734f-0000168.jpg,420791817,202381,202725,8,07bb843d
mot_frames,mot_val1,mot,strip:1,bdd100k/images/track/val/b1d968b9-ce42734f/b1d968b9-ce42734f-0000169.jpg,408833483,205436,205793,8,79686ea4
mot_frames,mot_val1,mot,strip:1,bdd100k/images/track/val/b1d968b9-ce42734f/b1d968b9-ce42734f-0000170.jpg,413661005,199181,199571,8,dfb90fce
mot_frames,mot_val1,mot,strip:1,bdd100k/images/track/val/b1d968b9-ce42734f/b1d968b9-ce42734f-0000171.jpg,407085955,199923,200497,8,72353f09
mot_frames,mot_val1,mot,strip:1,bdd100k/images/track/val/b1d968b9-ce42734f/b1d968b9-ce42734f-0000172.jpg,437112421,179883,180271,8,7a62a519
mot_frames,mot_val1,mot,strip:1,bdd100k/images/track/val/b1d968b9-ce42734f/b1d968b9-ce42734f-0000173.jpg,427328423,174425,174847,8,90519dbb
mot_frames,mot_val1,mot,strip:1,bdd100k/images/track/val/b1d968b9-ce42734f/b1d968b9-ce42734f-0000174.jpg,427151024,177269,177768,8,aceb9fa9
mot_frames,mot_val1,mot,strip:1,bdd100k/images/track/val/b1d968b9-ce42734f/b1d968b9-ce42734f-0000175.jpg,438091040,169536,169988,8,52ed4c5f
mot_frames,mot_val1,mot,strip:1,bdd100k/images/track/val/b1d968b9-ce42734f/b1d968b9-ce42734f-0000176.jpg,406790300,169435,169895,8,0fe3a264
mot_frames,mot_val1,mot,strip:1,bdd100k/images/track/val/b1d968b9-ce42734f/b1d968b9-ce42734f-0000177.jpg,414481534,185688,186147,8,c9670e9e
mot_frames,mot_val1,mot,strip:1,bdd100k/images/track/val/b1d968b9-ce42734f/b1d968b9-ce42734f-0000178.jpg,408227891,195388,195864,8,24fcbdef
mot_frames,mot_val1,mot,strip:1,bdd100k/images/track/val/b1d968b9-ce42734f/b1d968b9-ce42734f-0000179.jpg,413008792,215889,216569,8,214ad1e9
mot_frames,mot_val1,mot,strip:1,bdd100k/images/track/val/b1d968b9-ce42734f/b1d968b9-ce42734f-0000180.jpg,433196797,204134,204619,8,e2bd568b
mot_frames,mot_val1,mot,strip:1,bdd100k/images/track/val/b1d968b9-ce42734f/b1d968b9-ce42734f-0000181.jpg,422391008,197194,197660,8,2dc1a65e
mot_frames,mot_val1,mot,strip:1,bdd100k/images/track/val/b1d968b9-ce42734f/b1d968b9-ce42734f-0000182.jpg,418608446,209067,209527,8,9ddaebd0
mot_frames,mot_val1,mot,strip:1,bdd100k/images/track/val/b1d968b9-ce42734f/b1d968b9-ce42734f-0000183.jpg,410673034,204992,205374,8,d79cb6b5
mot_frames,mot_val1,mot,strip:1,bdd100k/images/track/val/b1d968b9-ce42734f/b1d968b9-ce42734f-0000184.jpg,411083577,203978,204389,8,144befb8
mot_frames,mot_val1,mot,strip:1,bdd100k/images/track/val/b1d968b9-ce42734f/b1d968b9-ce42734f-0000185.jpg,417698678,209296,209655,8,edd95543
mot_frames,mot_val1,mot,strip:1,bdd100k/images/track/val/b1d968b9-ce42734f/b1d968b9-ce42734f-0000186.jpg,422968437,207404,207742,8,8d97a6ff
mot_frames,mot_val1,mot,strip:1,bdd100k/images/track/val/b1d968b9-ce42734f/b1d968b9-ce42734f-0000187.jpg,432455016,213845,214370,8,9f8111c3
mot_frames,mot_val1,mot,strip:1,bdd100k/images/track/val/b1d968b9-ce42734f/b1d968b9-ce42734f-0000188.jpg,421124338,205333,205718,8,209bd5d4
mot_frames,mot_val1,mot,strip:1,bdd100k/images/track/val/b1d968b9-ce42734f/b1d968b9-ce42734f-0000189.jpg,434138104,203785,204166,8,4a35c76f
mot_frames,mot_val1,mot,strip:1,bdd100k/images/track/val/b1d968b9-ce42734f/b1d968b9-ce42734f-0000190.jpg,428880178,211301,211746,8,d633dd55
mot_frames,mot_val1,mot,strip:1,bdd100k/images/track/val/b1d968b9-ce42734f/b1d968b9-ce42734f-0000191.jpg,436335399,205825,206249,8,05913995
mot_frames,mot_val1,mot,strip:1,bdd100k/images/track/val/b1d968b9-ce42734f/b1d968b9-ce42734f-0000192.jpg,406273552,205420,205824,8,e81b325e
mot_frames,mot_val1,mot,strip:1,bdd100k/images/track/val/b1d968b9-ce42734f/b1d968b9-ce42734f-0000193.jpg,415011288,207658,208051,8,be7c9a4a
mot_frames,mot_val1,mot,strip:1,bdd100k/images/track/val/b1d968b9-ce42734f/b1d968b9-ce42734f-0000194.jpg,415428215,204481,204875,8,7e3f8ec6
mot_frames,mot_val1,mot,strip:1,bdd100k/images/track/val/b1d968b9-ce42734f/b1d968b9-ce42734f-0000195.jpg,405354237,215349,215950,8,70408e51
mot_frames,mot_val1,mot,strip:1,bdd100k/images/track/val/b1d968b9-ce42734f/b1d968b9-ce42734f-0000196.jpg,436761016,207944,208289,8,8799dc0c
mot_frames,mot_val1,mot,strip:1,bdd100k/images/track/val/b1d968b9-ce42734f/b1d968b9-ce42734f-0000197.jpg,428050654,207076,207402,8,67f4e5cc
mot_frames,mot_val1,mot,strip:1,bdd100k/images/track/val/b1d968b9-ce42734f/b1d968b9-ce42734f-0000198.jpg,435115003,209100,209530,8,8e306205
mot_frames,mot_val1,mot,strip:1,bdd100k/images/track/val/b1d968b9-ce42734f/b1d968b9-ce42734f-0000199.jpg,429781228,205548,205933,8,83b0e526
mot_frames,mot_val1,mot,strip:1,bdd100k/images/track/val/b1d968b9-ce42734f/b1d968b9-ce42734f-0000200.jpg,424837016,206402,206787,8,7665ed62
mot_frames,mot_val1,mot,strip:1,bdd100k/images/track/val/b1d968b9-ce42734f/b1d968b9-ce42734f-0000201.jpg,430959617,208598,208913,8,82b72f32
mot_frames,mot_val1,mot,strip:1,bdd100k/images/track/val/b1d968b9-ce42734f/b1d968b9-ce42734f-0000202.jpg,408626471,206882,207265,8,dc0b39ff
mot_frames,mot_val1,mot,strip:1,bdd100k/images/track/val/b1d968b9-ce42734f/b1d968b9-ce42734f-0000203.jpg,420577932,213755,214257,8,5be4b8bf
mot_frames,mot_val1,mot,strip:1,bdd100k/images/track/val/b1f4491b-cf446195/b1f4491b-cf446195-0000001.jpg,1980015451,135416,136112,8,f7c862cf
mot_frames,mot_val1,mot,strip:1,bdd100k/images/track/val/b1f4491b-cf446195/b1f4491b-cf446195-0000002.jpg,1993941172,110728,111107,8,ce811551
mot_frames,mot_val1,mot,strip:1,bdd100k/images/track/val/b1f4491b-cf446195/b1f4491b-cf446195-0000003.jpg,1987984113,132487,132950,8,428faf95
mot_frames,mot_val1,mot,strip:1,bdd100k/images/track/val/b1f4491b-cf446195/b1f4491b-cf446195-0000004.jpg,1987501746,128616,128974,8,e0280590
mot_frames,mot_val1,mot,strip:1,bdd100k/images/track/val/b1f4491b-cf446195/b1f4491b-cf446195-0000005.jpg,1994052030,132194,132667,8,09b8541e
mot_frames,mot_val1,mot,strip:1,bdd100k/images/track/val/b1f4491b-cf446195/b1f4491b-cf446195-0000006.jpg,1979462525,125306,125716,8,1f6d3bbf
mot_frames,mot_val1,mot,strip:1,bdd100k/images/track/val/b1f4491b-cf446195/b1f4491b-cf446195-0000007.jpg,1984834552,130398,130787,8,a916cb67
mot_frames,mot_val1,mot,strip:1,bdd100k/images/track/val/b1f4491b-cf446195/b1f4491b-cf446195-0000008.jpg,1980678816,139879,140513,8,c67e1b11
mot_frames,mot_val1,mot,strip:1,bdd100k/images/track/val/b1f4491b-cf446195/b1f4491b-cf446195-0000009.jpg,1984007876,124513,124761,8,834b2300
mot_frames,mot_val1,mot,strip:1,bdd100k/images/track/val/b1f4491b-cf446195/b1f4491b-cf446195-0000010.jpg,1975770776,106744,107081,8,5f702733
mot_frames,mot_val1,mot,strip:1,bdd100k/images/track/val/b1f4491b-cf446195/b1f4491b-cf446195-0000011.jpg,1982721173,128612,129073,8,6da264cd
mot_frames,mot_val1,mot,strip:1,bdd100k/images/track/val/b1f4491b-cf446195/b1f4491b-cf446195-0000012.jpg,1991133969,123498,123813,8,c62e9c12
mot_frames,mot_val1,mot,strip:1,bdd100k/images/track/val/b1f4491b-cf446195/b1f4491b-cf446195-0000013.jpg,1996333587,109814,110372,8,f45ba950
mot_frames,mot_val1,mot,strip:1,bdd100k/images/track/val/b1f4491b-cf446195/b1f4491b-cf446195-0000014.jpg,1995870714,115993,116236,8,0ffa52b8
mot_frames,mot_val1,mot,strip:1,bdd100k/images/track/val/b1f4491b-cf446195/b1f4491b-cf446195-0000015.jpg,1991257597,112090,112431,8,b3704f0c
mot_frames,mot_val1,mot,strip:1,bdd100k/images/track/val/b1f4491b-cf446195/b1f4491b-cf446195-0000016.jpg,1982417059,128481,129303,8,4bd9c4ef
mot_frames,mot_val1,mot,strip:1,bdd100k/images/track/val/b1f4491b-cf446195/b1f4491b-cf446195-0000017.jpg,1976051604,115502,116046,8,bd9ed05b
mot_frames,mot_val1,mot,strip:1,bdd100k/images/track/val/b1f4491b-cf446195/b1f4491b-cf446195-0000018.jpg,1983331114,117807,118048,8,fdc3a737
mot_frames,mot_val1,mot,strip:1,bdd100k/images/track/val/b1f4491b-cf446195/b1f4491b-cf446195-0000019.jpg,1974922267,113240,113704,8,b506681f
mot_frames,mot_val1,mot,strip:1,bdd100k/images/track/val/b1f4491b-cf446195/b1f4491b-cf446195-0000020.jpg,1990480162,106535,106924,8,c4bc6845
mot_frames,mot_val1,mot,strip:1,bdd100k/images/track/val/b1f4491b-cf446195/b1f4491b-cf446195-0000021.jpg,1996649883,119969,120378,8,57fc2b82
mot_frames,mot_val1,mot,strip:1,bdd100k/images/track/val/b1f4491b-cf446195/b1f4491b-cf446195-0000022.jpg,1976268047,115863,116187,8,0e968a75
mot_frames,mot_val1,mot,strip:1,bdd100k/images/track/val/b1f4491b-cf446195/b1f4491b-cf446195-0000023.jpg,1982198948,113920,114298,8,9116a76f
mot_frames,mot_val1,mot,strip:1,bdd100k/images/track/val/b1f4491b-cf446195/b1f4491b-cf446195-0000024.jpg,1982073598,125220,125782,8,680ff52d
mot_frames,mot_val1,mot,strip:1,bdd100k/images/track/val/b1f4491b-cf446195/b1f4491b-cf446195-0000025.jpg,1976831275,133625,133872,8,9e989f8c
mot_frames,mot_val1,mot,strip:1,bdd100k/images/track/val/b1f4491b-cf446195/b1f4491b-cf446195-0000026.jpg,1996524213,125540,126005,8,6f1cdecd
mot_frames,mot_val1,mot,strip:1,bdd100k/images/track/val/b1f4491b-cf446195/b1f4491b-cf446195-0000027.jpg,1990926164,116328,116647,8,11955608
mot_frames,mot_val1,mot,strip:1,bdd100k/images/track/val/b1f4491b-cf446195/b1f4491b-cf446195-0000028.jpg,1997554407,118548,118876,8,d511fa19
mot_frames,mot_val1,mot,strip:1,bdd100k/images/track/val/b1f4491b-cf446195/b1f4491b-cf446195-0000029.jpg,1989857466,118905,119295,8,9dbade68
mot_frames,mot_val1,mot,strip:1,bdd100k/images/track/val/b1f4491b-cf446195/b1f4491b-cf446195-0000030.jpg,1993323680,125893,126297,8,31e6d629
mot_frames,mot_val1,mot,strip:1,bdd100k/images/track/val/b1f4491b-cf446195/b1f4491b-cf446195-0000031.jpg,1988497971,118878,119155,8,ce72891c
mot_frames,mot_val1,mot,strip:1,bdd100k/images/track/val/b1f4491b-cf446195/b1f4491b-cf446195-0000032.jpg,1985052244,153256,154155,8,56d4ff33
mot_frames,mot_val1,mot,strip:1,bdd100k/images/track/val/b1f4491b-cf446195/b1f4491b-cf446195-0000033.jpg,1979068666,151002,151245,8,f5f39ee6
mot_frames,mot_val1,mot,strip:1,bdd100k/images/track/val/b1f4491b-cf446195/b1f4491b-cf446195-0000034.jpg,1978924692,143844,144174,8,86e8cb53
mot_frames,mot_val1,mot,strip:1,bdd100k/images/track/val/b1f4491b-cf446195/b1f4491b-cf446195-0000035.jpg,1985765024,125722,126206,8,8e335e4c
mot_frames,mot_val1,mot,strip:1,bdd100k/images/track/val/b1f4491b-cf446195/b1f4491b-cf446195-0000036.jpg,1988260825,125434,126002,8,febcd819
mot_frames,mot_val1,mot,strip:1,bdd100k/images/track/val/b1f4491b-cf446195/b1f4491b-cf446195-0000037.jpg,1993700482,110984,111370,8,167dc40c
mot_frames,mot_val1,mot,strip:1,bdd100k/images/track/val/b1f4491b-cf446195/b1f4491b-cf446195-0000038.jpg,1989528227,123600,124343,8,d29ff1c3
mot_frames,mot_val1,mot,strip:1,bdd100k/images/track/val/b1f4491b-cf446195/b1f4491b-cf446195-0000039.jpg,1992701482,127023,127274,8,8a951f0f
mot_frames,mot_val1,mot,strip:1,bdd100k/images/track/val/b1f4491b-cf446195/b1f4491b-cf446195-0000040.jpg,1986446565,132297,133092,8,bb9b3051
mot_frames,mot_val1,mot,strip:1,bdd100k/images/track/val/b1f4491b-cf446195/b1f4491b-cf446195-0000041.jpg,1977943682,139745,140077,8,1381618c
mot_frames,mot_val1,mot,strip:1,bdd100k/images/track/val/b1f4491b-cf446195/b1f4491b-cf446195-0000042.jpg,1992938944,133569,134202,8,91b4a0f0
mot_frames,mot_val1,mot,strip:1,bdd100k/images/track/val/b1f4491b-cf446195/b1f4491b-cf446195-0000043.jpg,1988956272,134265,134894,8,5768b2d2
mot_frames,mot_val1,mot,strip:1,bdd100k/images/track/val/b1f4491b-cf446195/b1f4491b-cf446195-0000044.jpg,1989199507,121924,122495,8,a5a66c56
mot_frames,mot_val1,mot,strip:1,bdd100k/images/track/val/b1f4491b-cf446195/b1f4491b-cf446195-0000045.jpg,1992374978,115802,116128,8,054fa42a
mot_frames,mot_val1,mot,strip:1,bdd100k/images/track/val/b1f4491b-cf446195/b1f4491b-cf446195-0000046.jpg,1978202111,116761,117349,8,d444caf0
mot_frames,mot_val1,mot,strip:1,bdd100k/images/track/val/b1f4491b-cf446195/b1f4491b-cf446195-0000047.jpg,1985890876,114592,114972,8,f5df7b13
mot_frames,mot_val1,mot,strip:1,bdd100k/images/track/val/b1f4491b-cf446195/b1f4491b-cf446195-0000048.jpg,1978651938,142578,143377,8,1035b8e1
mot_frames,mot_val1,mot,strip:1,bdd100k/images/track/val/b1f4491b-cf446195/b1f4491b-cf446195-0000049.jpg,1985541023,105876,106336,8,4a20910b
mot_frames,mot_val1,mot,strip:1,bdd100k/images/track/val/b1f4491b-cf446195/b1f4491b-cf446195-0000050.jpg,1977517319,112170,112449,8,9f78308f
mot_frames,mot_val1,mot,strip:1,bdd100k/images/track/val/b1f4491b-cf446195/b1f4491b-cf446195-0000051.jpg,1981145899,104283,104675,8,c78bbea0
mot_frames,mot_val1,mot,strip:1,bdd100k/images/track/val/b1f4491b-cf446195/b1f4491b-cf446195-0000052.jpg,1990359916,120116,120345,8,e35cf317
mot_frames,mot_val1,mot,strip:1,bdd100k/images/track/val/b1f4491b-cf446195/b1f4491b-cf446195-0000053.jpg,1997220576,103254,103648,8,c2b2e616
mot_frames,mot_val1,mot,strip:1,bdd100k/images/track/val/b1f4491b-cf446195/b1f4491b-cf446195-0000054.jpg,1997427909,126368,126733,8,01009162
mot_frames,mot_val1,mot,strip:1,bdd100k/images/track/val/b1f4491b-cf446195/b1f4491b-cf446195-0000055.jpg,1989757705,99631,99959,8,c42175f7
mot_frames,mot_val1,mot,strip:1,bdd100k/images/track/val/b1f4491b-cf446195/b1f4491b-cf446195-0000056.jpg,1981474545,118050,118668,8,35eff16e
mot_frames,mot_val1,mot,strip:1,bdd100k/images/track/val/b1f4491b-cf446195/b1f4491b-cf446195-0000057.jpg,1977098748,115221,115619,8,bc23357d
mot_frames,mot_val1,mot,strip:1,bdd100k/images/track/val/b1f4491b-cf446195/b1f4491b-cf446195-0000058.jpg,1981854859,100723,101137,8,edf09ac4
mot_frames,mot_val1,mot,strip:1,bdd100k/images/track/val/b1f4491b-cf446195/b1f4491b-cf446195-0000059.jpg,1976619531,116165,116560,8,45a68f4d
mot_frames,mot_val1,mot,strip:1,bdd100k/images/track/val/b1f4491b-cf446195/b1f4491b-cf446195-0000060.jpg,1991952071,113440,113830,8,2ef52208
mot_frames,mot_val1,mot,strip:1,bdd100k/images/track/val/b1f4491b-cf446195/b1f4491b-cf446195-0000061.jpg,1995118206,103093,103511,8,56fa1802
mot_frames,mot_val1,mot,strip:1,bdd100k/images/track/val/b1f4491b-cf446195/b1f4491b-cf446195-0000062.jpg,1975342464,111152,111522,8,c2b2951d
mot_frames,mot_val1,mot,strip:1,bdd100k/images/track/val/b1f4491b-cf446195/b1f4491b-cf446195-0000063.jpg,1983035921,90274,90611,8,a8cc8887
mot_frames,mot_val1,mot,strip:1,bdd100k/images/track/val/b1f4491b-cf446195/b1f4491b-cf446195-0000064.jpg,1983669901,141799,143003,8,0ac32ac1
mot_frames,mot_val1,mot,strip:1,bdd100k/images/track/val/b1f4491b-cf446195/b1f4491b-cf446195-0000065.jpg,1975249810,92524,93231,8,16370e61
mot_frames,mot_val1,mot,strip:1,bdd100k/images/track/val/b1f4491b-cf446195/b1f4491b-cf446195-0000066.jpg,1995773434,97150,97828,8,ebbd707b
mot_frames,mot_val1,mot,strip:1,bdd100k/images/track/val/b1f4491b-cf446195/b1f4491b-cf446195-0000067.jpg,1991851301,100640,101284,8,481a49ef
mot_frames,mot_val1,mot,strip:1,bdd100k/images/track/val/b1f4491b-cf446195/b1f4491b-cf446195-0000068.jpg,1995986837,95759,96476,8,531f27d2
mot_frames,mot_val1,mot,strip:1,bdd100k/images/track/val/b1f4491b-cf446195/b1f4491b-cf446195-0000069.jpg,1991369817,99013,99646,8,bac31428
mot_frames,mot_val1,mot,strip:1,bdd100k/images/track/val/b1f4491b-cf446195/b1f4491b-cf446195-0000070.jpg,1994823828,100028,100445,8,36d5f043
mot_frames,mot_val1,mot,strip:1,bdd100k/images/track/val/b1f4491b-cf446195/b1f4491b-cf446195-0000071.jpg,1986828641,104506,104923,8,00461b51
mot_frames,mot_val1,mot,strip:1,bdd100k/images/track/val/b1f4491b-cf446195/b1f4491b-cf446195-0000072.jpg,1984236952,106428,107298,8,2501ce05
mot_frames,mot_val1,mot,strip:1,bdd100k/images/track/val/b1f4491b-cf446195/b1f4491b-cf446195-0000073.jpg,1980150997,113025,113358,8,88354fe9
mot_frames,mot_val1,mot,strip:1,bdd100k/images/track/val/b1f4491b-cf446195/b1f4491b-cf446195-0000074.jpg,1980818825,93176,93508,8,65a18b98
mot_frames,mot_val1,mot,strip:1,bdd100k/images/track/val/b1f4491b-cf446195/b1f4491b-cf446195-0000075.jpg,1984132519,104303,104615,8,42131388
mot_frames,mot_val1,mot,strip:1,bdd100k/images/track/val/b1f4491b-cf446195/b1f4491b-cf446195-0000076.jpg,1987392506,109110,109320,8,d2c220a9
mot_frames,mot_val1,mot,strip:1,bdd100k/images/track/val/b1f4491b-cf446195/b1f4491b-cf446195-0000077.jpg,1994571913,115263,115547,8,ff0aca82
mot_frames,mot_val1,mot,strip:1,bdd100k/images/track/val/b1f4491b-cf446195/b1f4491b-cf446195-0000078.jpg,1987750091,111465,111749,8,6415294e
mot_frames,mot_val1,mot,strip:1,bdd100k/images/track/val/b1f4491b-cf446195/b1f4491b-cf446195-0000079.jpg,1994273699,104842,105199,8,410dcfe8
mot_frames,mot_val1,mot,strip:1,bdd100k/images/track/val/b1f4491b-cf446195/b1f4491b-cf446195-0000080.jpg,1981022258,123511,124224,8,9b3c1d24
mot_frames,mot_val1,mot,strip:1,bdd100k/images/track/val/b1f4491b-cf446195/b1f4491b-cf446195-0000081.jpg,1977408343,108846,109092,8,65ae15d0
mot_frames,mot_val1,mot,strip:1,bdd100k/images/track/val/b1f4491b-cf446195/b1f4491b-cf446195-0000082.jpg,1997099308,121138,121488,8,dece2005
mot_frames,mot_val1,mot,strip:1,bdd100k/images/track/val/b1f4491b-cf446195/b1f4491b-cf446195-0000083.jpg,1990249874,109912,110263,8,2302e007
mot_frames,mot_val1,mot,strip:1,bdd100k/images/track/val/b1f4491b-cf446195/b1f4491b-cf446195-0000084.jpg,1989651957,105618,105913,8,84116d57
mot_frames,mot_val1,mot,strip:1,bdd100k/images/track/val/b1f4491b-cf446195/b1f4491b-cf446195-0000085.jpg,1997323960,103819,104241,8,6f468bf1
mot_frames,mot_val1,mot,strip:1,bdd100k/images/track/val/b1f4491b-cf446195/b1f4491b-cf446195-0000086.jpg,1976965030,133588,134228,8,1eef48d9
mot_frames,mot_val1,mot,strip:1,bdd100k/images/track/val/b1f4491b-cf446195/b1f4491b-cf446195-0000087.jpg,1981359451,114964,115336,8,257ac57a
mot_frames,mot_val1,mot,strip:1,bdd100k/images/track/val/b1f4491b-cf446195/b1f4491b-cf446195-0000088.jpg,1976485165,134236,134835,8,12af1a30
mot_frames,mot_val1,mot,strip:1,bdd100k/images/track/val/b1f4491b-cf446195/b1f4491b-cf446195-0000089.jpg,1981718452,136277,136623,8,43dedf72
mot_frames,mot_val1,mot,strip:1,bdd100k/images/track/val/b1f4491b-cf446195/b1f4491b-cf446195-0000090.jpg,1978083557,118424,118800,8,e9f0a400
mot_frames,mot_val1,mot,strip:1,bdd100k/images/track/val/b1f4491b-cf446195/b1f4491b-cf446195-0000091.jpg,1986578992,125785,126194,8,a1b004b9
mot_frames,mot_val1,mot,strip:1,bdd100k/images/track/val/b1f4491b-cf446195/b1f4491b-cf446195-0000092.jpg,1989090667,108710,109260,8,9f8eb1c8
mot_frames,mot_val1,mot,strip:1,bdd100k/images/track/val/b1f4491b-cf446195/b1f4491b-cf446195-0000093.jpg,1993072643,111783,112095,8,b5ab23fe
mot_frames,mot_val1,mot,strip:1,bdd100k/images/track/val/b1f4491b-cf446195/b1f4491b-cf446195-0000094.jpg,1992490910,103063,103416,8,c78e5b4b
mot_frames,mot_val1,mot,strip:1,bdd100k/images/track/val/b1f4491b-cf446195/b1f4491b-cf446195-0000095.jpg,1989321561,82974,83334,8,163e9ce7
mot_frames,mot_val1,mot,strip:1,bdd100k/images/track/val/b1f4491b-cf446195/b1f4491b-cf446195-0000096.jpg,1986005598,105632,106242,8,a279fa9a
mot_frames,mot_val1,mot,strip:1,bdd100k/images/track/val/b1f4491b-cf446195/b1f4491b-cf446195-0000097.jpg,1978319002,112363,112731,8,570b7631
mot_frames,mot_val1,mot,strip:1,bdd100k/images/track/val/b1f4491b-cf446195/b1f4491b-cf446195-0000098.jpg,1985647029,117865,118356,8,8e88a4e9
mot_frames,mot_val1,mot,strip:1,bdd100k/images/track/val/b1f4491b-cf446195/b1f4491b-cf446195-0000099.jpg,1978794646,129916,130222,8,c6f4cc22
mot_frames,mot_val1,mot,strip:1,bdd100k/images/track/val/b1f4491b-cf446195/b1f4491b-cf446195-0000100.jpg,1981955712,117756,118079,8,8f8c9ebd
mot_frames,mot_val1,mot,strip:1,bdd100k/images/track/val/b1f4491b-cf446195/b1f4491b-cf446195-0000101.jpg,1976735826,95319,95724,8,fdd2b043
mot_frames,mot_val1,mot,strip:1,bdd100k/images/track/val/b1f4491b-cf446195/b1f4491b-cf446195-0000102.jpg,1996443531,80552,80946,8,c93cc014
mot_frames,mot_val1,mot,strip:1,bdd100k/images/track/val/b1f4491b-cf446195/b1f4491b-cf446195-0000103.jpg,1990817316,108718,109006,8,2befd83c
mot_frames,mot_val1,mot,strip:1,bdd100k/images/track/val/b1f4491b-cf446195/b1f4491b-cf446195-0000104.jpg,1990700129,117057,117491,8,284e58ab
mot_frames,mot_val1,mot,strip:1,bdd100k/images/track/val/b1f4491b-cf446195/b1f4491b-cf446195-0000105.jpg,1996884871,99079,99490,8,af13221f
mot_frames,mot_val1,mot,strip:1,bdd100k/images/track/val/b1f4491b-cf446195/b1f4491b-cf446195-0000106.jpg,1976384040,100995,101338,8,3956b016
mot_frames,mot_val1,mot,strip:1,bdd100k/images/track/val/b1f4491b-cf446195/b1f4491b-cf446195-0000107.jpg,1982312998,103931,104207,8,8dfb083d
mot_frames,mot_val1,mot,strip:1,bdd100k/images/track/val/b1f4491b-cf446195/b1f4491b-cf446195-0000108.jpg,1977629619,110420,110846,8,102da9b8
mot_frames,mot_val1,mot,strip:1,bdd100k/images/track/val/b1f4491b-cf446195/b1f4491b-cf446195-0000109.jpg,1981250312,109009,109316,8,6340843d
mot_frames,mot_val1,mot,strip:1,bdd100k/images/track/val/b1f4491b-cf446195/b1f4491b-cf446195-0000110.jpg,1978541858,109950,110257,8,aed9a823
mot_frames,mot_val1,mot,strip:1,bdd100k/images/track/val/b1f4491b-cf446195/b1f4491b-cf446195-0000111.jpg,1985417255,123638,123930,8,e7798088
mot_frames,mot_val1,mot,strip:1,bdd100k/images/track/val/b1f4491b-cf446195/b1f4491b-cf446195-0000112.jpg,1988116730,143965,144942,8,3800ac07
mot_frames,mot_val1,mot,strip:1,bdd100k/images/track/val/b1f4491b-cf446195/b1f4491b-cf446195-0000113.jpg,1993576209,124143,124394,8,2682bc0a
mot_frames,mot_val1,mot,strip:1,bdd100k/images/track/val/b1f4491b-cf446195/b1f4491b-cf446195-0000114.jpg,1993449703,126376,126784,8,48a913c1
mot_frames,mot_val1,mot,strip:1,bdd100k/images/track/val/b1f4491b-cf446195/b1f4491b-cf446195-0000115.jpg,1988723743,117968,118222,8,c20a6384
mot_frames,mot_val1,mot,strip:1,bdd100k/images/track/val/b1f4491b-cf446195/b1f4491b-cf446195-0000116.jpg,1985318215,98910,99272,8,7f58af41
mot_frames,mot_val1,mot,strip:1,bdd100k/images/track/val/b1f4491b-cf446195/b1f4491b-cf446195-0000117.jpg,1979351735,110660,111083,8,7a8faa6e
mot_frames,mot_val1,mot,strip:1,bdd100k/images/track/val/b1f4491b-cf446195/b1f4491b-cf446195-0000118.jpg,1986348094,98341,98725,8,6e714de9
mot_frames,mot_val1,mot,strip:1,bdd100k/images/track/val/b1f4491b-cf446195/b1f4491b-cf446195-0000119.jpg,1977852491,91061,91615,8,7e4d708d
mot_frames,mot_val1,mot,strip:1,bdd100k/images/track/val/b1f4491b-cf446195/b1f4491b-cf446195-0000120.jpg,1987630492,119469,120232,8,26921327
mot_frames,mot_val1,mot,strip:1,bdd100k/images/track/val/b1f4491b-cf446195/b1f4491b-cf446195-0000121.jpg,1994184354,89215,89537,8,836acfc4
mot_frames,mot_val1,mot,strip:1,bdd100k/images/track/val/b1f4491b-cf446195/b1f4491b-cf446195-0000122.jpg,1979587961,99202,99574,8,2da3d40b
mot_frames,mot_val1,mot,strip:1,bdd100k/images/track/val/b1f4491b-cf446195/b1f4491b-cf446195-0000123.jpg,1984965080,87034,87485,8,11af3c8d
mot_frames,mot_val1,mot,strip:1,bdd100k/images/track/val/b1f4491b-cf446195/b1f4491b-cf446195-0000124.jpg,1984517650,91073,91519,8,befe78c2
mot_frames,mot_val1,mot,strip:1,bdd100k/images/track/val/b1f4491b-cf446195/b1f4491b-cf446195-0000125.jpg,1979687293,100352,100752,8,ec8c8968
mot_frames,mot_val1,mot,strip:1,bdd100k/images/track/val/b1f4491b-cf446195/b1f4491b-cf446195-0000126.jpg,1993811596,129446,129874,8,0d5c138f
mot_frames,mot_val1,mot,strip:1,bdd100k/images/track/val/b1f4491b-cf446195/b1f4491b-cf446195-0000127.jpg,1987861686,122297,122559,8,44ac844d
mot_frames,mot_val1,mot,strip:1,bdd100k/images/track/val/b1f4491b-cf446195/b1f4491b-cf446195-0000128.jpg,1994687306,136392,136999,8,66ce74d4
mot_frames,mot_val1,mot,strip:1,bdd100k/images/track/val/b1f4491b-cf446195/b1f4491b-cf446195-0000129.jpg,1986704907,123604,124063,8,01bf3a2f
mot_frames,mot_val1,mot,strip:1,bdd100k/images/track/val/b1f4491b-cf446195/b1f4491b-cf446195-0000130.jpg,1996082726,130560,131010,8,b407002b
mot_frames,mot_val1,mot,strip:1,bdd100k/images/track/val/b1f4491b-cf446195/b1f4491b-cf446195-0000131.jpg,1991468960,131043,131520,8,f4b1d21e
mot_frames,mot_val1,mot,strip:1,bdd100k/images/track/val/b1f4491b-cf446195/b1f4491b-cf446195-0000132.jpg,1982545670,92153,92644,8,b4ef8c55
mot_frames,mot_val1,mot,strip:1,bdd100k/images/track/val/b1f4491b-cf446195/b1f4491b-cf446195-0000133.jpg,1976167236,100681,101043,8,b613c1ce
mot_frames,mot_val1,mot,strip:1,bdd100k/images/track/val/b1f4491b-cf446195/b1f4491b-cf446195-0000134.jpg,1975655393,115253,115750,8,53171756
mot_frames,mot_val1,mot,strip:1,bdd100k/images/track/val/b1f4491b-cf446195/b1f4491b-cf446195-0000135.jpg,1982637953,83090,83430,8,4bf1ecd3
mot_frames,mot_val1,mot,strip:1,bdd100k/images/track/val/b1f4491b-cf446195/b1f4491b-cf446195-0000136.jpg,1991042622,91217,91715,8,53333a03
mot_frames,mot_val1,mot,strip:1,bdd100k/images/track/val/b1f4491b-cf446195/b1f4491b-cf446195-0000137.jpg,1996213416,120041,120579,8,47e66d42
mot_frames,mot_val1,mot,strip:1,bdd100k/images/track/val/b1f4491b-cf446195/b1f4491b-cf446195-0000138.jpg,1992065641,82014,82446,8,8a3e5fd7
mot_frames,mot_val1,mot,strip:1,bdd100k/images/track/val/b1f4491b-cf446195/b1f4491b-cf446195-0000139.jpg,1995221429,111946,112273,8,eb548791
mot_frames,mot_val1,mot,strip:1,bdd100k/images/track/val/b1f4491b-cf446195/b1f4491b-cf446195-0000140.jpg,1983569810,99961,100285,8,a3706576
mot_frames,mot_val1,mot,strip:1,bdd100k/images/track/val/b1f4491b-cf446195/b1f4491b-cf446195-0000141.jpg,1975156628,93052,93390,8,59dfa760
mot_frames,mot_val1,mot,strip:1,bdd100k/images/track/val/b1f4491b-cf446195/b1f4491b-cf446195-0000142.jpg,1995659173,114131,114383,8,d37daf5b
mot_frames,mot_val1,mot,strip:1,bdd100k/images/track/val/b1f4491b-cf446195/b1f4491b-cf446195-0000143.jpg,1991733618,117553,117820,8,7d31d4fa
mot_frames,mot_val1,mot,strip:1,bdd100k/images/track/val/b1f4491b-cf446195/b1f4491b-cf446195-0000144.jpg,1992252792,122056,122881,8,ceb4b4bd
mot_frames,mot_val1,mot,strip:1,bdd100k/images/track/val/b1f4491b-cf446195/b1f4491b-cf446195-0000145.jpg,1995419891,118164,118553,8,a3bc4418
mot_frames,mot_val1,mot,strip:1,bdd100k/images/track/val/b1f4491b-cf446195/b1f4491b-cf446195-0000146.jpg,1975536276,118987,119295,8,76ac75af
mot_frames,mot_val1,mot,strip:1,bdd100k/images/track/val/b1f4491b-cf446195/b1f4491b-cf446195-0000147.jpg,1983214423,116561,116999,8,4d12014c
mot_frames,mot_val1,mot,strip:1,bdd100k/images/track/val/b1f4491b-cf446195/b1f4491b-cf446195-0000148.jpg,1975962730,88744,89240,8,72ed5174
mot_frames,mot_val1,mot,strip:1,bdd100k/images/track/val/b1f4491b-cf446195/b1f4491b-cf446195-0000149.jpg,1982951462,84329,84757,8,613f0e17
mot_frames,mot_val1,mot,strip:1,bdd100k/images/track/val/b1f4491b-cf446195/b1f4491b-cf446195-0000150.jpg,1980477753,98329,98699,8,4993f1d6
mot_frames,mot_val1,mot,strip:1,bdd100k/images/track/val/b1f4491b-cf446195/b1f4491b-cf446195-0000151.jpg,1983811830,99405,99683,8,3c084786
mot_frames,mot_val1,mot,strip:1,bdd100k/images/track/val/b1f4491b-cf446195/b1f4491b-cf446195-0000152.jpg,1987204362,93544,94115,8,e581e04c
mot_frames,mot_val1,mot,strip:1,bdd100k/images/track/val/b1f4491b-cf446195/b1f4491b-cf446195-0000153.jpg,1994378671,96180,96594,8,a21e8484
mot_frames,mot_val1,mot,strip:1,bdd100k/images/track/val/b1f4491b-cf446195/b1f4491b-cf446195-0000154.jpg,1994923986,100785,101150,8,72951251
mot_frames,mot_val1,mot,strip:1,bdd100k/images/track/val/b1f4491b-cf446195/b1f4491b-cf446195-0000155.jpg,1986933277,128427,129079,8,cffd504b
mot_frames,mot_val1,mot,strip:1,bdd100k/images/track/val/b1f4491b-cf446195/b1f4491b-cf446195-0000156.jpg,1984343510,81880,82417,8,7cd55d2d
mot_frames,mot_val1,mot,strip:1,bdd100k/images/track/val/b1f4491b-cf446195/b1f4491b-cf446195-0000157.jpg,1980264152,96686,97159,8,af43b3ad
mot_frames,mot_val1,mot,strip:1,bdd100k/images/track/val/b1f4491b-cf446195/b1f4491b-cf446195-0000158.jpg,1984608853,105829,106402,8,b94d9736
mot_frames,mot_val1,mot,strip:1,bdd100k/images/track/val/b1f4491b-cf446195/b1f4491b-cf446195-0000159.jpg,1979787775,105975,106361,8,91bed5db
mot_frames,mot_val1,mot,strip:1,bdd100k/images/track/val/b1f4491b-cf446195/b1f4491b-cf446195-0000160.jpg,1989404665,123432,124482,8,b1f457ef
mot_frames,mot_val1,mot,strip:1,bdd100k/images/track/val/b1f4491b-cf446195/b1f4491b-cf446195-0000161.jpg,1992594103,107249,107724,8,ac2e9e0d
mot_frames,mot_val1,mot,strip:1,bdd100k/images/track/val/b1f4491b-cf446195/b1f4491b-cf446195-0000162.jpg,1978431495,110233,110704,8,a985fbc1
mot_frames,mot_val1,mot,strip:1,bdd100k/images/track/val/b1f4491b-cf446195/b1f4491b-cf446195-0000163.jpg,1986111360,120121,120500,8,12e71307
mot_frames,mot_val1,mot,strip:1,bdd100k/images/track/val/b1f4491b-cf446195/b1f4491b-cf446195-0000164.jpg,1986231611,116353,116942,8,86eb6d49
mot_frames,mot_val1,mot,strip:1,bdd100k/images/track/val/b1f4491b-cf446195/b1f4491b-cf446195-0000165.jpg,1977740169,112192,112471,8,ef32b14c
mot_frames,mot_val1,mot,strip:1,bdd100k/images/track/val/b1f4491b-cf446195/b1f4491b-cf446195-0000166.jpg,1992828635,110179,110650,8,ff677280
mot_frames,mot_val1,mot,strip:1,bdd100k/images/track/val/b1f4491b-cf446195/b1f4491b-cf446195-0000167.jpg,1988841841,114301,114746,8,794030d9
mot_frames,mot_val1,mot,strip:1,bdd100k/images/track/val/b1f4491b-cf446195/b1f4491b-cf446195-0000168.jpg,1993184556,138994,139943,8,662b90dc
mot_frames,mot_val1,mot,strip:1,bdd100k/images/track/val/b1f4491b-cf446195/b1f4491b-cf446195-0000169.jpg,1988386389,111452,111789,8,21313c23
mot_frames,mot_val1,mot,strip:1,bdd100k/images/track/val/b1f4491b-cf446195/b1f4491b-cf446195-0000170.jpg,1997673085,125132,125937,8,e6372ca9
mot_frames,mot_val1,mot,strip:1,bdd100k/images/track/val/b1f4491b-cf446195/b1f4491b-cf446195-0000171.jpg,1989976501,131889,132536,8,b7092a79
mot_frames,mot_val1,mot,strip:1,bdd100k/images/track/val/b1f4491b-cf446195/b1f4491b-cf446195-0000172.jpg,1981592725,125597,126353,8,ed452589
mot_frames,mot_val1,mot,strip:1,bdd100k/images/track/val/b1f4491b-cf446195/b1f4491b-cf446195-0000173.jpg,1977214099,82237,82675,8,24ecd88c
mot_frames,mot_val1,mot,strip:1,bdd100k/images/track/val/b1f4491b-cf446195/b1f4491b-cf446195-0000174.jpg,1977296466,111747,112130,8,3323dc17
mot_frames,mot_val1,mot,strip:1,bdd100k/images/track/val/b1f4491b-cf446195/b1f4491b-cf446195-0000175.jpg,1980912131,109997,110289,8,3735162f
mot_frames,mot_val1,mot,strip:1,bdd100k/images/track/val/b1f4491b-cf446195/b1f4491b-cf446195-0000176.jpg,1990108520,141224,142274,8,3cbc1db1
mot_frames,mot_val1,mot,strip:1,bdd100k/images/track/val/b1f4491b-cf446195/b1f4491b-cf446195-0000177.jpg,1996984080,115098,115393,8,860f2943
mot_frames,mot_val1,mot,strip:1,bdd100k/images/track/val/b1f4491b-cf446195/b1f4491b-cf446195-0000178.jpg,1990586827,113172,113501,8,abd528ce
mot_frames,mot_val1,mot,strip:1,bdd100k/images/track/val/b1f4491b-cf446195/b1f4491b-cf446195-0000179.jpg,1996769982,114759,115078,8,d0bea46b
mot_frames,mot_val1,mot,strip:1,bdd100k/images/track/val/b1f4491b-cf446195/b1f4491b-cf446195-0000180.jpg,1983911365,96381,96820,8,f27a17e7
mot_frames,mot_val1,mot,strip:1,bdd100k/images/track/val/b1f4491b-cf446195/b1f4491b-cf446195-0000181.jpg,1980576212,102474,102744,8,a88f9ba0
mot_frames,mot_val1,mot,strip:1,bdd100k/images/track/val/b1f4491b-cf446195/b1f4491b-cf446195-0000182.jpg,1994474981,96802,97182,8,e4f5c8f3
mot_frames,mot_val1,mot,strip:1,bdd100k/images/track/val/b1f4491b-cf446195/b1f4491b-cf446195-0000183.jpg,1987298036,94340,94772,8,4bbde6cf
mot_frames,mot_val1,mot,strip:1,bdd100k/images/track/val/b1f4491b-cf446195/b1f4491b-cf446195-0000184.jpg,1987061834,142398,143346,8,6302fbb0
mot_frames,mot_val1,mot,strip:1,bdd100k/images/track/val/b1f4491b-cf446195/b1f4491b-cf446195-0000185.jpg,1995024901,93175,93626,8,1fa1b7cb
mot_frames,mot_val1,mot,strip:1,bdd100k/images/track/val/b1f4491b-cf446195/b1f4491b-cf446195-0000186.jpg,1980360968,116655,117277,8,13834db1
mot_frames,mot_val1,mot,strip:1,bdd100k/images/track/val/b1f4491b-cf446195/b1f4491b-cf446195-0000187.jpg,1984425520,92000,92389,8,1cbcf784
mot_frames,mot_val1,mot,strip:1,bdd100k/images/track/val/b1f4491b-cf446195/b1f4491b-cf446195-0000188.jpg,1979893880,121441,122127,8,c96dd45e
mot_frames,mot_val1,mot,strip:1,bdd100k/images/track/val/b1f4491b-cf446195/b1f4491b-cf446195-0000189.jpg,1984714812,119610,119973,8,6f777bb0
mot_frames,mot_val1,mot,strip:1,bdd100k/images/track/val/b1f4491b-cf446195/b1f4491b-cf446195-0000190.jpg,1975035637,120861,121342,8,ff57bd5f
mot_frames,mot_val1,mot,strip:1,bdd100k/images/track/val/b1f4491b-cf446195/b1f4491b-cf446195-0000191.jpg,1983449051,120629,120992,8,92caa392
mot_frames,mot_val1,mot,strip:1,bdd100k/images/track/val/b1f4491b-cf446195/b1f4491b-cf446195-0000192.jpg,1991600133,133355,134406,8,dd671a30
mot_frames,mot_val1,mot,strip:1,bdd100k/images/track/val/b1f4491b-cf446195/b1f4491b-cf446195-0000193.jpg,1995538185,120858,121318,8,c86f9dbf
mot_frames,mot_val1,mot,strip:1,bdd100k/images/track/val/b1f4491b-cf446195/b1f4491b-cf446195-0000194.jpg,1995333505,86256,86716,8,64a25002
mot_frames,mot_val1,mot,strip:1,bdd100k/images/track/val/b1f4491b-cf446195/b1f4491b-cf446195-0000195.jpg,1992147785,104877,105374,8,32eeba12
mot_frames,mot_val1,mot,strip:1,bdd100k/images/track/val/b1f4491b-cf446195/b1f4491b-cf446195-0000196.jpg,1983126325,87968,88575,8,b04c4bdb
mot_frames,mot_val1,mot,strip:1,bdd100k/images/track/val/b1f4491b-cf446195/b1f4491b-cf446195-0000197.jpg,1975453746,82400,82884,8,e02c5bc2
mot_frames,mot_val1,mot,strip:1,bdd100k/images/track/val/b1f4491b-cf446195/b1f4491b-cf446195-0000198.jpg,1982849915,101417,101780,8,c7c420c3
mot_frames,mot_val1,mot,strip:1,bdd100k/images/track/val/b1f4491b-cf446195/b1f4491b-cf446195-0000199.jpg,1975877650,84950,85410,8,0eddf3de
mot_frames,mot_val1,mot,strip:1,bdd100k/images/track/val/b1f4491b-cf446195/b1f4491b-cf446195-0000200.jpg,1979219798,131807,132542,8,a7b62e4c
mot_frames,mot_val1,mot,strip:1,bdd100k/images/track/val/b1f4491b-cf446195/b1f4491b-cf446195-0000201.jpg,1985205630,112455,112919,8,4257c751
mot_frames,mot_val1,mot,strip:1,bdd100k/images/track/val/b1f4491b-cf446195/b1f4491b-cf446195-0000202.jpg,1988616979,106634,106861,8,55367bd5
mot_frames,mot_val1,mot,strip:1,bdd100k/images/track/val/b1ff4656-0435391e/b1ff4656-0435391e-0000001.jpg,3607398131,102642,103741,8,49038bfa
mot_frames,mot_val1,mot,strip:1,bdd100k/images/track/val/b1ff4656-0435391e/b1ff4656-0435391e-0000002.jpg,3610199521,114658,115666,8,ab69ec0f
mot_frames,mot_val1,mot,strip:1,bdd100k/images/track/val/b1ff4656-0435391e/b1ff4656-0435391e-0000003.jpg,3617567481,154790,155693,8,6710fc81
mot_frames,mot_val1,mot,strip:1,bdd100k/images/track/val/b1ff4656-0435391e/b1ff4656-0435391e-0000004.jpg,3617413524,153827,154742,8,75223b51
mot_frames,mot_val1,mot,strip:1,bdd100k/images/track/val/b1ff4656-0435391e/b1ff4656-0435391e-0000005.jpg,3610708333,122485,123698,8,4f1a67d8
mot_frames,mot_val1,mot,strip:1,bdd100k/images/track/val/b1ff4656-0435391e/b1ff4656-0435391e-0000006.jpg,3607059422,93002,94098,8,e069458e
mot_frames,mot_val1,mot,strip:1,bdd100k/images/track/val/b1ff4656-0435391e/b1ff4656-0435391e-0000007.jpg,3602249034,137681,138829,8,87bf4e17
mot_frames,mot_val1,mot,strip:1,bdd100k/images/track/val/b1ff4656-0435391e/b1ff4656-0435391e-0000008.jpg,3606818193,156430,157373,8,bf808cbc
mot_frames,mot_val1,mot,strip:1,bdd100k/images/track/val/b1ff4656-0435391e/b1ff4656-0435391e-0000009.jpg,3602677108,159516,160414,8,9d66a4cd
mot_frames,mot_val1,mot,strip:1,bdd100k/images/track/val/b1ff4656-0435391e/b1ff4656-0435391e-0000010.jpg,3604748180,119440,119981,8,de31a592
mot_frames,mot_val1,mot,strip:1,bdd100k/images/track/val/b1ff4656-0435391e/b1ff4656-0435391e-0000011.jpg,3597771175,120052,120694,8,a5649f70
mot_frames,mot_val1,mot,strip:1,bdd100k/images/track/val/b1ff4656-0435391e/b1ff4656-0435391e-0000012.jpg,3619333815,112515,113205,8,4dba82ae
mot_frames,mot_val1,mot,strip:1,bdd100k/images/track/val/b1ff4656-0435391e/b1ff4656-0435391e-0000013.jpg,3614440356,159678,160382,8,b46d0ecd
mot_frames,mot_val1,mot,strip:1,bdd100k/images/track/val/b1ff4656-0435391e/b1ff4656-0435391e-0000014.jpg,3614278753,161473,162131,8,7e816078
mot_frames,mot_val1,mot,strip:1,bdd100k/images/track/val/b1ff4656-0435391e/b1ff4656-0435391e-0000015.jpg,3619810518,82358,82747,8,f4a38c8d
mot_frames,mot_val1,mot,strip:1,bdd100k/images/track/val/b1ff4656-0435391e/b1ff4656-0435391e-0000016.jpg,3597669920,101125,101342,8,06a0156f
mot_frames,mot_val1,mot,strip:1,bdd100k/images/track/val/b1ff4656-0435391e/b1ff4656-0435391e-0000017.jpg,3605336143,87741,87909,8,6e0d3117
mot_frames,mot_val1,mot,strip:1,bdd100k/images/track/val/b1ff4656-0435391e/b1ff4656-0435391e-0000018.jpg,3597154896,158396,158561,8,1e9c9e7b
mot_frames,mot_val1,mot,strip:1,bdd100k/images/track/val/b1ff4656-0435391e/b1ff4656-0435391e-0000019.jpg,3605520590,152096,152214,8,f4391f8d
mot_frames,mot_val1,mot,strip:1,bdd100k/images/track/val/b1ff4656-0435391e/b1ff4656-0435391e-0000020.jpg,3620023577,155630,155780,8,16873dce
mot_frames,mot_val1,mot,strip:1,bdd100k/images/track/val/b1ff4656-0435391e/b1ff4656-0435391e-0000021.jpg,3613766830,169337,169506,8,92f94986
mot_frames,mot_val1,mot,strip:1,bdd100k/images/track/val/b1ff4656-0435391e/b1ff4656-0435391e-0000022.jpg,3604080041,161691,161858,8,e6fc1051
mot_frames,mot_val1,mot,strip:1,bdd100k/images/track/val/b1ff4656-0435391e/b1ff4656-0435391e-0000023.jpg,3598865758,186899,187368,8,0db8a29a
mot_frames,mot_val1,mot,strip:1,bdd100k/images/track/val/b1ff4656-0435391e/b1ff4656-0435391e-0000024.jpg,3598247224,166147,166355,8,d8ad05bf
mot_frames,mot_val1,mot,strip:1,bdd100k/images/track/val/b1ff4656-0435391e/b1ff4656-0435391e-0000025.jpg,3604241862,159744,159931,8,e0406d84
mot_frames,mot_val1,mot,strip:1,bdd100k/images/track/val/b1ff4656-0435391e/b1ff4656-0435391e-0000026.jpg,3613374933,171030,171222,8,5e704b11
mot_frames,mot_val1,mot,strip:1,bdd100k/images/track/val/b1ff4656-0435391e/b1ff4656-0435391e-0000027.jpg,3620290926,162511,162744,8,59ae6bfe
mot_frames,mot_val1,mot,strip:1,bdd100k/images/track/val/b1ff4656-0435391e/b1ff4656-0435391e-0000028.jpg,3612880223,162592,162770,8,89db489a
mot_frames,mot_val1,mot,strip:1,bdd100k/images/track/val/b1ff4656-0435391e/b1ff4656-0435391e-0000029.jpg,3620568219,167656,167839,8,91153ce7
mot_frames,mot_val1,mot,strip:1,bdd100k/images/track/val/b1ff4656-0435391e/b1ff4656-0435391e-0000030.jpg,3611093521,167705,167865,8,6dcf75cf
mot_frames,mot_val1,mot,strip:1,bdd100k/images/track/val/b1ff4656-0435391e/b1ff4656-0435391e-0000031.jpg,3617004963,186371,186929,8,cf316c6d
mot_frames,mot_val1,mot,strip:1,bdd100k/images/track/val/b1ff4656-0435391e/b1ff4656-0435391e-0000032.jpg,3601070129,165243,165381,8,c2b7c0b1
mot_frames,mot_val1,mot,strip:1,bdd100k/images/track/val/b1ff4656-0435391e/b1ff4656-0435391e-0000033.jpg,3608455048,164338,164607,8,91f4e48f
mot_frames,mot_val1,mot,strip:1,bdd100k/images/track/val/b1ff4656-0435391e/b1ff4656-0435391e-0000034.jpg,3607645576,177270,177517,8,a34b15a4
mot_frames,mot_val1,mot,strip:1,bdd100k/images/track/val/b1ff4656-0435391e/b1ff4656-0435391e-0000035.jpg,3601235502,172706,172941,8,76d3f53f
mot_frames,mot_val1,mot,strip:1,bdd100k/images/track/val/b1ff4656-0435391e/b1ff4656-0435391e-0000036.jpg,3616283961,166876,167082,8,ff614686
mot_frames,mot_val1,mot,strip:1,bdd100k/images/track/val/b1ff4656-0435391e/b1ff4656-0435391e-0000037.jpg,3611261356,172337,172566,8,628c8bf3
mot_frames,mot_val1,mot,strip:1,bdd100k/images/track/val/b1ff4656-0435391e/b1ff4656-0435391e-0000038.jpg,3615832423,169613,169847,8,5d81bc37
mot_frames,mot_val1,mot,strip:1,bdd100k/images/track/val/b1ff4656-0435391e/b1ff4656-0435391e-0000039.jpg,3611649298,186042,186702,8,a1172de6
mot_frames,mot_val1,mot,strip:1,bdd100k/images/track/val/b1ff4656-0435391e/b1ff4656-0435391e-0000040.jpg,3600412155,174715,174994,8,54f64cb4
mot_frames,mot_val1,mot,strip:1,bdd100k/images/track/val/b1ff4656-0435391e/b1ff4656-0435391e-0000041.jpg,3608721317,174950,175222,8,a00365b9
mot_frames,mot_val1,mot,strip:1,bdd100k/images/track/val/b1ff4656-0435391e/b1ff4656-0435391e-0000042.jpg,3612135430,193035,193389,8,e1fa7f50
mot_frames,mot_val1,mot,strip:1,bdd100k/images/track/val/b1ff4656-0435391e/b1ff4656-0435391e-0000043.jpg,3615375861,185441,185675,8,d1360ad3
mot_frames,mot_val1,mot,strip:1,bdd100k/images/track/val/b1ff4656-0435391e/b1ff4656-0435391e-0000044.jpg,3616002166,186076,186284,8,796a7c0e
mot_frames,mot_val1,mot,strip:1,bdd100k/images/track/val/b1ff4656-0435391e/b1ff4656-0435391e-0000045.jpg,3611835470,190290,190512,8,a4e3a7e1
mot_frames,mot_val1,mot,strip:1,bdd100k/images/track/val/b1ff4656-0435391e/b1ff4656-0435391e-0000046.jpg,3609198496,178223,178363,8,eea5f5de
mot_frames,mot_val1,mot,strip:1,bdd100k/images/track/val/b1ff4656-0435391e/b1ff4656-0435391e-0000047.jpg,3600025900,182614,184224,8,cc9b0cb7
mot_frames,mot_val1,mot,strip:1,bdd100k/images/track/val/b1ff4656-0435391e/b1ff4656-0435391e-0000048.jpg,3607953937,164794,165028,8,4745c632
mot_frames,mot_val1,mot,strip:1,bdd100k/images/track/val/b1ff4656-0435391e/b1ff4656-0435391e-0000049.jpg,3601513946,155848,156091,8,64149cf8
mot_frames,mot_val1,mot,strip:1,bdd100k/images/track/val/b1ff4656-0435391e/b1ff4656-0435391e-0000050.jpg,3603601827,176455,176736,8,426f70e8
mot_frames,mot_val1,mot,strip:1,bdd100k/images/track/val/b1ff4656-0435391e/b1ff4656-0435391e-0000051.jpg,3599178507,147604,147906,8,9f1735d3
mot_frames,mot_val1,mot,strip:1,bdd100k/images/track/val/b1ff4656-0435391e/b1ff4656-0435391e-0000052.jpg,3621192003,158379,158603,8,4e66a712
mot_frames,mot_val1,mot,strip:1,bdd100k/images/track/val/b1ff4656-0435391e/b1ff4656-0435391e-0000053.jpg,3612627346,159431,159679,8,b1252636
mot_frames,mot_val1,mot,strip:1,bdd100k/images/track/val/b1ff4656-0435391e/b1ff4656-0435391e-0000054.jpg,3613225040,149763,149931,8,9e862a7f
mot_frames,mot_val1,mot,strip:1,bdd100k/images/track/val/b1ff4656-0435391e/b1ff4656-0435391e-0000055.jpg,3620954144,148942,149900,8,79251300
mot_frames,mot_val1,mot,strip:1,bdd100k/images/track/val/b1ff4656-0435391e/b1ff4656-0435391e-0000056.jpg,3599759102,146957,147190,8,b32a2a60
mot_frames,mot_val1,mot,strip:1,bdd100k/images/track/val/b1ff4656-0435391e/b1ff4656-0435391e-0000057.jpg,3603389225,146935,147131,8,6f05e3c0
mot_frames,mot_val1,mot,strip:1,bdd100k/images/track/val/b1ff4656-0435391e/b1ff4656-0435391e-0000058.jpg,3598489195,165384,165597,8,444b2543
mot_frames,mot_val1,mot,strip:1,bdd100k/images/track/val/b1ff4656-0435391e/b1ff4656-0435391e-0000059.jpg,3604490664,151812,152006,8,bbdc7d07
mot_frames,mot_val1,mot,strip:1,bdd100k/images/track/val/b1ff4656-0435391e/b1ff4656-0435391e-0000060.jpg,3619101257,128395,128590,8,88dc0a51
mot_frames,mot_val1,mot,strip:1,bdd100k/images/track/val/b1ff4656-0435391e/b1ff4656-0435391e-0000061.jpg,3614915262,99546,100016,8,e361bbe1
mot_frames,mot_val1,mot,strip:1,bdd100k/images/track/val/b1ff4656-0435391e/b1ff4656-0435391e-0000062.jpg,3606159146,77711,77982,8,281162f0
mot_frames,mot_val1,mot,strip:1,bdd100k/images/track/val/b1ff4656-0435391e/b1ff4656-0435391e-0000063.jpg,3596947621,102463,102842,8,eebf9af8
mot_frames,mot_val1,mot,strip:1,bdd100k/images/track/val/b1ff4656-0435391e/b1ff4656-0435391e-0000064.jpg,3597050214,104552,104831,8,049b7bd7
mot_frames,mot_val1,mot,strip:1,bdd100k/images/track/val/b1ff4656-0435391e/b1ff4656-0435391e-0000065.jpg,3605424014,96446,96802,8,0e64ffac
mot_frames,mot_val1,mot,strip:1,bdd100k/images/track/val/b1ff4656-0435391e/b1ff4656-0435391e-0000066.jpg,3615114451,70420,70816,8,efeb9da4
mot_frames,mot_val1,mot,strip:1,bdd100k/images/track/val/b1ff4656-0435391e/b1ff4656-0435391e-0000067.jpg,3618566125,106949,107215,8,bcbf935f
mot_frames,mot_val1,mot,strip:1,bdd100k/images/track/val/b1ff4656-0435391e/b1ff4656-0435391e-0000068.jpg,3614042299,94211,94498,8,6efd36e1
mot_frames,mot_val1,mot,strip:1,bdd100k/images/track/val/b1ff4656-0435391e/b1ff4656-0435391e-0000069.jpg,3619586127,85012,85321,8,bf0d78fd
mot_frames,mot_val1,mot,strip:1,bdd100k/images/track/val/b1ff4656-0435391e/b1ff4656-0435391e-0000070.jpg,3610130969,68422,68721,8,dec72054
mot_frames,mot_val1,mot,strip:1,bdd100k/images/track/val/b1ff4656-0435391e/b1ff4656-0435391e-0000071.jpg,3618132009,113510,113870,8,33232266
mot_frames,mot_val1,mot,strip:1,bdd100k/images/track/val/b1ff4656-0435391e/b1ff4656-0435391e-0000072.jpg,3603070332,92527,92847,8,a1ac4885
mot_frames,mot_val1,mot,strip:1,bdd100k/images/track/val/b1ff4656-0435391e/b1ff4656-0435391e-0000073.jpg,3606427868,79056,79307,8,3eb34060
mot_frames,mot_val1,mot,strip:1,bdd100k/images/track/val/b1ff4656-0435391e/b1ff4656-0435391e-0000074.jpg,3606507054,70249,70650,8,84659e1d
mot_frames,mot_val1,mot,strip:1,bdd100k/images/track/val/b1ff4656-0435391e/b1ff4656-0435391e-0000075.jpg,3602386845,75004,75407,8,b774df00
mot_frames,mot_val1,mot,strip:1,bdd100k/images/track/val/b1ff4656-0435391e/b1ff4656-0435391e-0000076.jpg,3618245649,119549,119782,8,f2fe4295
mot_frames,mot_val1,mot,strip:1,bdd100k/images/track/val/b1ff4656-0435391e/b1ff4656-0435391e-0000077.jpg,3609479321,120432,120633,8,049800b5
mot_frames,mot_val1,mot,strip:1,bdd100k/images/track/val/b1ff4656-0435391e/b1ff4656-0435391e-0000078.jpg,3617328662,84732,84969,8,8875d2a7
mot_frames,mot_val1,mot,strip:1,bdd100k/images/track/val/b1ff4656-0435391e/b1ff4656-0435391e-0000079.jpg,3610578253,129950,130106,8,c25cefb7
mot_frames,mot_val1,mot,strip:1,bdd100k/images/track/val/b1ff4656-0435391e/b1ff4656-0435391e-0000080.jpg,3599052787,125590,125736,8,bab05aff
mot_frames,mot_val1,mot,strip:1,bdd100k/images/track/val/b1ff4656-0435391e/b1ff4656-0435391e-0000081.jpg,3603536290,65407,65822,8,c504804d
mot_frames,mot_val1,mot,strip:1,bdd100k/images/track/val/b1ff4656-0435391e/b1ff4656-0435391e-0000082.jpg,3612525305,101911,102195,8,4186eb04
mot_frames,mot_val1,mot,strip:1,bdd100k/images/track/val/b1ff4656-0435391e/b1ff4656-0435391e-0000083.jpg,3621103216,88657,88855,8,5220fa2c
mot_frames,mot_val1,mot,strip:1,bdd100k/images/track/val/b1ff4656-0435391e/b1ff4656-0435391e-0000084.jpg,3620869020,84994,85393,8,d79ae496
mot_frames,mot_val1,mot,strip:1,bdd100k/images/track/val/b1ff4656-0435391e/b1ff4656-0435391e-0000085.jpg,3613154513,70397,70728,8,89bcefa3
mot_frames,mot_val1,mot,strip:1,bdd100k/images/track/val/b1ff4656-0435391e/b1ff4656-0435391e-0000086.jpg,3603295754,93341,93593,8,6c4e9eb7
mot_frames,mot_val1,mot,strip:1,bdd100k/images/track/val/b1ff4656-0435391e/b1ff4656-0435391e-0000087.jpg,3599660263,98709,99022,8,3e309449
mot_frames,mot_val1,mot,strip:1,bdd100k/images/track/val/b1ff4656-0435391e/b1ff4656-0435391e-0000088.jpg,3604401736,88798,89222,8,57e45dd0
mot_frames,mot_val1,mot,strip:1,bdd100k/images/track/val/b1ff4656-0435391e/b1ff4656-0435391e-0000089.jpg,3598413501,75564,75889,8,af7b9e0e
mot_frames,mot_val1,mot,strip:1,bdd100k/images/track/val/b1ff4656-0435391e/b1ff4656-0435391e-0000090.jpg,3608896397,101339,101708,8,39f85b34
mot_frames,mot_val1,mot,strip:1,bdd100k/images/track/val/b1ff4656-0435391e/b1ff4656-0435391e-0000091.jpg,3600587000,98571,98893,8,4dc904e6
mot_frames,mot_val1,mot,strip:1,bdd100k/images/track/val/b1ff4656-0435391e/b1ff4656-0435391e-0000092.jpg,3615561432,73426,73778,8,54d5f90b
mot_frames,mot_val1,mot,strip:1,bdd100k/images/track/val/b1ff4656-0435391e/b1ff4656-0435391e-0000093.jpg,3612328595,74559,74872,8,3899021c
mot_frames,mot_val1,mot,strip:1,bdd100k/images/track/val/b1ff4656-0435391e/b1ff4656-0435391e-0000094.jpg,3612025890,109410,109660,8,525f737f
mot_frames,mot_val1,mot,strip:1,bdd100k/images/track/val/b1ff4656-0435391e/b1ff4656-0435391e-0000095.jpg,3616188372,95459,95936,8,e7cc4475
mot_frames,mot_val1,mot,strip:1,bdd100k/images/track/val/b1ff4656-0435391e/b1ff4656-0435391e-0000096.jpg,3600208644,94607,94885,8,2069974e
mot_frames,mot_val1,mot,strip:1,bdd100k/images/track/val/b1ff4656-0435391e/b1ff4656-0435391e-0000097.jpg,3609376849,102342,102563,8,c7c78514
mot_frames,mot_val1,mot,strip:1,bdd100k/images/track/val/b1ff4656-0435391e/b1ff4656-0435391e-0000098.jpg,3601669924,137099,137301,8,f2f97c79
mot_frames,mot_val1,mot,strip:1,bdd100k/images/track/val/b1ff4656-0435391e/b1ff4656-0435391e-0000099.jpg,3608118861,130727,130910,8,c64d326b
mot_frames,mot_val1,mot,strip:1,bdd100k/images/track/val/b1ff4656-0435391e/b1ff4656-0435391e-0000100.jpg,3598654709,124721,124909,8,002df751
mot_frames,mot_val1,mot,strip:1,bdd100k/images/track/val/b1ff4656-0435391e/b1ff4656-0435391e-0000101.jpg,3604642606,105444,105686,8,7884be3d
mot_frames,mot_val1,mot,strip:1,bdd100k/images/track/val/b1ff4656-0435391e/b1ff4656-0435391e-0000102.jpg,3613546093,83338,83709,8,b969a408
mot_frames,mot_val1,mot,strip:1,bdd100k/images/track/val/b1ff4656-0435391e/b1ff4656-0435391e-0000103.jpg,3620453567,114522,114856,8,d6508ca3
mot_frames,mot_val1,mot,strip:1,bdd100k/images/track/val/b1ff4656-0435391e/b1ff4656-0435391e-0000104.jpg,3619893006,130441,130664,8,e859947a
mot_frames,mot_val1,mot,strip:1,bdd100k/images/track/val/b1ff4656-0435391e/b1ff4656-0435391e-0000105.jpg,3613629561,137139,137286,8,6b60eb77
mot_frames,mot_val1,mot,strip:1,bdd100k/images/track/val/b1ff4656-0435391e/b1ff4656-0435391e-0000106.jpg,3603975234,104677,104873,8,253e114d
mot_frames,mot_val1,mot,strip:1,bdd100k/images/track/val/b1ff4656-0435391e/b1ff4656-0435391e-0000107.jpg,3598779560,86068,86324,8,98e0e5cc
mot_frames,mot_val1,mot,strip:1,bdd100k/images/track/val/b1ff4656-0435391e/b1ff4656-0435391e-0000108.jpg,3603778412,78081,78416,8,021f12a5
mot_frames,mot_val1,mot,strip:1,bdd100k/images/track/val/b1ff4656-0435391e/b1ff4656-0435391e-0000109.jpg,3599326241,121870,121996,8,12bfdb88
mot_frames,mot_val1,mot,strip:1,bdd100k/images/track/val/b1ff4656-0435391e/b1ff4656-0435391e-0000110.jpg,3607822976,130831,130947,8,690c37c2
mot_frames,mot_val1,mot,strip:1,bdd100k/images/track/val/b1ff4656-0435391e/b1ff4656-0435391e-0000111.jpg,3601408338,105478,105714,8,44fe6b03
mot_frames,mot_val1,mot,strip:1,bdd100k/images/track/val/b1ff4656-0435391e/b1ff4656-0435391e-0000112.jpg,3616450967,104601,104856,8,59410a9e
mot_frames,mot_val1,mot,strip:1,bdd100k/images/track/val/b1ff4656-0435391e/b1ff4656-0435391e-0000113.jpg,3611433823,91409,91668,8,c7cff56c
mot_frames,mot_val1,mot,strip:1,bdd100k/images/track/val/b1ff4656-0435391e/b1ff4656-0435391e-0000114.jpg,3610830948,134363,134496,8,fa5786a0
mot_frames,mot_val1,mot,strip:1,bdd100k/images/track/val/b1ff4656-0435391e/b1ff4656-0435391e-0000115.jpg,3616736296,139487,139596,8,819e5502
mot_frames,mot_val1,mot,strip:1,bdd100k/images/track/val/b1ff4656-0435391e/b1ff4656-0435391e-0000116.jpg,3600957437,112562,112720,8,3d98989d
mot_frames,mot_val1,mot,strip:1,bdd100k/images/track/val/b1ff4656-0435391e/b1ff4656-0435391e-0000117.jpg,3608354124,100794,101046,8,2dd3690b
mot_frames,mot_val1,mot,strip:1,bdd100k/images/track/val/b1ff4656-0435391e/b1ff4656-0435391e-0000118.jpg,3600303381,108644,108896,8,b9f5a510
mot_frames,mot_val1,mot,strip:1,bdd100k/images/track/val/b1ff4656-0435391e/b1ff4656-0435391e-0000119.jpg,3608619516,101671,101895,8,7e078620
mot_frames,mot_val1,mot,strip:1,bdd100k/images/track/val/b1ff4656-0435391e/b1ff4656-0435391e-0000120.jpg,3617191464,137068,137185,8,a9e7c643
mot_frames,mot_val1,mot,strip:1,bdd100k/images/track/val/b1ff4656-0435391e/b1ff4656-0435391e-0000121.jpg,3610442465,135658,135764,8,33d8630b
mot_frames,mot_val1,mot,strip:1,bdd100k/images/track/val/b1ff4656-0435391e/b1ff4656-0435391e-0000122.jpg,3606974753,84539,84799,8,a6d982ef
mot_frames,mot_val1,mot,strip:1,bdd100k/images/track/val/b1ff4656-0435391e/b1ff4656-0435391e-0000123.jpg,3602148525,100379,100641,8,db5dbb15
mot_frames,mot_val1,mot,strip:1,bdd100k/images/track/val/b1ff4656-0435391e/b1ff4656-0435391e-0000124.jpg,3602041850,106545,106716,8,35bab5b6
mot_frames,mot_val1,mot,strip:1,bdd100k/images/track/val/b1ff4656-0435391e/b1ff4656-0435391e-0000125.jpg,3607500903,144543,144705,8,39420121
mot_frames,mot_val1,mot,strip:1,bdd100k/images/track/val/b1ff4656-0435391e/b1ff4656-0435391e-0000126.jpg,3610314309,128026,128191,8,8122e068
mot_frames,mot_val1,mot,strip:1,bdd100k/images/track/val/b1ff4656-0435391e/b1ff4656-0435391e-0000127.jpg,3617722401,97978,98309,8,13d99615
mot_frames,mot_val1,mot,strip:1,bdd100k/images/track/val/b1ff4656-0435391e/b1ff4656-0435391e-0000128.jpg,3610048248,82591,82833,8,b31c1b3a
mot_frames,mot_val1,mot,strip:1,bdd100k/images/track/val/b1ff4656-0435391e/b1ff4656-0435391e-0000129.jpg,3618036239,95640,95925,8,6a0f50fa
mot_frames,mot_val1,mot,strip:1,bdd100k/images/track/val/b1ff4656-0435391e/b1ff4656-0435391e-0000130.jpg,3614136640,141983,142167,8,fce7950e
mot_frames,mot_val1,mot,strip:1,bdd100k/images/track/val/b1ff4656-0435391e/b1ff4656-0435391e-0000131.jpg,3619671269,139119,139222,8,6f1cd5b1
mot_frames,mot_val1,mot,strip:1,bdd100k/images/track/val/b1ff4656-0435391e/b1ff4656-0435391e-0000132.jpg,3597560594,109196,109461,8,84aeaebf
mot_frames,mot_val1,mot,strip:1,bdd100k/images/track/val/b1ff4656-0435391e/b1ff4656-0435391e-0000133.jpg,3605232056,103957,104189,8,3255d9a3
mot_frames,mot_val1,mot,strip:1,bdd100k/images/track/val/b1ff4656-0435391e/b1ff4656-0435391e-0000134.jpg,3605127170,104756,104940,8,a8dea61a
mot_frames,mot_val1,mot,strip:1,bdd100k/images/track/val/b1ff4656-0435391e/b1ff4656-0435391e-0000135.jpg,3598117938,129156,129291,8,221e882f
mot_frames,mot_val1,mot,strip:1,bdd100k/images/track/val/b1ff4656-0435391e/b1ff4656-0435391e-0000136.jpg,3619446460,139537,139673,8,b6847f2d
mot_frames,mot_val1,mot,strip:1,bdd100k/images/track/val/b1ff4656-0435391e/b1ff4656-0435391e-0000137.jpg,3614600164,81185,81570,8,66b4e538
mot_frames,mot_val1,mot,strip:1,bdd100k/images/track/val/b1ff4656-0435391e/b1ff4656-0435391e-0000138.jpg,3619229782,103903,104263,8,ee6dd1f3
mot_frames,mot_val1,mot,strip:1,bdd100k/images/track/val/b1ff4656-0435391e/b1ff4656-0435391e-0000139.jpg,3615014938,99383,99661,8,60f61d9e
mot_frames,mot_val1,mot,strip:1,bdd100k/images/track/val/b1ff4656-0435391e/b1ff4656-0435391e-0000140.jpg,3597441161,119303,119461,8,91f1b2ed
mot_frames,mot_val1,mot,strip:1,bdd100k/images/track/val/b1ff4656-0435391e/b1ff4656-0435391e-0000141.jpg,3605777444,128314,128489,8,73fd0345
mot_frames,mot_val1,mot,strip:1,bdd100k/images/track/val/b1ff4656-0435391e/b1ff4656-0435391e-0000142.jpg,3615282677,93054,93498,8,f904d364
mot_frames,mot_val1,mot,strip:1,bdd100k/images/track/val/b1ff4656-0435391e/b1ff4656-0435391e-0000143.jpg,3618776336,124347,124515,8,64742034
mot_frames,mot_val1,mot,strip:1,bdd100k/images/track/val/b1ff4656-0435391e/b1ff4656-0435391e-0000144.jpg,3619003070,98057,98334,8,7310f9a8
mot_frames,mot_val1,mot,strip:1,bdd100k/images/track/val/b1ff4656-0435391e/b1ff4656-0435391e-0000145.jpg,3614791039,124093,124263,8,0e3974ec
mot_frames,mot_val1,mot,strip:1,bdd100k/images/track/val/b1ff4656-0435391e/b1ff4656-0435391e-0000146.jpg,3606024094,134922,135087,8,66887991
mot_frames,mot_val1,mot,strip:1,bdd100k/images/track/val/b1ff4656-0435391e/b1ff4656-0435391e-0000147.jpg,3596839356,108135,108319,8,e19b990e
mot_frames,mot_val1,mot,strip:1,bdd100k/images/track/val/b1ff4656-0435391e/b1ff4656-0435391e-0000148.jpg,3605001948,125092,125252,8,c6b897c3
mot_frames,mot_val1,mot,strip:1,bdd100k/images/track/val/b1ff4656-0435391e/b1ff4656-0435391e-0000149.jpg,3598016240,101568,101917,8,9e43a500
mot_frames,mot_val1,mot,strip:1,bdd100k/images/track/val/b1ff4656-0435391e/b1ff4656-0435391e-0000150.jpg,3606577433,125194,125421,8,ae30125f
mot_frames,mot_val1,mot,strip:1,bdd100k/images/track/val/b1ff4656-0435391e/b1ff4656-0435391e-0000151.jpg,3602461979,128756,128920,8,8aa28264
mot_frames,mot_val1,mot,strip:1,bdd100k/images/track/val/b1ff4656-0435391e/b1ff4656-0435391e-0000152.jpg,3618365328,96831,97190,8,c9241548
mot_frames,mot_val1,mot,strip:1,bdd100k/images/track/val/b1ff4656-0435391e/b1ff4656-0435391e-0000153.jpg,3609599883,129446,129583,8,ea4ead2c
mot_frames,mot_val1,mot,strip:1,bdd100k/images/track/val/b1ff4656-0435391e/b1ff4656-0435391e-0000154.jpg,3609837506,92623,92863,8,ce4e511a
mot_frames,mot_val1,mot,strip:1,bdd100k/images/track/val/b1ff4656-0435391e/b1ff4656-0435391e-0000155.jpg,3617820509,132638,132786,8,daaa6076
mot_frames,mot_val1,mot,strip:1,bdd100k/images/track/val/b1ff4656-0435391e/b1ff4656-0435391e-0000156.jpg,3602836754,140640,140774,8,1b491018
mot_frames,mot_val1,mot,strip:1,bdd100k/images/track/val/b1ff4656-0435391e/b1ff4656-0435391e-0000157.jpg,3606236987,91377,91709,8,49352571
mot_frames,mot_val1,mot,strip:1,bdd100k/images/track/val/b1ff4656-0435391e/b1ff4656-0435391e-0000158.jpg,3601807153,123459,123613,8,da8adafe
mot_frames,mot_val1,mot,strip:1,bdd100k/images/track/val/b1ff4656-0435391e/b1ff4656-0435391e-0000159.jpg,3607152554,120120,120235,8,532f29c4
mot_frames,mot_val1,mot,strip:1,bdd100k/images/track/val/b1ff4656-0435391e/b1ff4656-0435391e-0000160.jpg,3615724120,108173,108373,8,6f6cffd7
mot_frames,mot_val1,mot,strip:1,bdd100k/images/track/val/b1ff4656-0435391e/b1ff4656-0435391e-0000161.jpg,3611525362,123806,123942,8,7cf9d986
mot_frames,mot_val1,mot,strip:1,bdd100k/images/track/val/b1ff4656-0435391e/b1ff4656-0435391e-0000162.jpg,3609114639,83727,83934,8,2c0cab0a
mot_frames,mot_val1,mot,strip:1,bdd100k/images/track/val/b1ff4656-0435391e/b1ff4656-0435391e-0000163.jpg,3599906189,119581,119736,8,61793edd
mot_frames,mot_val1,mot,strip:1,bdd100k/images/track/val/b1ff4656-0435391e/b1ff4656-0435391e-0000164.jpg,3600685701,122152,122320,8,a949cd51
mot_frames,mot_val1,mot,strip:1,bdd100k/images/track/val/b1ff4656-0435391e/b1ff4656-0435391e-0000165.jpg,3608997866,116643,116817,8,90b08b90
mot_frames,mot_val1,mot,strip:1,bdd100k/images/track/val/b1ff4656-0435391e/b1ff4656-0435391e-0000166.jpg,3612403284,121891,122027,8,c683131a
mot_frames,mot_val1,mot,strip:1,bdd100k/images/track/val/b1ff4656-0435391e/b1ff4656-0435391e-0000167.jpg,3615634988,89002,89191,8,3c71beef
mot_frames,mot_val1,mot,strip:1,bdd100k/images/track/val/b1ff4656-0435391e/b1ff4656-0435391e-0000168.jpg,3610965441,127950,128104,8,5c18e34b
mot_frames,mot_val1,mot,strip:1,bdd100k/images/track/val/b1ff4656-0435391e/b1ff4656-0435391e-0000169.jpg,3616875913,128920,129048,8,d786fc8a
mot_frames,mot_val1,mot,strip:1,bdd100k/images/track/val/b1ff4656-0435391e/b1ff4656-0435391e-0000170.jpg,3613042945,111438,111597,8,32196233
mot_frames,mot_val1,mot,strip:1,bdd100k/images/track/val/b1ff4656-0435391e/b1ff4656-0435391e-0000171.jpg,3620736005,132885,133038,8,ee8c49e5
mot_frames,mot_val1,mot,strip:1,bdd100k/images/track/val/b1ff4656-0435391e/b1ff4656-0435391e-0000172.jpg,3599569605,90528,90733,8,424b7b25
mot_frames,mot_val1,mot,strip:1,bdd100k/images/track/val/b1ff4656-0435391e/b1ff4656-0435391e-0000173.jpg,3603162989,132635,132782,8,a0ceed77
mot_frames,mot_val1,mot,strip:1,bdd100k/images/track/val/b1ff4656-0435391e/b1ff4656-0435391e-0000174.jpg,3603856623,118481,118647,8,eb62b27d
mot_frames,mot_val1,mot,strip:1,bdd100k/images/track/val/b1ff4656-0435391e/b1ff4656-0435391e-0000175.jpg,3599448241,121234,121504,8,7dc572d9
mot_frames,mot_val1,mot,strip:1,bdd100k/images/track/val/b1ff4656-0435391e/b1ff4656-0435391e-0000176.jpg,3621350512,81438,81954,8,88562487
mot_frames,mot_val1,mot,strip:1,bdd100k/images/track/val/b1ff4656-0435391e/b1ff4656-0435391e-0000177.jpg,3612786907,93186,93623,8,57452505
mot_frames,mot_val1,mot,strip:1,bdd100k/images/track/val/b1ff4656-0435391e/b1ff4656-0435391e-0000178.jpg,3620179337,111459,111834,8,06e48ebe
mot_frames,mot_val1,mot,strip:1,bdd100k/images/track/val/b1ff4656-0435391e/b1ff4656-0435391e-0000179.jpg,3613936297,105872,106251,8,37a762f1
mot_frames,mot_val1,mot,strip:1,bdd100k/images/track/val/b1ff4656-0435391e/b1ff4656-0435391e-0000180.jpg,3602590865,86113,86479,8,6c93a628
mot_frames,mot_val1,mot,strip:1,bdd100k/images/track/val/b1ff4656-0435391e/b1ff4656-0435391e-0000181.jpg,3606702757,115306,115536,8,75fc07e1
mot_frames,mot_val1,mot,strip:1,bdd100k/images/track/val/b1ff4656-0435391e/b1ff4656-0435391e-0000182.jpg,3609729459,107917,108138,8,a589907a
mot_frames,mot_val1,mot,strip:1,bdd100k/images/track/val/b1ff4656-0435391e/b1ff4656-0435391e-0000183.jpg,3618462289,103706,104150,8,3739ce78
mot_frames,mot_val1,mot,strip:1,bdd100k/images/track/val/b1ff4656-0435391e/b1ff4656-0435391e-0000184.jpg,3617953277,82832,83106,8,a0aae983
mot_frames,mot_val1,mot,strip:1,bdd100k/images/track/val/b1ff4656-0435391e/b1ff4656-0435391e-0000185.jpg,3609930259,117859,118089,8,684d0f59
mot_frames,mot_val1,mot,strip:1,bdd100k/images/track/val/b1ff4656-0435391e/b1ff4656-0435391e-0000186.jpg,3606328494,99244,99632,8,3403b4a6
mot_frames,mot_val1,mot,strip:1,bdd100k/images/track/val/b1ff4656-0435391e/b1ff4656-0435391e-0000187.jpg,3602977524,92678,92914,8,c1f7d9f5
mot_frames,mot_val1,mot,strip:1,bdd100k/images/track/val/b1ff4656-0435391e/b1ff4656-0435391e-0000188.jpg,3607272804,125197,125380,8,177b5684
mot_frames,mot_val1,mot,strip:1,bdd100k/images/track/val/b1ff4656-0435391e/b1ff4656-0435391e-0000189.jpg,3601930742,110978,111433,8,ac5fc84b
mot_frames,mot_val1,mot,strip:1,bdd100k/images/track/val/b1ff4656-0435391e/b1ff4656-0435391e-0000190.jpg,3605672816,104498,104750,8,2380d8af
mot_frames,mot_val1,mot,strip:1,bdd100k/images/track/val/b1ff4656-0435391e/b1ff4656-0435391e-0000191.jpg,3597313422,127609,127980,8,0a1e6085
mot_frames,mot_val1,mot,strip:1,bdd100k/images/track/val/b1ff4656-0435391e/b1ff4656-0435391e-0000192.jpg,3618673204,103002,103449,8,06ecc49d
mot_frames,mot_val1,mot,strip:1,bdd100k/images/track/val/b1ff4656-0435391e/b1ff4656-0435391e-0000193.jpg,3615185001,97546,97891,8,45f8a8d6
mot_frames,mot_val1,mot,strip:1,bdd100k/images/track/val/b1ff4656-0435391e/b1ff4656-0435391e-0000194.jpg,3614681479,109430,109775,8,940204ff
mot_frames,mot_val1,mot,strip:1,bdd100k/images/track/val/b1ff4656-0435391e/b1ff4656-0435391e-0000195.jpg,3618900813,102127,102348,8,7c6a8f3e
mot_frames,mot_val1,mot,strip:1,bdd100k/images/track/val/b1ff4656-0435391e/b1ff4656-0435391e-0000196.jpg,3596755997,83229,83611,8,0313b1fe
mot_frames,mot_val1,mot,strip:1,bdd100k/images/track/val/b1ff4656-0435391e/b1ff4656-0435391e-0000197.jpg,3605905888,118076,118376,8,c48ebd96
mot_frames,mot_val1,mot,strip:1,bdd100k/images/track/val/b1ff4656-0435391e/b1ff4656-0435391e-0000198.jpg,3597891357,124753,124879,8,11e20d6a
mot_frames,mot_val1,mot,strip:1,bdd100k/images/track/val/b1ff4656-0435391e/b1ff4656-0435391e-0000199.jpg,3604867750,134068,134185,8,c5dbe4bc
mot_frames,mot_val1,mot,strip:1,bdd100k/images/track/val/b1ff4656-0435391e/b1ff4656-0435391e-0000200.jpg,3608249718,104276,104448,8,7287d4da
mot_frames,mot_val1,mot,strip:1,bdd100k/images/track/val/b1ff4656-0435391e/b1ff4656-0435391e-0000201.jpg,3600807983,149324,149429,8,1e2b79f4
mot_frames,mot_val1,mot,strip:1,bdd100k/images/track/val/b1ff4656-0435391e/b1ff4656-0435391e-0000202.jpg,3616555698,180468,180727,8,cddd5d0d
mot_frames,mot_val1,mot,strip:1,bdd100k/images/track/val/b204a5c1-064b0040/b204a5c1-064b0040-0000001.jpg,1131605211,202093,202840,8,f4a3e361
mot_frames,mot_val1,mot,strip:1,bdd100k/images/track/val/b204a5c1-064b0040/b204a5c1-064b0040-0000002.jpg,1166585930,201972,202454,8,b7db17f1
mot_frames,mot_val1,mot,strip:1,bdd100k/images/track/val/b204a5c1-064b0040/b204a5c1-064b0040-0000003.jpg,1156331163,199196,199571,8,401519cb
mot_frames,mot_val1,mot,strip:1,bdd100k/images/track/val/b204a5c1-064b0040/b204a5c1-064b0040-0000004.jpg,1155561732,197678,198126,8,0383ea71
mot_frames,mot_val1,mot,strip:1,bdd100k/images/track/val/b204a5c1-064b0040/b204a5c1-064b0040-0000005.jpg,1166788032,208073,208897,8,3be00493
mot_frames,mot_val1,mot,strip:1,bdd100k/images/track/val/b204a5c1-064b0040/b204a5c1-064b0040-0000006.jpg,1130545328,199226,199605,8,0c2a1e39
mot_frames,mot_val1,mot,strip:1,bdd100k/images/track/val/b204a5c1-064b0040/b204a5c1-064b0040-0000007.jpg,1140677329,194517,194819,8,c83dbffe
mot_frames,mot_val1,mot,strip:1,bdd100k/images/track/val/b204a5c1-064b0040/b204a5c1-064b0040-0000008.jpg,1132919119,194663,195146,8,1e73f2d3
mot_frames,mot_val1,mot,strip:1,bdd100k/images/track/val/b204a5c1-064b0040/b204a5c1-064b0040-0000009.jpg,1138978985,186154,186510,8,a5b2ab31
mot_frames,mot_val1,mot,strip:1,bdd100k/images/track/val/b204a5c1-064b0040/b204a5c1-064b0040-0000010.jpg,1135002172,187951,188273,8,c2a99cfa
mot_frames,mot_val1,mot,strip:1,bdd100k/images/track/val/b204a5c1-064b0040/b204a5c1-064b0040-0000011.jpg,1146989528,186463,186768,8,2f80a4e8
mot_frames,mot_val1,mot,strip:1,bdd100k/images/track/val/b204a5c1-064b0040/b204a5c1-064b0040-0000012.jpg,1151735293,190319,190554,8,8eb69929
mot_frames,mot_val1,mot,strip:1,bdd100k/images/track/val/b204a5c1-064b0040/b204a5c1-064b0040-0000013.jpg,1161429797,182200,182757,8,d4d974a8
mot_frames,mot_val1,mot,strip:1,bdd100k/images/track/val/b204a5c1-064b0040/b204a5c1-064b0040-0000014.jpg,1160637818,181565,181830,8,a109a0e4
mot_frames,mot_val1,mot,strip:1,bdd100k/images/track/val/b204a5c1-064b0040/b204a5c1-064b0040-0000015.jpg,1151925742,183036,183242,8,25080883
mot_frames,mot_val1,mot,strip:1,bdd100k/images/track/val/b204a5c1-064b0040/b204a5c1-064b0040-0000016.jpg,1146340131,213779,214017,8,a691d09e
mot_frames,mot_val1,mot,strip:1,bdd100k/images/track/val/b204a5c1-064b0040/b204a5c1-064b0040-0000017.jpg,1135655643,201892,202042,8,fcbc98b8
mot_frames,mot_val1,mot,strip:1,bdd100k/images/track/val/b204a5c1-064b0040/b204a5c1-064b0040-0000018.jpg,1148295050,194076,194295,8,0921a93c
mot_frames,mot_val1,mot,strip:1,bdd100k/images/track/val/b204a5c1-064b0040/b204a5c1-064b0040-0000019.jpg,1133288048,201465,201669,8,04d45231
mot_frames,mot_val1,mot,strip:1,bdd100k/images/track/val/b204a5c1-064b0040/b204a5c1-064b0040-0000020.jpg,1150562507,192215,192440,8,0c0181ce
mot_frames,mot_val1,mot,strip:1,bdd100k/images/track/val/b204a5c1-064b0040/b204a5c1-064b0040-0000021.jpg,1161971881,207770,208293,8,6ddf20e1
mot_frames,mot_val1,mot,strip:1,bdd100k/images/track/val/b204a5c1-064b0040/b204a5c1-064b0040-0000022.jpg,1136070826,198253,198493,8,640ea96e
mot_frames,mot_val1,mot,strip:1,bdd100k/images/track/val/b204a5c1-064b0040/b204a5c1-064b0040-0000023.jpg,1145990874,190565,190808,8,09322171
mot_frames,mot_val1,mot,strip:1,bdd100k/images/track/val/b204a5c1-064b0040/b204a5c1-064b0040-0000024.jpg,1145787201,203543,203797,8,c506d29e
mot_frames,mot_val1,mot,strip:1,bdd100k/images/track/val/b204a5c1-064b0040/b204a5c1-064b0040-0000025.jpg,1136969730,188804,189083,8,24cdd24f
mot_frames,mot_val1,mot,strip:1,bdd100k/images/track/val/b204a5c1-064b0040/b204a5c1-064b0040-0000026.jpg,1161784909,186842,187078,8,d9fd1ff3
mot_frames,mot_val1,mot,strip:1,bdd100k/images/track/val/b204a5c1-064b0040/b204a5c1-064b0040-0000027.jpg,1151324264,185328,185561,8,448eee0d
mot_frames,mot_val1,mot,strip:1,bdd100k/images/track/val/b204a5c1-064b0040/b204a5c1-064b0040-0000028.jpg,1163550700,181021,181244,8,a0a189ee
mot_frames,mot_val1,mot,strip:1,bdd100k/images/track/val/b204a5c1-064b0040/b204a5c1-064b0040-0000029.jpg,1149509236,200974,201592,8,ee71bbb2
mot_frames,mot_val1,mot,strip:1,bdd100k/images/track/val/b204a5c1-064b0040/b204a5c1-064b0040-0000030.jpg,1165620809,186312,186585,8,f7036e80
mot_frames,mot_val1,mot,strip:1,bdd100k/images/track/val/b204a5c1-064b0040/b204a5c1-064b0040-0000031.jpg,1157145510,186320,186607,8,d2c3d9b6
mot_frames,mot_val1,mot,strip:1,bdd100k/images/track/val/b204a5c1-064b0040/b204a5c1-064b0040-0000032.jpg,1141089959,206261,206609,8,14249da8
mot_frames,mot_val1,mot,strip:1,bdd100k/images/track/val/b204a5c1-064b0040/b204a5c1-064b0040-0000033.jpg,1129913367,189156,189406,8,54bdd243
mot_frames,mot_val1,mot,strip:1,bdd100k/images/track/val/b204a5c1-064b0040/b204a5c1-064b0040-0000034.jpg,1129726680,186557,186835,8,68015ea2
mot_frames,mot_val1,mot,strip:1,bdd100k/images/track/val/b204a5c1-064b0040/b204a5c1-064b0040-0000035.jpg,1142235743,198276,198602,8,41fe1ac6
mot_frames,mot_val1,mot,strip:1,bdd100k/images/track/val/b204a5c1-064b0040/b204a5c1-064b0040-0000036.jpg,1156717692,188175,188549,8,03b8f042
mot_frames,mot_val1,mot,strip:1,bdd100k/images/track/val/b204a5c1-064b0040/b204a5c1-064b0040-0000037.jpg,1166163994,206640,207431,8,4412be86
mot_frames,mot_val1,mot,strip:1,bdd100k/images/track/val/b204a5c1-064b0040/b204a5c1-064b0040-0000038.jpg,1158929004,187185,187637,8,ef1c09d5
mot_frames,mot_val1,mot,strip:1,bdd100k/images/track/val/b204a5c1-064b0040/b204a5c1-064b0040-0000039.jpg,1164575522,185871,186417,8,2bc1a700
mot_frames,mot_val1,mot,strip:1,bdd100k/images/track/val/b204a5c1-064b0040/b204a5c1-064b0040-0000040.jpg,1143653636,201703,202091,8,020380fe
mot_frames,mot_val1,mot,strip:1,bdd100k/images/track/val/b204a5c1-064b0040/b204a5c1-064b0040-0000041.jpg,1128408744,186265,186726,8,d472fefd
mot_frames,mot_val1,mot,strip:1,bdd100k/images/track/val/b204a5c1-064b0040/b204a5c1-064b0040-0000042.jpg,1165191851,185124,185462,8,eaed6311
mot_frames,mot_val1,mot,strip:1,bdd100k/images/track/val/b204a5c1-064b0040/b204a5c1-064b0040-0000043.jpg,1158169953,175399,175868,8,59d19c16
mot_frames,mot_val1,mot,strip:1,bdd100k/images/track/val/b204a5c1-064b0040/b204a5c1-064b0040-0000044.jpg,1158515467,173112,173662,8,3a7e8df0
mot_frames,mot_val1,mot,strip:1,bdd100k/images/track/val/b204a5c1-064b0040/b204a5c1-064b0040-0000045.jpg,1164140618,200834,201916,8,1d2c3d4c
mot_frames,mot_val1,mot,strip:1,bdd100k/images/track/val/b204a5c1-064b0040/b204a5c1-064b0040-0000046.jpg,1128765516,185295,185822,8,d7f156ef
mot_frames,mot_val1,mot,strip:1,bdd100k/images/track/val/b204a5c1-064b0040/b204a5c1-064b0040-0000047.jpg,1142611209,184591,185010,8,3b7fce85
mot_frames,mot_val1,mot,strip:1,bdd100k/images/track/val/b204a5c1-064b0040/b204a5c1-064b0040-0000048.jpg,1129539686,186864,187162,8,ed47b2be
mot_frames,mot_val1,mot,strip:1,bdd100k/images/track/val/b204a5c1-064b0040/b204a5c1-064b0040-0000049.jpg,1142057409,178204,178475,8,8da67a81
mot_frames,mot_val1,mot,strip:1,bdd100k/images/track/val/b204a5c1-064b0040/b204a5c1-064b0040-0000050.jpg,1138003291,178869,179141,8,150f56f3
mot_frames,mot_val1,mot,strip:1,bdd100k/images/track/val/b204a5c1-064b0040/b204a5c1-064b0040-0000051.jpg,1144098023,187246,187585,8,058f8a2b
mot_frames,mot_val1,mot,strip:1,bdd100k/images/track/val/b204a5c1-064b0040/b204a5c1-064b0040-0000052.jpg,1150194903,185157,185332,8,442f9351
mot_frames,mot_val1,mot,strip:1,bdd100k/images/track/val/b204a5c1-064b0040/b204a5c1-064b0040-0000053.jpg,1162817276,190004,190290,8,8d44a384
mot_frames,mot_val1,mot,strip:1,bdd100k/images/track/val/b204a5c1-064b0040/b204a5c1-064b0040-0000054.jpg,1163183547,189980,190199,8,ab7dd93a
mot_frames,mot_val1,mot,strip:1,bdd100k/images/track/val/b204a5c1-064b0040/b204a5c1-064b0040-0000055.jpg,1149151127,185528,185702,8,48c07842
mot_frames,mot_val1,mot,strip:1,bdd100k/images/track/val/b204a5c1-064b0040/b204a5c1-064b0040-0000056.jpg,1144641127,199683,199961,8,de6459b2
mot_frames,mot_val1,mot,strip:1,bdd100k/images/track/val/b204a5c1-064b0040/b204a5c1-064b0040-0000057.jpg,1137158664,186866,187059,8,aae05839
mot_frames,mot_val1,mot,strip:1,bdd100k/images/track/val/b204a5c1-064b0040/b204a5c1-064b0040-0000058.jpg,1145253329,181958,182127,8,4bc26ccd
mot_frames,mot_val1,mot,strip:1,bdd100k/images/track/val/b204a5c1-064b0040/b204a5c1-064b0040-0000059.jpg,1136419126,189334,189544,8,d0292f3d
mot_frames,mot_val1,mot,strip:1,bdd100k/images/track/val/b204a5c1-064b0040/b204a5c1-064b0040-0000060.jpg,1153162894,181254,181404,8,11b2164e
mot_frames,mot_val1,mot,strip:1,bdd100k/images/track/val/b204a5c1-064b0040/b204a5c1-064b0040-0000061.jpg,1159116319,186049,186270,8,7f00e826
mot_frames,mot_val1,mot,strip:1,bdd100k/images/track/val/b204a5c1-064b0040/b204a5c1-064b0040-0000062.jpg,1134137552,184263,184477,8,7db5767d
mot_frames,mot_val1,mot,strip:1,bdd100k/images/track/val/b204a5c1-064b0040/b204a5c1-064b0040-0000063.jpg,1147648848,181751,181931,8,10bbd7fa
mot_frames,mot_val1,mot,strip:1,bdd100k/images/track/val/b204a5c1-064b0040/b204a5c1-064b0040-0000064.jpg,1148955207,195790,196048,8,c66efbd3
mot_frames,mot_val1,mot,strip:1,bdd100k/images/track/val/b204a5c1-064b0040/b204a5c1-064b0040-0000065.jpg,1133958194,179228,179391,8,efe4b63d
mot_frames,mot_val1,mot,strip:1,bdd100k/images/track/val/b204a5c1-064b0040/b204a5c1-064b0040-0000066.jpg,1160465424,172264,172450,8,85a5e315
mot_frames,mot_val1,mot,strip:1,bdd100k/images/track/val/b204a5c1-064b0040/b204a5c1-064b0040-0000067.jpg,1152985107,177657,177842,8,0cb6434f
mot_frames,mot_val1,mot,strip:1,bdd100k/images/track/val/b204a5c1-064b0040/b204a5c1-064b0040-0000068.jpg,1160819513,171159,171320,8,6b4d82a6
mot_frames,mot_val1,mot,strip:1,bdd100k/images/track/val/b204a5c1-064b0040/b204a5c1-064b0040-0000069.jpg,1152108908,178830,179041,8,8cd41afb
mot_frames,mot_val1,mot,strip:1,bdd100k/images/track/val/b204a5c1-064b0040/b204a5c1-064b0040-0000070.jpg,1168227428,175608,175799,8,c6df3723
mot_frames,mot_val1,mot,strip:1,bdd100k/images/track/val/b204a5c1-064b0040/b204a5c1-064b0040-0000071.jpg,1154259213,170904,171057,8,c5f01a87
mot_frames,mot_val1,mot,strip:1,bdd100k/images/track/val/b204a5c1-064b0040/b204a5c1-064b0040-0000072.jpg,1139347129,188372,188640,8,be1015c7
mot_frames,mot_val1,mot,strip:1,bdd100k/images/track/val/b204a5c1-064b0040/b204a5c1-064b0040-0000073.jpg,1131807434,178814,179059,8,8cc33c57
mot_frames,mot_val1,mot,strip:1,bdd100k/images/track/val/b204a5c1-064b0040/b204a5c1-064b0040-0000074.jpg,1133113912,174006,174175,8,2afd401e
mot_frames,mot_val1,mot,strip:1,bdd100k/images/track/val/b204a5c1-064b0040/b204a5c1-064b0040-0000075.jpg,1139165269,181730,181964,8,0f304972
mot_frames,mot_val1,mot,strip:1,bdd100k/images/track/val/b204a5c1-064b0040/b204a5c1-064b0040-0000076.jpg,1155391904,169698,169910,8,cff86f84
mot_frames,mot_val1,mot,strip:1,bdd100k/images/track/val/b204a5c1-064b0040/b204a5c1-064b0040-0000077.jpg,1167829228,176275,176557,8,ac8dd3e3
mot_frames,mot_val1,mot,strip:1,bdd100k/images/track/val/b204a5c1-064b0040/b204a5c1-064b0040-0000078.jpg,1155948227,170431,170664,8,9b0b9e51
mot_frames,mot_val1,mot,strip:1,bdd100k/images/track/val/b204a5c1-064b0040/b204a5c1-064b0040-0000079.jpg,1167184544,166553,166769,8,17803b67
mot_frames,mot_val1,mot,strip:1,bdd100k/images/track/val/b204a5c1-064b0040/b204a5c1-064b0040-0000080.jpg,1144285399,183250,183556,8,d75995bf
mot_frames,mot_val1,mot,strip:1,bdd100k/images/track/val/b204a5c1-064b0040/b204a5c1-064b0040-0000081.jpg,1138182290,180244,180461,8,96871087
mot_frames,mot_val1,mot,strip:1,bdd100k/images/track/val/b204a5c1-064b0040/b204a5c1-064b0040-0000082.jpg,1163007410,176007,176184,8,c05708ec
mot_frames,mot_val1,mot,strip:1,bdd100k/images/track/val/b204a5c1-064b0040/b204a5c1-064b0040-0000083.jpg,1150380190,182187,182413,8,f07971f4
mot_frames,mot_val1,mot,strip:1,bdd100k/images/track/val/b204a5c1-064b0040/b204a5c1-064b0040-0000084.jpg,1149336785,172321,172471,8,d99148ca
mot_frames,mot_val1,mot,strip:1,bdd100k/images/track/val/b204a5c1-064b0040/b204a5c1-064b0040-0000085.jpg,1163373657,176913,177122,8,34122a73
mot_frames,mot_val1,mot,strip:1,bdd100k/images/track/val/b204a5c1-064b0040/b204a5c1-064b0040-0000086.jpg,1137345660,173849,173984,8,0438e8fe
mot_frames,mot_val1,mot,strip:1,bdd100k/images/track/val/b204a5c1-064b0040/b204a5c1-064b0040-0000087.jpg,1144840940,172869,173021,8,3cbada28
mot_frames,mot_val1,mot,strip:1,bdd100k/images/track/val/b204a5c1-064b0040/b204a5c1-064b0040-0000088.jpg,1136608590,187431,187742,8,2ad4e82d
mot_frames,mot_val1,mot,strip:1,bdd100k/images/track/val/b204a5c1-064b0040/b204a5c1-064b0040-0000089.jpg,1145435417,181164,181381,8,9b09cea6
mot_frames,mot_val1,mot,strip:1,bdd100k/images/track/val/b204a5c1-064b0040/b204a5c1-064b0040-0000090.jpg,1128233194,175420,175565,8,712b3a12
mot_frames,mot_val1,mot,strip:1,bdd100k/images/track/val/b204a5c1-064b0040/b204a5c1-064b0040-0000091.jpg,1143469279,184227,184465,8,05b2cdfb
mot_frames,mot_val1,mot,strip:1,bdd100k/images/track/val/b204a5c1-064b0040/b204a5c1-064b0040-0000092.jpg,1157990928,178895,179063,8,55610c0a
mot_frames,mot_val1,mot,strip:1,bdd100k/images/track/val/b204a5c1-064b0040/b204a5c1-064b0040-0000093.jpg,1165004859,186862,187076,8,b8efe4df
mot_frames,mot_val1,mot,strip:1,bdd100k/images/track/val/b204a5c1-064b0040/b204a5c1-064b0040-0000094.jpg,1163967134,173354,173538,8,a6a5ccd4
mot_frames,mot_val1,mot,strip:1,bdd100k/images/track/val/b204a5c1-064b0040/b204a5c1-064b0040-0000095.jpg,1158345482,169855,170016,8,7198cb90
mot_frames,mot_val1,mot,strip:1,bdd100k/images/track/val/b204a5c1-064b0040/b204a5c1-064b0040-0000096.jpg,1142434149,176930,177302,8,f8f581a5
mot_frames,mot_val1,mot,strip:1,bdd100k/images/track/val/b204a5c1-064b0040/b204a5c1-064b0040-0000097.jpg,1128595139,170247,170457,8,9ea33d43
mot_frames,mot_val1,mot,strip:1,bdd100k/images/track/val/b204a5c1-064b0040/b204a5c1-064b0040-0000098.jpg,1141892867,164412,164603,8,5388bdb3
mot_frames,mot_val1,mot,strip:1,bdd100k/images/track/val/b204a5c1-064b0040/b204a5c1-064b0040-0000099.jpg,1129362697,176859,177060,8,305834c6
mot_frames,mot_val1,mot,strip:1,bdd100k/images/track/val/b204a5c1-064b0040/b204a5c1-064b0040-0000100.jpg,1145616711,170360,170520,8,15ae0f21
mot_frames,mot_val1,mot,strip:1,bdd100k/images/track/val/b204a5c1-064b0040/b204a5c1-064b0040-0000101.jpg,1136796151,173449,173606,8,3b656f98
mot_frames,mot_val1,mot,strip:1,bdd100k/images/track/val/b204a5c1-064b0040/b204a5c1-064b0040-0000102.jpg,1161612127,172652,172826,8,6d2e90fd
mot_frames,mot_val1,mot,strip:1,bdd100k/images/track/val/b204a5c1-064b0040/b204a5c1-064b0040-0000103.jpg,1151156974,167160,167331,8,338b26ee
mot_frames,mot_val1,mot,strip:1,bdd100k/images/track/val/b204a5c1-064b0040/b204a5c1-064b0040-0000104.jpg,1150992537,164307,164506,8,c99765d6
mot_frames,mot_val1,mot,strip:1,bdd100k/images/track/val/b204a5c1-064b0040/b204a5c1-064b0040-0000105.jpg,1162419062,158347,158477,8,75125796
mot_frames,mot_val1,mot,strip:1,bdd100k/images/track/val/b204a5c1-064b0040/b204a5c1-064b0040-0000106.jpg,1136269209,149787,149906,8,fed7ae9b
mot_frames,mot_val1,mot,strip:1,bdd100k/images/track/val/b204a5c1-064b0040/b204a5c1-064b0040-0000107.jpg,1146181569,158432,158560,8,0ba260f1
mot_frames,mot_val1,mot,strip:1,bdd100k/images/track/val/b204a5c1-064b0040/b204a5c1-064b0040-0000108.jpg,1138362664,153532,153662,8,208c0ece
mot_frames,mot_val1,mot,strip:1,bdd100k/images/track/val/b204a5c1-064b0040/b204a5c1-064b0040-0000109.jpg,1144468779,172218,172337,8,e5be8d3e
mot_frames,mot_val1,mot,strip:1,bdd100k/images/track/val/b204a5c1-064b0040/b204a5c1-064b0040-0000110.jpg,1129183765,178802,178942,8,013fe910
mot_frames,mot_val1,mot,strip:1,bdd100k/images/track/val/b204a5c1-064b0040/b204a5c1-064b0040-0000111.jpg,1141717551,175186,175344,8,bac545fc
mot_frames,mot_val1,mot,strip:1,bdd100k/images/track/val/b204a5c1-064b0040/b204a5c1-064b0040-0000112.jpg,1156530489,187073,187408,8,84a2b1b8
mot_frames,mot_val1,mot,strip:1,bdd100k/images/track/val/b204a5c1-064b0040/b204a5c1-064b0040-0000113.jpg,1165983857,180007,180275,8,2b1ca957
mot_frames,mot_val1,mot,strip:1,bdd100k/images/track/val/b204a5c1-064b0040/b204a5c1-064b0040-0000114.jpg,1165807251,176476,176707,8,4cc43ab9
mot_frames,mot_val1,mot,strip:1,bdd100k/images/track/val/b204a5c1-064b0040/b204a5c1-064b0040-0000115.jpg,1157331960,189839,190118,8,75734814
mot_frames,mot_val1,mot,strip:1,bdd100k/images/track/val/b204a5c1-064b0040/b204a5c1-064b0040-0000116.jpg,1141296350,183132,183339,8,2d98865e
mot_frames,mot_val1,mot,strip:1,bdd100k/images/track/val/b204a5c1-064b0040/b204a5c1-064b0040-0000117.jpg,1130102653,190419,190646,8,115fd93f
mot_frames,mot_val1,mot,strip:1,bdd100k/images/track/val/b204a5c1-064b0040/b204a5c1-064b0040-0000118.jpg,1143274260,194889,195074,8,cdbd21e1
mot_frames,mot_val1,mot,strip:1,bdd100k/images/track/val/b204a5c1-064b0040/b204a5c1-064b0040-0000119.jpg,1128052518,180546,180696,8,6b99b436
mot_frames,mot_val1,mot,strip:1,bdd100k/images/track/val/b204a5c1-064b0040/b204a5c1-064b0040-0000120.jpg,1155759540,188557,188889,8,3afd4098
mot_frames,mot_val1,mot,strip:1,bdd100k/images/track/val/b204a5c1-064b0040/b204a5c1-064b0040-0000121.jpg,1166996235,188179,188415,8,1fff52fc
mot_frames,mot_val1,mot,strip:1,bdd100k/images/track/val/b204a5c1-064b0040/b204a5c1-064b0040-0000122.jpg,1130744684,188356,188574,8,719a7420
mot_frames,mot_val1,mot,strip:1,bdd100k/images/track/val/b204a5c1-064b0040/b204a5c1-064b0040-0000123.jpg,1140871976,217853,218344,8,37979c0e
mot_frames,mot_val1,mot,strip:1,bdd100k/images/track/val/b204a5c1-064b0040/b204a5c1-064b0040-0000124.jpg,1140010265,198531,198710,8,03e6bdbf
mot_frames,mot_val1,mot,strip:1,bdd100k/images/track/val/b204a5c1-064b0040/b204a5c1-064b0040-0000125.jpg,1130933170,202554,202725,8,b1d4e6dc
mot_frames,mot_val1,mot,strip:1,bdd100k/images/track/val/b204a5c1-064b0040/b204a5c1-064b0040-0000126.jpg,1166370764,215036,215394,8,24bd30fc
mot_frames,mot_val1,mot,strip:1,bdd100k/images/track/val/b204a5c1-064b0040/b204a5c1-064b0040-0000127.jpg,1156118788,212245,212584,8,620f003b
mot_frames,mot_val1,mot,strip:1,bdd100k/images/track/val/b204a5c1-064b0040/b204a5c1-064b0040-0000128.jpg,1168005633,221665,222132,8,9a4f0072
mot_frames,mot_val1,mot,strip:1,bdd100k/images/track/val/b204a5c1-064b0040/b204a5c1-064b0040-0000129.jpg,1154041546,217537,217944,8,61f7c748
mot_frames,mot_val1,mot,strip:1,bdd100k/images/track/val/b204a5c1-064b0040/b204a5c1-064b0040-0000130.jpg,1160990802,216589,216972,8,2c3931ed
mot_frames,mot_val1,mot,strip:1,bdd100k/images/track/val/b204a5c1-064b0040/b204a5c1-064b0040-0000131.jpg,1152287868,220940,221319,8,f1922dbd
mot_frames,mot_val1,mot,strip:1,bdd100k/images/track/val/b204a5c1-064b0040/b204a5c1-064b0040-0000132.jpg,1146554040,214605,214937,8,26126296
mot_frames,mot_val1,mot,strip:1,bdd100k/images/track/val/b204a5c1-064b0040/b204a5c1-064b0040-0000133.jpg,1135857665,213031,213316,8,49511b58
mot_frames,mot_val1,mot,strip:1,bdd100k/images/track/val/b204a5c1-064b0040/b204a5c1-064b0040-0000134.jpg,1134779580,222462,222882,8,76ee6503
mot_frames,mot_val1,mot,strip:1,bdd100k/images/track/val/b204a5c1-064b0040/b204a5c1-064b0040-0000135.jpg,1146768775,220623,220978,8,ec905ccc
mot_frames,mot_val1,mot,strip:1,bdd100k/images/track/val/b204a5c1-064b0040/b204a5c1-064b0040-0000136.jpg,1151509722,225441,226019,8,50a13215
mot_frames,mot_val1,mot,strip:1,bdd100k/images/track/val/b204a5c1-064b0040/b204a5c1-064b0040-0000137.jpg,1161207521,222146,222619,8,945e3753
mot_frames,mot_val1,mot,strip:1,bdd100k/images/track/val/b204a5c1-064b0040/b204a5c1-064b0040-0000138.jpg,1153344278,221066,221516,8,1ac3b0e6
mot_frames,mot_val1,mot,strip:1,bdd100k/images/track/val/b204a5c1-064b0040/b204a5c1-064b0040-0000139.jpg,1159302498,229476,229886,8,dcb31c77
mot_frames,mot_val1,mot,strip:1,bdd100k/images/track/val/b204a5c1-064b0040/b204a5c1-064b0040-0000140.jpg,1148489256,226590,226964,8,a3f53345
mot_frames,mot_val1,mot,strip:1,bdd100k/images/track/val/b204a5c1-064b0040/b204a5c1-064b0040-0000141.jpg,1133489643,225613,225928,8,7696f98c
mot_frames,mot_val1,mot,strip:1,bdd100k/images/track/val/b204a5c1-064b0040/b204a5c1-064b0040-0000142.jpg,1159996165,227965,228415,8,d60c29c5
mot_frames,mot_val1,mot,strip:1,bdd100k/images/track/val/b204a5c1-064b0040/b204a5c1-064b0040-0000143.jpg,1152508938,226544,226910,8,263be961
mot_frames,mot_val1,mot,strip:1,bdd100k/images/track/val/b204a5c1-064b0040/b204a5c1-064b0040-0000144.jpg,1153565474,230682,231028,8,37703ea6
mot_frames,mot_val1,mot,strip:1,bdd100k/images/track/val/b204a5c1-064b0040/b204a5c1-064b0040-0000145.jpg,1159532104,227302,227657,8,23f69ed1
mot_frames,mot_val1,mot,strip:1,bdd100k/images/track/val/b204a5c1-064b0040/b204a5c1-064b0040-0000146.jpg,1134321945,225369,225706,8,40b0ccf0
mot_frames,mot_val1,mot,strip:1,bdd100k/images/track/val/b204a5c1-064b0040/b204a5c1-064b0040-0000147.jpg,1147830729,226664,227096,8,8881b4fd
mot_frames,mot_val1,mot,strip:1,bdd100k/images/track/val/b204a5c1-064b0040/b204a5c1-064b0040-0000148.jpg,1135190253,224086,224435,8,dfb79d7c
mot_frames,mot_val1,mot,strip:1,bdd100k/images/track/val/b204a5c1-064b0040/b204a5c1-064b0040-0000149.jpg,1147176121,223021,223331,8,3f842c98
mot_frames,mot_val1,mot,strip:1,bdd100k/images/track/val/b204a5c1-064b0040/b204a5c1-064b0040-0000150.jpg,1132689173,229816,230156,8,0563f2c3
mot_frames,mot_val1,mot,strip:1,bdd100k/images/track/val/b204a5c1-064b0040/b204a5c1-064b0040-0000151.jpg,1138751730,227125,227421,8,bb3d80ef
mot_frames,mot_val1,mot,strip:1,bdd100k/images/track/val/b204a5c1-064b0040/b204a5c1-064b0040-0000152.jpg,1155159067,232707,233050,8,ccd9670d
mot_frames,mot_val1,mot,strip:1,bdd100k/images/track/val/b204a5c1-064b0040/b204a5c1-064b0040-0000153.jpg,1167599648,229450,229779,8,561995ad
mot_frames,mot_val1,mot,strip:1,bdd100k/images/track/val/b204a5c1-064b0040/b204a5c1-064b0040-0000154.jpg,1168645953,227313,227633,8,6ca805cd
mot_frames,mot_val1,mot,strip:1,bdd100k/images/track/val/b204a5c1-064b0040/b204a5c1-064b0040-0000155.jpg,1154680239,231514,231802,8,1edad0af
mot_frames,mot_val1,mot,strip:1,bdd100k/images/track/val/b204a5c1-064b0040/b204a5c1-064b0040-0000156.jpg,1139781087,229048,229339,8,5cd93da9
mot_frames,mot_val1,mot,strip:1,bdd100k/images/track/val/b204a5c1-064b0040/b204a5c1-064b0040-0000157.jpg,1132223237,227908,228148,8,7701e91f
mot_frames,mot_val1,mot,strip:1,bdd100k/images/track/val/b204a5c1-064b0040/b204a5c1-064b0040-0000158.jpg,1140444650,232549,232757,8,ea67ff27
mot_frames,mot_val1,mot,strip:1,bdd100k/images/track/val/b204a5c1-064b0040/b204a5c1-064b0040-0000159.jpg,1131375169,229912,230147,8,2ed8e876
mot_frames,mot_val1,mot,strip:1,bdd100k/images/track/val/b204a5c1-064b0040/b204a5c1-064b0040-0000160.jpg,1158688709,240165,240339,8,c86ea99b
mot_frames,mot_val1,mot,strip:1,bdd100k/images/track/val/b204a5c1-064b0040/b204a5c1-064b0040-0000161.jpg,1164341582,233810,234054,8,44fdf241
mot_frames,mot_val1,mot,strip:1,bdd100k/images/track/val/b204a5c1-064b0040/b204a5c1-064b0040-0000162.jpg,1128950941,232694,232927,8,2e875fdd
mot_frames,mot_val1,mot,strip:1,bdd100k/images/track/val/b204a5c1-064b0040/b204a5c1-064b0040-0000163.jpg,1142795930,240606,240875,8,eb4880df
mot_frames,mot_val1,mot,strip:1,bdd100k/images/track/val/b204a5c1-064b0040/b204a5c1-064b0040-0000164.jpg,1143036666,237464,237635,8,af00a585
mot_frames,mot_val1,mot,strip:1,bdd100k/images/track/val/b204a5c1-064b0040/b204a5c1-064b0040-0000165.jpg,1127816027,236361,236572,8,730117d2
mot_frames,mot_val1,mot,strip:1,bdd100k/images/track/val/b204a5c1-064b0040/b204a5c1-064b0040-0000166.jpg,1164761523,243206,243437,8,076c0c14
mot_frames,mot_val1,mot,strip:1,bdd100k/images/track/val/b204a5c1-064b0040/b204a5c1-064b0040-0000167.jpg,1157751271,239527,239724,8,0ef5160e
mot_frames,mot_val1,mot,strip:1,bdd100k/images/track/val/b204a5c1-064b0040/b204a5c1-064b0040-0000168.jpg,1165377105,243574,243816,8,c5e13131
mot_frames,mot_val1,mot,strip:1,bdd100k/images/track/val/b204a5c1-064b0040/b204a5c1-064b0040-0000169.jpg,1156905997,239383,239597,8,080b0f06
mot_frames,mot_val1,mot,strip:1,bdd100k/images/track/val/b204a5c1-064b0040/b204a5c1-064b0040-0000170.jpg,1163731851,235153,235362,8,18fc0233
mot_frames,mot_val1,mot,strip:1,bdd100k/images/track/val/b204a5c1-064b0040/b204a5c1-064b0040-0000171.jpg,1149710340,241574,241801,8,50234ace
mot_frames,mot_val1,mot,strip:1,bdd100k/images/track/val/b204a5c1-064b0040/b204a5c1-064b0040-0000172.jpg,1145013939,239260,239460,8,472db500
mot_frames,mot_val1,mot,strip:1,bdd100k/images/track/val/b204a5c1-064b0040/b204a5c1-064b0040-0000173.jpg,1137519639,239449,239624,8,de4afc62
mot_frames,mot_val1,mot,strip:1,bdd100k/images/track/val/b204a5c1-064b0040/b204a5c1-064b0040-0000174.jpg,1137759218,243943,244167,8,affaf7e8
mot_frames,mot_val1,mot,strip:1,bdd100k/images/track/val/b204a5c1-064b0040/b204a5c1-064b0040-0000175.jpg,1143855469,242424,242635,8,3a9f230a
mot_frames,mot_val1,mot,strip:1,bdd100k/images/track/val/b204a5c1-064b0040/b204a5c1-064b0040-0000176.jpg,1149952044,242729,243020,8,5317ee23
mot_frames,mot_val1,mot,strip:1,bdd100k/images/track/val/b204a5c1-064b0040/b204a5c1-064b0040-0000177.jpg,1162577539,239607,239875,8,c7e59416
mot_frames,mot_val1,mot,strip:1,bdd100k/images/track/val/b204a5c1-064b0040/b204a5c1-064b0040-0000178.jpg,1150754852,237555,237832,8,f5bac3db
mot_frames,mot_val1,mot,strip:1,bdd100k/images/track/val/b204a5c1-064b0040/b204a5c1-064b0040-0000179.jpg,1162179781,239151,239435,8,c0ba40f1
mot_frames,mot_val1,mot,strip:1,bdd100k/images/track/val/b204a5c1-064b0040/b204a5c1-064b0040-0000180.jpg,1138516326,235274,235545,8,7fd35ae5
mot_frames,mot_val1,mot,strip:1,bdd100k/images/track/val/b204a5c1-064b0040/b204a5c1-064b0040-0000181.jpg,1132451275,237768,237974,8,fb80cd22
mot_frames,mot_val1,mot,strip:1,bdd100k/images/track/val/b204a5c1-064b0040/b204a5c1-064b0040-0000182.jpg,1167351227,248291,248500,8,0c2efee6
mot_frames,mot_val1,mot,strip:1,bdd100k/images/track/val/b204a5c1-064b0040/b204a5c1-064b0040-0000183.jpg,1154911883,247054,247223,8,09007304
mot_frames,mot_val1,mot,strip:1,bdd100k/images/track/val/b204a5c1-064b0040/b204a5c1-064b0040-0000184.jpg,1154430247,249862,250091,8,33f732b1
mot_frames,mot_val1,mot,strip:1,bdd100k/images/track/val/b204a5c1-064b0040/b204a5c1-064b0040-0000185.jpg,1168403166,242657,242850,8,8a824b08
mot_frames,mot_val1,mot,strip:1,bdd100k/images/track/val/b204a5c1-064b0040/b204a5c1-064b0040-0000186.jpg,1131986378,236729,236877,8,94379893
mot_frames,mot_val1,mot,strip:1,bdd100k/images/track/val/b204a5c1-064b0040/b204a5c1-064b0040-0000187.jpg,1139535631,245326,245547,8,e321841a
mot_frames,mot_val1,mot,strip:1,bdd100k/images/track/val/b204a5c1-064b0040/b204a5c1-064b0040-0000188.jpg,1131135854,239185,239355,8,444c556b
mot_frames,mot_val1,mot,strip:1,bdd100k/images/track/val/b204a5c1-064b0040/b204a5c1-064b0040-0000189.jpg,1140208926,235594,235751,8,d465e4d9
mot_frames,mot_val1,mot,strip:1,bdd100k/images/track/val/b204a5c1-064b0040/b204a5c1-064b0040-0000190.jpg,1133715386,242678,242922,8,98179b9f
mot_frames,mot_val1,mot,strip:1,bdd100k/images/track/val/b204a5c1-064b0040/b204a5c1-064b0040-0000191.jpg,1148715976,239101,239299,8,ca65e28e
mot_frames,mot_val1,mot,strip:1,bdd100k/images/track/val/b204a5c1-064b0040/b204a5c1-064b0040-0000192.jpg,1152735612,249365,249556,8,1b12e8e9
mot_frames,mot_val1,mot,strip:1,bdd100k/images/track/val/b204a5c1-064b0040/b204a5c1-064b0040-0000193.jpg,1160224260,241034,241190,8,648714de
mot_frames,mot_val1,mot,strip:1,bdd100k/images/track/val/b204a5c1-064b0040/b204a5c1-064b0040-0000194.jpg,1159759536,236499,236616,8,6973a2eb
mot_frames,mot_val1,mot,strip:1,bdd100k/images/track/val/b204a5c1-064b0040/b204a5c1-064b0040-0000195.jpg,1153796286,245130,245341,8,1cb56af3
mot_frames,mot_val1,mot,strip:1,bdd100k/images/track/val/b204a5c1-064b0040/b204a5c1-064b0040-0000196.jpg,1148057523,237397,237600,8,90e52104
mot_frames,mot_val1,mot,strip:1,bdd100k/images/track/val/b204a5c1-064b0040/b204a5c1-064b0040-0000197.jpg,1134547444,232006,232168,8,405a7949
mot_frames,mot_val1,mot,strip:1,bdd100k/images/track/val/b204a5c1-064b0040/b204a5c1-064b0040-0000198.jpg,1147399272,249446,249657,8,17b4ef0b
mot_frames,mot_val1,mot,strip:1,bdd100k/images/track/val/b204a5c1-064b0040/b204a5c1-064b0040-0000199.jpg,1135414469,241044,241237,8,933a888c
mot_frames,mot_val1,mot,strip:1,bdd100k/images/track/val/b204a5c1-064b0040/b204a5c1-064b0040-0000200.jpg,1130293202,251996,252239,8,d93cdf95
mot_frames,mot_val1,mot,strip:1,bdd100k/images/track/val/b204a5c1-064b0040/b204a5c1-064b0040-0000201.jpg,1141479612,237809,237950,8,9451dcfb
mot_frames,mot_val1,mot,strip:1,bdd100k/images/track/val/b204a5c1-064b0040/b204a5c1-064b0040-0000202.jpg,1157521929,229212,229386,8,00312a21
mot_frames,mot_val1,mot,strip:1,bdd100k/images/track/val/b2064e61-2beadd45/b2064e61-2beadd45-0000001.jpg,2730954023,103694,104396,8,e8f86c5d
mot_frames,mot_val1,mot,strip:1,bdd100k/images/track/val/b2064e61-2beadd45/b2064e61-2beadd45-0000002.jpg,2736536416,95604,96117,8,fb2f6774
mot_frames,mot_val1,mot,strip:1,bdd100k/images/track/val/b2064e61-2beadd45/b2064e61-2beadd45-0000003.jpg,2739900601,81920,82267,8,a595426f
mot_frames,mot_val1,mot,strip:1,bdd100k/images/track/val/b2064e61-2beadd45/b2064e61-2beadd45-0000004.jpg,2739634377,80756,81115,8,9ff5f81b
mot_frames,mot_val1,mot,strip:1,bdd100k/images/track/val/b2064e61-2beadd45/b2064e61-2beadd45-0000005.jpg,2736632150,95988,96504,8,56c38d3f
mot_frames,mot_val1,mot,strip:1,bdd100k/images/track/val/b2064e61-2beadd45/b2064e61-2beadd45-0000006.jpg,2730585051,85703,86062,8,6bd9a9f9
mot_frames,mot_val1,mot,strip:1,bdd100k/images/track/val/b2064e61-2beadd45/b2064e61-2beadd45-0000007.jpg,2726320923,84969,85342,8,8f73027c
mot_frames,mot_val1,mot,strip:1,bdd100k/images/track/val/b2064e61-2beadd45/b2064e61-2beadd45-0000008.jpg,2731442633,87422,87852,8,851312f1
mot_frames,mot_val1,mot,strip:1,bdd100k/images/track/val/b2064e61-2beadd45/b2064e61-2beadd45-0000009.jpg,2725738606,84632,84953,8,3321dcb2
mot_frames,mot_val1,mot,strip:1,bdd100k/images/track/val/b2064e61-2beadd45/b2064e61-2beadd45-0000010.jpg,2732165397,111228,111994,8,c34f07f0
mot_frames,mot_val1,mot,strip:1,bdd100k/images/track/val/b2064e61-2beadd45/b2064e61-2beadd45-0000011.jpg,2728735256,85505,85889,8,e61993a5
mot_frames,mot_val1,mot,strip:1,bdd100k/images/track/val/b2064e61-2beadd45/b2064e61-2beadd45-0000012.jpg,2738358129,84595,84969,8,27cd2c00
mot_frames,mot_val1,mot,strip:1,bdd100k/images/track/val/b2064e61-2beadd45/b2064e61-2beadd45-0000013.jpg,2734334154,94823,95352,8,2d9b31ef
mot_frames,mot_val1,mot,strip:1,bdd100k/images/track/val/b2064e61-2beadd45/b2064e61-2beadd45-0000014.jpg,2734060118,85571,85945,8,25291c38
mot_frames,mot_val1,mot,strip:1,bdd100k/images/track/val/b2064e61-2beadd45/b2064e61-2beadd45-0000015.jpg,2738442854,85501,85868,8,d25a311a
mot_frames,mot_val1,mot,strip:1,bdd100k/images/track/val/b2064e61-2beadd45/b2064e61-2beadd45-0000016.jpg,2728523618,87310,87698,8,e4d8a685
mot_frames,mot_val1,mot,strip:1,bdd100k/images/track/val/b2064e61-2beadd45/b2064e61-2beadd45-0000017.jpg,2732426275,84698,85060,8,20999fc6
mot_frames,mot_val1,mot,strip:1,bdd100k/images/track/val/b2064e61-2beadd45/b2064e61-2beadd45-0000018.jpg,2729181775,111362,112139,8,e05676f1
mot_frames,mot_val1,mot,strip:1,bdd100k/images/track/val/b2064e61-2beadd45/b2064e61-2beadd45-0000019.jpg,2731600588,85812,86170,8,fb2e572b
mot_frames,mot_val1,mot,strip:1,bdd100k/images/track/val/b2064e61-2beadd45/b2064e61-2beadd45-0000020.jpg,2737908024,85138,85484,8,a0e9903d
mot_frames,mot_val1,mot,strip:1,bdd100k/images/track/val/b2064e61-2beadd45/b2064e61-2beadd45-0000021.jpg,2734612625,95307,95858,8,8a529b4a
mot_frames,mot_val1,mot,strip:1,bdd100k/images/track/val/b2064e61-2beadd45/b2064e61-2beadd45-0000022.jpg,2732578029,85654,86019,8,751430f6
mot_frames,mot_val1,mot,strip:1,bdd100k/images/track/val/b2064e61-2beadd45/b2064e61-2beadd45-0000023.jpg,2728377635,85605,85945,8,d02b270f
mot_frames,mot_val1,mot,strip:1,bdd100k/images/track/val/b2064e61-2beadd45/b2064e61-2beadd45-0000024.jpg,2728289754,87751,88114,8,ba5c9701
mot_frames,mot_val1,mot,strip:1,bdd100k/images/track/val/b2064e61-2beadd45/b2064e61-2beadd45-0000025.jpg,2732938666,85534,85905,8,bce1d294
mot_frames,mot_val1,mot,strip:1,bdd100k/images/track/val/b2064e61-2beadd45/b2064e61-2beadd45-0000026.jpg,2734501139,111356,112080,8,2aa4475e
mot_frames,mot_val1,mot,strip:1,bdd100k/images/track/val/b2064e61-2beadd45/b2064e61-2beadd45-0000027.jpg,2738215862,85496,85858,8,079871d6
mot_frames,mot_val1,mot,strip:1,bdd100k/images/track/val/b2064e61-2beadd45/b2064e61-2beadd45-0000028.jpg,2735258845,85097,85482,8,e8f66364
mot_frames,mot_val1,mot,strip:1,bdd100k/images/track/val/b2064e61-2beadd45/b2064e61-2beadd45-0000029.jpg,2737504592,95545,96060,8,6080e936
mot_frames,mot_val1,mot,strip:1,bdd100k/images/track/val/b2064e61-2beadd45/b2064e61-2beadd45-0000030.jpg,2736082414,86275,86666,8,bbeda821
mot_frames,mot_val1,mot,strip:1,bdd100k/images/track/val/b2064e61-2beadd45/b2064e61-2beadd45-0000031.jpg,2740207303,80458,80769,8,f549ae85
mot_frames,mot_val1,mot,strip:1,bdd100k/images/track/val/b2064e61-2beadd45/b2064e61-2beadd45-0000032.jpg,2726461798,82138,82438,8,ebb21462
mot_frames,mot_val1,mot,strip:1,bdd100k/images/track/val/b2064e61-2beadd45/b2064e61-2beadd45-0000033.jpg,2730343077,80410,80725,8,0291b4fc
mot_frames,mot_val1,mot,strip:1,bdd100k/images/track/val/b2064e61-2beadd45/b2064e61-2beadd45-0000034.jpg,2730236167,106780,107474,8,eb52545c
mot_frames,mot_val1,mot,strip:1,bdd100k/images/track/val/b2064e61-2beadd45/b2064e61-2beadd45-0000035.jpg,2726923442,81897,82209,8,3379bc50
mot_frames,mot_val1,mot,strip:1,bdd100k/images/track/val/b2064e61-2beadd45/b2064e61-2beadd45-0000036.jpg,2740045345,81686,82004,8,b651f992
mot_frames,mot_val1,mot,strip:1,bdd100k/images/track/val/b2064e61-2beadd45/b2064e61-2beadd45-0000037.jpg,2736391883,89610,90034,8,da6e6bb8
mot_frames,mot_val1,mot,strip:1,bdd100k/images/track/val/b2064e61-2beadd45/b2064e61-2beadd45-0000038.jpg,2740901890,81662,81989,8,49232d58
mot_frames,mot_val1,mot,strip:1,bdd100k/images/track/val/b2064e61-2beadd45/b2064e61-2beadd45-0000039.jpg,2735661109,79661,79973,8,141d0799
mot_frames,mot_val1,mot,strip:1,bdd100k/images/track/val/b2064e61-2beadd45/b2064e61-2beadd45-0000040.jpg,2727386625,80800,81118,8,e1d23a28
mot_frames,mot_val1,mot,strip:1,bdd100k/images/track/val/b2064e61-2beadd45/b2064e61-2beadd45-0000041.jpg,2729637408,78728,79057,8,3f230294
mot_frames,mot_val1,mot,strip:1,bdd100k/images/track/val/b2064e61-2beadd45/b2064e61-2beadd45-0000042.jpg,2735819563,106323,107051,8,3eacce69
mot_frames,mot_val1,mot,strip:1,bdd100k/images/track/val/b2064e61-2beadd45/b2064e61-2beadd45-0000043.jpg,2740530432,79022,79341,8,10b17605
mot_frames,mot_val1,mot,strip:1,bdd100k/images/track/val/b2064e61-2beadd45/b2064e61-2beadd45-0000044.jpg,2740672865,77614,77925,8,cb2c4242
mot_frames,mot_val1,mot,strip:1,bdd100k/images/track/val/b2064e61-2beadd45/b2064e61-2beadd45-0000045.jpg,2735427320,87457,87850,8,1c98e8cd
mot_frames,mot_val1,mot,strip:1,bdd100k/images/track/val/b2064e61-2beadd45/b2064e61-2beadd45-0000046.jpg,2729783292,78395,78740,8,7e4f69ba
mot_frames,mot_val1,mot,strip:1,bdd100k/images/track/val/b2064e61-2beadd45/b2064e61-2beadd45-0000047.jpg,2727005469,78475,78796,8,2ca2ced4
mot_frames,mot_val1,mot,strip:1,bdd100k/images/track/val/b2064e61-2beadd45/b2064e61-2beadd45-0000048.jpg,2730085085,80540,80887,8,bd7ead78
mot_frames,mot_val1,mot,strip:1,bdd100k/images/track/val/b2064e61-2beadd45/b2064e61-2beadd45-0000049.jpg,2726759657,77886,78209,8,1122cdac
mot_frames,mot_val1,mot,strip:1,bdd100k/images/track/val/b2064e61-2beadd45/b2064e61-2beadd45-0000050.jpg,2733406596,104455,105109,8,9f24b11e
mot_frames,mot_val1,mot,strip:1,bdd100k/images/track/val/b2064e61-2beadd45/b2064e61-2beadd45-0000051.jpg,2727692940,76647,76955,8,5fb7f702
mot_frames,mot_val1,mot,strip:1,bdd100k/images/track/val/b2064e61-2beadd45/b2064e61-2beadd45-0000052.jpg,2737827308,80586,80942,8,57e388c8
mot_frames,mot_val1,mot,strip:1,bdd100k/images/track/val/b2064e61-2beadd45/b2064e61-2beadd45-0000053.jpg,2735022897,84988,85377,8,37a865fb
mot_frames,mot_val1,mot,strip:1,bdd100k/images/track/val/b2064e61-2beadd45/b2064e61-2beadd45-0000054.jpg,2735179139,79576,79892,8,31237522
mot_frames,mot_val1,mot,strip:1,bdd100k/images/track/val/b2064e61-2beadd45/b2064e61-2beadd45-0000055.jpg,2737415805,88657,88934,8,66e7a245
mot_frames,mot_val1,mot,strip:1,bdd100k/images/track/val/b2064e61-2beadd45/b2064e61-2beadd45-0000056.jpg,2727901373,84097,84365,8,364c24e3
mot_frames,mot_val1,mot,strip:1,bdd100k/images/track/val/b2064e61-2beadd45/b2064e61-2beadd45-0000057.jpg,2733085590,80690,80968,8,26b3c539
mot_frames,mot_val1,mot,strip:1,bdd100k/images/track/val/b2064e61-2beadd45/b2064e61-2beadd45-0000058.jpg,2728122237,95755,96099,8,db3b7603
mot_frames,mot_val1,mot,strip:1,bdd100k/images/track/val/b2064e61-2beadd45/b2064e61-2beadd45-0000059.jpg,2732782658,79010,79300,8,a8ae694c
mot_frames,mot_val1,mot,strip:1,bdd100k/images/track/val/b2064e61-2beadd45/b2064e61-2beadd45-0000060.jpg,2738871395,72017,72368,8,095d2203
mot_frames,mot_val1,mot,strip:1,bdd100k/images/track/val/b2064e61-2beadd45/b2064e61-2beadd45-0000061.jpg,2733572530,72263,72641,8,629b5133
mot_frames,mot_val1,mot,strip:1,bdd100k/images/track/val/b2064e61-2beadd45/b2064e61-2beadd45-0000062.jpg,2731887815,64601,65121,8,6a2991fd
mot_frames,mot_val1,mot,strip:1,bdd100k/images/track/val/b2064e61-2beadd45/b2064e61-2beadd45-0000063.jpg,2728974545,59958,60614,8,067201f4
mot_frames,mot_val1,mot,strip:1,bdd100k/images/track/val/b2064e61-2beadd45/b2064e61-2beadd45-0000064.jpg,2729434835,60330,60941,8,670dab28
mot_frames,mot_val1,mot,strip:1,bdd100k/images/track/val/b2064e61-2beadd45/b2064e61-2beadd45-0000065.jpg,2731831500,56185,56971,8,ed76c5a4
mot_frames,mot_val1,mot,strip:1,bdd100k/images/track/val/b2064e61-2beadd45/b2064e61-2beadd45-0000066.jpg,2733993611,66377,66949,8,2daf9dce
mot_frames,mot_val1,mot,strip:1,bdd100k/images/track/val/b2064e61-2beadd45/b2064e61-2beadd45-0000067.jpg,2738802619,68646,69159,8,7e5b8a58
mot_frames,mot_val1,mot,strip:1,bdd100k/images/track/val/b2064e61-2beadd45/b2064e61-2beadd45-0000068.jpg,2734145819,62985,63541,8,b33cae27
mot_frames,mot_val1,mot,strip:1,bdd100k/images/track/val/b2064e61-2beadd45/b2064e61-2beadd45-0000069.jpg,2738528485,63647,64157,8,632c9ac1
mot_frames,mot_val1,mot,strip:1,bdd100k/images/track/val/b2064e61-2beadd45/b2064e61-2beadd45-0000070.jpg,2737133954,56387,57092,8,2e04d408
mot_frames,mot_val1,mot,strip:1,bdd100k/images/track/val/b2064e61-2beadd45/b2064e61-2beadd45-0000071.jpg,2739205407,54769,55549,8,90c3e866
mot_frames,mot_val1,mot,strip:1,bdd100k/images/track/val/b2064e61-2beadd45/b2064e61-2beadd45-0000072.jpg,2725878859,58538,59174,8,e783b9a8
mot_frames,mot_val1,mot,strip:1,bdd100k/images/track/val/b2064e61-2beadd45/b2064e61-2beadd45-0000073.jpg,2731057847,56877,57566,8,3ad5a896
mot_frames,mot_val1,mot,strip:1,bdd100k/images/track/val/b2064e61-2beadd45/b2064e61-2beadd45-0000074.jpg,2731530185,70273,70757,8,d16b3992
mot_frames,mot_val1,mot,strip:1,bdd100k/images/track/val/b2064e61-2beadd45/b2064e61-2beadd45-0000075.jpg,2725823368,55361,56089,8,bf4f29a2
mot_frames,mot_val1,mot,strip:1,bdd100k/images/track/val/b2064e61-2beadd45/b2064e61-2beadd45-0000076.jpg,2739575250,58997,59589,8,46cb2936
mot_frames,mot_val1,mot,strip:1,bdd100k/images/track/val/b2064e61-2beadd45/b2064e61-2beadd45-0000077.jpg,2737012566,62829,63389,8,a58ad3e8
mot_frames,mot_val1,mot,strip:1,bdd100k/images/track/val/b2064e61-2beadd45/b2064e61-2beadd45-0000078.jpg,2739773905,68878,69270,8,5cd26971
mot_frames,mot_val1,mot,strip:1,bdd100k/images/track/val/b2064e61-2beadd45/b2064e61-2beadd45-0000079.jpg,2736785843,71281,71676,8,85020abd
mot_frames,mot_val1,mot,strip:1,bdd100k/images/track/val/b2064e61-2beadd45/b2064e61-2beadd45-0000080.jpg,2727610915,81895,82267,8,71ae1601
mot_frames,mot_val1,mot,strip:1,bdd100k/images/track/val/b2064e61-2beadd45/b2064e61-2beadd45-0000081.jpg,2733334559,71907,72329,8,753a26f3
mot_frames,mot_val1,mot,strip:1,bdd100k/images/track/val/b2064e61-2beadd45/b2064e61-2beadd45-0000082.jpg,2734938600,84167,84812,8,75aa0107
mot_frames,mot_val1,mot,strip:1,bdd100k/images/track/val/b2064e61-2beadd45/b2064e61-2beadd45-0000083.jpg,2737765927,61251,61792,8,dc9861c7
mot_frames,mot_val1,mot,strip:1,bdd100k/images/track/val/b2064e61-2beadd45/b2064e61-2beadd45-0000084.jpg,2737353246,62429,62942,8,b97d0045
mot_frames,mot_val1,mot,strip:1,bdd100k/images/track/val/b2064e61-2beadd45/b2064e61-2beadd45-0000085.jpg,2735108015,70994,71440,8,0dcc46d5
mot_frames,mot_val1,mot,strip:1,bdd100k/images/track/val/b2064e61-2beadd45/b2064e61-2beadd45-0000086.jpg,2733024330,61130,61714,8,51d7b95f
mot_frames,mot_val1,mot,strip:1,bdd100k/images/track/val/b2064e61-2beadd45/b2064e61-2beadd45-0000087.jpg,2727845154,56089,56749,8,2bdfaa42
mot_frames,mot_val1,mot,strip:1,bdd100k/images/track/val/b2064e61-2beadd45/b2064e61-2beadd45-0000088.jpg,2732726813,55715,56373,8,961cc030
mot_frames,mot_val1,mot,strip:1,bdd100k/images/track/val/b2064e61-2beadd45/b2064e61-2beadd45-0000089.jpg,2728066388,55719,56416,8,b95f909a
mot_frames,mot_val1,mot,strip:1,bdd100k/images/track/val/b2064e61-2beadd45/b2064e61-2beadd45-0000090.jpg,2729716266,66896,67417,8,26a77a61
mot_frames,mot_val1,mot,strip:1,bdd100k/images/track/val/b2064e61-2beadd45/b2064e61-2beadd45-0000091.jpg,2727467555,60456,61006,8,762f513c
mot_frames,mot_val1,mot,strip:1,bdd100k/images/track/val/b2064e61-2beadd45/b2064e61-2beadd45-0000092.jpg,2740609584,63151,63621,8,1648e565
mot_frames,mot_val1,mot,strip:1,bdd100k/images/track/val/b2064e61-2beadd45/b2064e61-2beadd45-0000093.jpg,2735926016,72796,73165,8,58d36cf1
mot_frames,mot_val1,mot,strip:1,bdd100k/images/track/val/b2064e61-2beadd45/b2064e61-2beadd45-0000094.jpg,2735514907,71380,71727,8,1255ebc3
mot_frames,mot_val1,mot,strip:1,bdd100k/images/track/val/b2064e61-2beadd45/b2064e61-2beadd45-0000095.jpg,2740750609,75536,75866,8,a3ecd1fe
mot_frames,mot_val1,mot,strip:1,bdd100k/images/track/val/b2064e61-2beadd45/b2064e61-2beadd45-0000096.jpg,2727084074,78891,79211,8,e19b768c
mot_frames,mot_val1,mot,strip:1,bdd100k/images/track/val/b2064e61-2beadd45/b2064e61-2beadd45-0000097.jpg,2729861817,72714,73035,8,e4d8a67a
mot_frames,mot_val1,mot,strip:1,bdd100k/images/track/val/b2064e61-2beadd45/b2064e61-2beadd45-0000098.jpg,2726837673,85639,86062,8,abc94d0c
mot_frames,mot_val1,mot,strip:1,bdd100k/images/track/val/b2064e61-2beadd45/b2064e61-2beadd45-0000099.jpg,2730165755,70282,70643,8,f6c0fd21
mot_frames,mot_val1,mot,strip:1,bdd100k/images/track/val/b2064e61-2beadd45/b2064e61-2beadd45-0000100.jpg,2728218122,71502,71870,8,7a05f998
mot_frames,mot_val1,mot,strip:1,bdd100k/images/track/val/b2064e61-2beadd45/b2064e61-2beadd45-0000101.jpg,2732861798,76738,77110,8,982aa72c
mot_frames,mot_val1,mot,strip:1,bdd100k/images/track/val/b2064e61-2beadd45/b2064e61-2beadd45-0000102.jpg,2734429107,71902,72267,8,ebb2987d
mot_frames,mot_val1,mot,strip:1,bdd100k/images/track/val/b2064e61-2beadd45/b2064e61-2beadd45-0000103.jpg,2738146544,69188,69577,8,5095313a
mot_frames,mot_val1,mot,strip:1,bdd100k/images/track/val/b2064e61-2beadd45/b2064e61-2beadd45-0000104.jpg,2738081675,64739,65266,8,1f68634b
mot_frames,mot_val1,mot,strip:1,bdd100k/images/track/val/b2064e61-2beadd45/b2064e61-2beadd45-0000105.jpg,2734792442,62396,62948,8,6477d4ed
mot_frames,mot_val1,mot,strip:1,bdd100k/images/track/val/b2064e61-2beadd45/b2064e61-2beadd45-0000106.jpg,2732663813,62870,63363,8,bbadde6b
mot_frames,mot_val1,mot,strip:1,bdd100k/images/track/val/b2064e61-2beadd45/b2064e61-2beadd45-0000107.jpg,2728463370,60118,60772,8,f1409503
mot_frames,mot_val1,mot,strip:1,bdd100k/images/track/val/b2064e61-2beadd45/b2064e61-2beadd45-0000108.jpg,2733511181,61219,61741,8,5b810603
mot_frames,mot_val1,mot,strip:1,bdd100k/images/track/val/b2064e61-2beadd45/b2064e61-2beadd45-0000109.jpg,2727769717,75307,75697,8,4e51ae8f
mot_frames,mot_val1,mot,strip:1,bdd100k/images/track/val/b2064e61-2beadd45/b2064e61-2beadd45-0000110.jpg,2730017971,66984,67460,8,5a3d3557
mot_frames,mot_val1,mot,strip:1,bdd100k/images/track/val/b2064e61-2beadd45/b2064e61-2beadd45-0000111.jpg,2726700679,58848,59463,8,6f1beb74
mot_frames,mot_val1,mot,strip:1,bdd100k/images/track/val/b2064e61-2beadd45/b2064e61-2beadd45-0000112.jpg,2739982651,62564,63122,8,40cb2a65
mot_frames,mot_val1,mot,strip:1,bdd100k/images/track/val/b2064e61-2beadd45/b2064e61-2beadd45-0000113.jpg,2736329947,61806,62316,8,0a507a3e
mot_frames,mot_val1,mot,strip:1,bdd100k/images/track/val/b2064e61-2beadd45/b2064e61-2beadd45-0000114.jpg,2736255814,74003,74325,8,2c6948e2
mot_frames,mot_val1,mot,strip:1,bdd100k/images/track/val/b2064e61-2beadd45/b2064e61-2beadd45-0000115.jpg,2740379612,70693,71095,8,6d7aa636
mot_frames,mot_val1,mot,strip:1,bdd100k/images/track/val/b2064e61-2beadd45/b2064e61-2beadd45-0000116.jpg,2726631305,69244,69650,8,86e9b0b8
mot_frames,mot_val1,mot,strip:1,bdd100k/images/track/val/b2064e61-2beadd45/b2064e61-2beadd45-0000117.jpg,2730512672,72249,72647,8,2d23efa6
mot_frames,mot_val1,mot,strip:1,bdd100k/images/track/val/b2064e61-2beadd45/b2064e61-2beadd45-0000118.jpg,2727320992,65503,65990,8,e2811d24
mot_frames,mot_val1,mot,strip:1,bdd100k/images/track/val/b2064e61-2beadd45/b2064e61-2beadd45-0000119.jpg,2729578734,58544,59151,8,cf95a1c2
mot_frames,mot_val1,mot,strip:1,bdd100k/images/track/val/b2064e61-2beadd45/b2064e61-2beadd45-0000120.jpg,2739715263,58512,59132,8,d9441e00
mot_frames,mot_val1,mot,strip:1,bdd100k/images/track/val/b2064e61-2beadd45/b2064e61-2beadd45-0000121.jpg,2736728268,57445,58056,8,8d2616c0
mot_frames,mot_val1,mot,strip:1,bdd100k/images/track/val/b2064e61-2beadd45/b2064e61-2beadd45-0000122.jpg,2730670884,61287,61812,8,66aca704
mot_frames,mot_val1,mot,strip:1,bdd100k/images/track/val/b2064e61-2beadd45/b2064e61-2beadd45-0000123.jpg,2726406022,55646,56390,8,c15ce000
mot_frames,mot_val1,mot,strip:1,bdd100k/images/track/val/b2064e61-2beadd45/b2064e61-2beadd45-0000124.jpg,2726099172,53869,54796,8,e52d5a2f
mot_frames,mot_val1,mot,strip:1,bdd100k/images/track/val/b2064e61-2beadd45/b2064e61-2beadd45-0000125.jpg,2730732301,58421,59075,8,b3cc8533
mot_frames,mot_val1,mot,strip:1,bdd100k/images/track/val/b2064e61-2beadd45/b2064e61-2beadd45-0000126.jpg,2736481623,54663,55445,8,710aea41
mot_frames,mot_val1,mot,strip:1,bdd100k/images/track/val/b2064e61-2beadd45/b2064e61-2beadd45-0000127.jpg,2739842913,57558,58209,8,2d0187f3
mot_frames,mot_val1,mot,strip:1,bdd100k/images/track/val/b2064e61-2beadd45/b2064e61-2beadd45-0000128.jpg,2737075525,58299,58904,8,2a7b962a
mot_frames,mot_val1,mot,strip:1,bdd100k/images/track/val/b2064e61-2beadd45/b2064e61-2beadd45-0000129.jpg,2739144950,60327,60873,8,58241e1e
mot_frames,mot_val1,mot,strip:1,bdd100k/images/track/val/b2064e61-2beadd45/b2064e61-2beadd45-0000130.jpg,2734208934,70964,71318,8,7bb62394
mot_frames,mot_val1,mot,strip:1,bdd100k/images/track/val/b2064e61-2beadd45/b2064e61-2beadd45-0000131.jpg,2738592262,64997,65455,8,de241fb1
mot_frames,mot_val1,mot,strip:1,bdd100k/images/track/val/b2064e61-2beadd45/b2064e61-2beadd45-0000132.jpg,2728611058,64529,64997,8,ab5ad980
mot_frames,mot_val1,mot,strip:1,bdd100k/images/track/val/b2064e61-2beadd45/b2064e61-2beadd45-0000133.jpg,2732511103,66796,67245,8,9cd3eb7d
mot_frames,mot_val1,mot,strip:1,bdd100k/images/track/val/b2064e61-2beadd45/b2064e61-2beadd45-0000134.jpg,2732107119,58148,58771,8,7d169b68
mot_frames,mot_val1,mot,strip:1,bdd100k/images/track/val/b2064e61-2beadd45/b2064e61-2beadd45-0000135.jpg,2728675717,59409,59991,8,442a48e2
mot_frames,mot_val1,mot,strip:1,bdd100k/images/track/val/b2064e61-2beadd45/b2064e61-2beadd45-0000136.jpg,2738301488,56511,57173,8,758f43e2
mot_frames,mot_val1,mot,strip:1,bdd100k/images/track/val/b2064e61-2beadd45/b2064e61-2beadd45-0000137.jpg,2734280028,53996,54746,8,249fc1c5
mot_frames,mot_val1,mot,strip:1,bdd100k/images/track/val/b2064e61-2beadd45/b2064e61-2beadd45-0000138.jpg,2738943542,57551,58153,8,29dbb211
mot_frames,mot_val1,mot,strip:1,bdd100k/images/track/val/b2064e61-2beadd45/b2064e61-2beadd45-0000139.jpg,2733644923,55259,55977,8,e030bc45
mot_frames,mot_val1,mot,strip:1,bdd100k/images/track/val/b2064e61-2beadd45/b2064e61-2beadd45-0000140.jpg,2729381317,53388,54189,8,90406681
mot_frames,mot_val1,mot,strip:1,bdd100k/images/track/val/b2064e61-2beadd45/b2064e61-2beadd45-0000141.jpg,2731773894,57476,58105,8,9bcc9ed5
mot_frames,mot_val1,mot,strip:1,bdd100k/images/track/val/b2064e61-2beadd45/b2064e61-2beadd45-0000142.jpg,2733938147,55334,56075,8,e507979a
mot_frames,mot_val1,mot,strip:1,bdd100k/images/track/val/b2064e61-2beadd45/b2064e61-2beadd45-0000143.jpg,2738746508,55981,56674,8,bc2f117d
mot_frames,mot_val1,mot,strip:1,bdd100k/images/track/val/b2064e61-2beadd45/b2064e61-2beadd45-0000144.jpg,2739087969,56851,57545,8,3973de1f
mot_frames,mot_val1,mot,strip:1,bdd100k/images/track/val/b2064e61-2beadd45/b2064e61-2beadd45-0000145.jpg,2733792075,57807,58462,8,8bd97600
mot_frames,mot_val1,mot,strip:1,bdd100k/images/track/val/b2064e61-2beadd45/b2064e61-2beadd45-0000146.jpg,2732045067,61922,62452,8,f3655e37
mot_frames,mot_val1,mot,strip:1,bdd100k/images/track/val/b2064e61-2beadd45/b2064e61-2beadd45-0000147.jpg,2729121582,60063,60681,8,e1541b47
mot_frames,mot_val1,mot,strip:1,bdd100k/images/track/val/b2064e61-2beadd45/b2064e61-2beadd45-0000148.jpg,2732364830,61315,61865,8,7e130444
mot_frames,mot_val1,mot,strip:1,bdd100k/images/track/val/b2064e61-2beadd45/b2064e61-2beadd45-0000149.jpg,2728908869,65546,66028,8,ca1f4b1e
mot_frames,mot_val1,mot,strip:1,bdd100k/images/track/val/b2064e61-2beadd45/b2064e61-2beadd45-0000150.jpg,2731287201,64558,65075,8,14260d0c
mot_frames,mot_val1,mot,strip:1,bdd100k/images/track/val/b2064e61-2beadd45/b2064e61-2beadd45-0000151.jpg,2725585999,66093,66565,8,5afb85ed
mot_frames,mot_val1,mot,strip:1,bdd100k/images/track/val/b2064e61-2beadd45/b2064e61-2beadd45-0000152.jpg,2739420453,68781,69229,8,4661f3da
mot_frames,mot_val1,mot,strip:1,bdd100k/images/track/val/b2064e61-2beadd45/b2064e61-2beadd45-0000153.jpg,2736857254,68607,69058,8,78334204
mot_frames,mot_val1,mot,strip:1,bdd100k/images/track/val/b2064e61-2beadd45/b2064e61-2beadd45-0000154.jpg,2737190471,74807,75140,8,9fa40a04
mot_frames,mot_val1,mot,strip:1,bdd100k/images/track/val/b2064e61-2beadd45/b2064e61-2beadd45-0000155.jpg,2739260306,70848,71269,8,eab16d96
mot_frames,mot_val1,mot,strip:1,bdd100k/images/track/val/b2064e61-2beadd45/b2064e61-2beadd45-0000156.jpg,2725937527,73302,73631,8,ee2e7992
mot_frames,mot_val1,mot,strip:1,bdd100k/images/track/val/b2064e61-2beadd45/b2064e61-2beadd45-0000157.jpg,2731114854,78131,78446,8,7dfbaaf2
mot_frames,mot_val1,mot,strip:1,bdd100k/images/track/val/b2064e61-2beadd45/b2064e61-2beadd45-0000158.jpg,2726153171,75992,76321,8,99b97ab0
mot_frames,mot_val1,mot,strip:1,bdd100k/images/track/val/b2064e61-2beadd45/b2064e61-2beadd45-0000159.jpg,2730790852,75980,76317,8,ba2bf40a
mot_frames,mot_val1,mot,strip:1,bdd100k/images/track/val/b2064e61-2beadd45/b2064e61-2beadd45-0000160.jpg,2740826275,75485,75828,8,5fd6467b
mot_frames,mot_val1,mot,strip:1,bdd100k/images/track/val/b2064e61-2beadd45/b2064e61-2beadd45-0000161.jpg,2735586417,74562,74923,8,ca3d7fa1
mot_frames,mot_val1,mot,strip:1,bdd100k/images/track/val/b2064e61-2beadd45/b2064e61-2beadd45-0000162.jpg,2729934661,83180,83485,8,3f4e70c7
mot_frames,mot_val1,mot,strip:1,bdd100k/images/track/val/b2064e61-2beadd45/b2064e61-2beadd45-0000163.jpg,2727163095,78813,79169,8,95c039d3
mot_frames,mot_val1,mot,strip:1,bdd100k/images/track/val/b2064e61-2beadd45/b2064e61-2beadd45-0000164.jpg,2727242038,78824,79191,8,d602d3e2
mot_frames,mot_val1,mot,strip:1,bdd100k/images/track/val/b2064e61-2beadd45/b2064e61-2beadd45-0000165.jpg,2729495295,83309,83639,8,c2dde1b5
mot_frames,mot_val1,mot,strip:1,bdd100k/images/track/val/b2064e61-2beadd45/b2064e61-2beadd45-0000166.jpg,2735740900,78533,78875,8,b63a3002
mot_frames,mot_val1,mot,strip:1,bdd100k/images/track/val/b2064e61-2beadd45/b2064e61-2beadd45-0000167.jpg,2740450435,79867,80198,8,171d88be
mot_frames,mot_val1,mot,strip:1,bdd100k/images/track/val/b2064e61-2beadd45/b2064e61-2beadd45-0000168.jpg,2735998942,83342,83643,8,79e47083
mot_frames,mot_val1,mot,strip:1,bdd100k/images/track/val/b2064e61-2beadd45/b2064e61-2beadd45-0000169.jpg,2740127161,80012,80365,8,cbe8aab4
mot_frames,mot_val1,mot,strip:1,bdd100k/images/track/val/b2064e61-2beadd45/b2064e61-2beadd45-0000170.jpg,2735344072,83118,83456,8,2c0d0978
mot_frames,mot_val1,mot,strip:1,bdd100k/images/track/val/b2064e61-2beadd45/b2064e61-2beadd45-0000171.jpg,2737600267,81258,81586,8,713ca760
mot_frames,mot_val1,mot,strip:1,bdd100k/images/track/val/b2064e61-2beadd45/b2064e61-2beadd45-0000172.jpg,2727985600,80658,81001,8,e26ebf33
mot_frames,mot_val1,mot,strip:1,bdd100k/images/track/val/b2064e61-2beadd45/b2064e61-2beadd45-0000173.jpg,2733166410,85485,85815,8,eaaf080f
mot_frames,mot_val1,mot,strip:1,bdd100k/images/track/val/b2064e61-2beadd45/b2064e61-2beadd45-0000174.jpg,2733252025,82404,82727,8,1c226d7d
mot_frames,mot_val1,mot,strip:1,bdd100k/images/track/val/b2064e61-2beadd45/b2064e61-2beadd45-0000175.jpg,2727528141,82644,82958,8,dc441e37
mot_frames,mot_val1,mot,strip:1,bdd100k/images/track/val/b2064e61-2beadd45/b2064e61-2beadd45-0000176.jpg,2737681655,84142,84456,8,bc73c38d
mot_frames,mot_val1,mot,strip:1,bdd100k/images/track/val/b2064e61-2beadd45/b2064e61-2beadd45-0000177.jpg,2734854968,83502,83810,8,216f58ba
mot_frames,mot_val1,mot,strip:1,bdd100k/images/track/val/b2064e61-2beadd45/b2064e61-2beadd45-0000178.jpg,2737993292,88253,88552,8,17ab160a
mot_frames,mot_val1,mot,strip:1,bdd100k/images/track/val/b2064e61-2beadd45/b2064e61-2beadd45-0000179.jpg,2734708062,84250,84596,8,1dec6eb4
mot_frames,mot_val1,mot,strip:1,bdd100k/images/track/val/b2064e61-2beadd45/b2064e61-2beadd45-0000180.jpg,2725652222,86254,86571,8,f31ad5b2
mot_frames,mot_val1,mot,strip:1,bdd100k/images/track/val/b2064e61-2beadd45/b2064e61-2beadd45-0000181.jpg,2731351889,90614,90965,8,88a2f27d
mot_frames,mot_val1,mot,strip:1,bdd100k/images/track/val/b2064e61-2beadd45/b2064e61-2beadd45-0000182.jpg,2736925991,86445,86761,8,7c2f562a
mot_frames,mot_val1,mot,strip:1,bdd100k/images/track/val/b2064e61-2beadd45/b2064e61-2beadd45-0000183.jpg,2739489364,85756,86072,8,263715cc
mot_frames,mot_val1,mot,strip:1,bdd100k/images/track/val/b2064e61-2beadd45/b2064e61-2beadd45-0000184.jpg,2739331284,89039,89375,8,446f36bc
mot_frames,mot_val1,mot,strip:1,bdd100k/images/track/val/b2064e61-2beadd45/b2064e61-2beadd45-0000185.jpg,2737265408,87708,88030,8,5d5cd58e
mot_frames,mot_val1,mot,strip:1,bdd100k/images/track/val/b2064e61-2beadd45/b2064e61-2beadd45-0000186.jpg,2731193115,93956,94257,8,7407b993
mot_frames,mot_val1,mot,strip:1,bdd100k/images/track/val/b2064e61-2beadd45/b2064e61-2beadd45-0000187.jpg,2726010959,88083,88418,8,008c38e7
mot_frames,mot_val1,mot,strip:1,bdd100k/images/track/val/b2064e61-2beadd45/b2064e61-2beadd45-0000188.jpg,2730866962,86931,87269,8,bfc33f56
mot_frames,mot_val1,mot,strip:1,bdd100k/images/track/val/b2064e61-2beadd45/b2064e61-2beadd45-0000189.jpg,2726229293,91500,91849,8,b3e687b6
mot_frames,mot_val1,mot,strip:1,bdd100k/images/track/val/b2064e61-2beadd45/b2064e61-2beadd45-0000190.jpg,2731686530,87234,87563,8,5a402747
mot_frames,mot_val1,mot,strip:1,bdd100k/images/track/val/b2064e61-2beadd45/b2064e61-2beadd45-0000191.jpg,2729293267,87920,88242,8,b08677d5
mot_frames,mot_val1,mot,strip:1,bdd100k/images/track/val/b2064e61-2beadd45/b2064e61-2beadd45-0000192.jpg,2738657389,88989,89309,8,26f5b7eb
mot_frames,mot_val1,mot,strip:1,bdd100k/images/track/val/b2064e61-2beadd45/b2064e61-2beadd45-0000193.jpg,2733850012,88005,88344,8,7a35394e
mot_frames,mot_val1,mot,strip:1,bdd100k/images/track/val/b2064e61-2beadd45/b2064e61-2beadd45-0000194.jpg,2733700312,91633,91918,8,17369e4b
mot_frames,mot_val1,mot,strip:1,bdd100k/images/track/val/b2064e61-2beadd45/b2064e61-2beadd45-0000195.jpg,2739001223,86616,86949,8,a07e0c36
mot_frames,mot_val1,mot,strip:1,bdd100k/images/track/val/b2064e61-2beadd45/b2064e61-2beadd45-0000196.jpg,2729034633,86819,87157,8,d8baf38d
mot_frames,mot_val1,mot,strip:1,bdd100k/images/track/val/b2064e61-2beadd45/b2064e61-2beadd45-0000197.jpg,2731952546,92391,92700,8,4bbe5961
mot_frames,mot_val1,mot,strip:1,bdd100k/images/track/val/b2064e61-2beadd45/b2064e61-2beadd45-0000198.jpg,2728820891,87848,88174,8,56d01590
mot_frames,mot_val1,mot,strip:1,bdd100k/images/track/val/b2064e61-2beadd45/b2064e61-2beadd45-0000199.jpg,2732276755,87945,88244,8,a8a1e0af
mot_frames,mot_val1,mot,strip:1,bdd100k/images/track/val/b2064e61-2beadd45/b2064e61-2beadd45-0000200.jpg,2730423617,88925,89238,8,f8b9b66e
mot_frames,mot_val1,mot,strip:1,bdd100k/images/track/val/b2064e61-2beadd45/b2064e61-2beadd45-0000201.jpg,2726544066,87109,87432,8,fa3279c6
mot_frames,mot_val1,mot,strip:1,bdd100k/images/track/val/b2064e61-2beadd45/b2064e61-2beadd45-0000202.jpg,2740287891,91591,91884,8,304be8a8
mot_frames,mot_val1,mot,strip:1,bdd100k/images/track/val/b2064e61-2beadd45/b2064e61-2beadd45-0000203.jpg,2736168819,86865,87188,8,8c7ad430
mot_frames,mot_val1,mot,strip:1,bdd100k/images/track/val/b20e291a-6012d836/b20e291a-6012d836-0000001.jpg,2106708519,212543,213868,8,f43c95e5
mot_frames,mot_val1,mot,strip:1,bdd100k/images/track/val/b20e291a-6012d836/b20e291a-6012d836-0000002.jpg,2093819157,215847,216403,8,6b088000
mot_frames,mot_val1,mot,strip:1,bdd100k/images/track/val/b20e291a-6012d836/b20e291a-6012d836-0000003.jpg,2087153000,204539,204843,8,86f969a2
mot_frames,mot_val1,mot,strip:1,bdd100k/images/track/val/b20e291a-6012d836/b20e291a-6012d836-0000004.jpg,2086457600,204083,204405,8,732d1d14
mot_frames,mot_val1,mot,strip:1,bdd100k/images/track/val/b20e291a-6012d836/b20e291a-6012d836-0000005.jpg,2094035134,208235,208632,8,3a1aa528
mot_frames,mot_val1,mot,strip:1,bdd100k/images/track/val/b20e291a-6012d836/b20e291a-6012d836-0000006.jpg,2106165640,204501,204926,8,49db1a23
mot_frames,mot_val1,mot,strip:1,bdd100k/images/track/val/b20e291a-6012d836/b20e291a-6012d836-0000007.jpg,2116709041,207643,208855,8,f7143f01
mot_frames,mot_val1,mot,strip:1,bdd100k/images/track/val/b20e291a-6012d836/b20e291a-6012d836-0000008.jpg,2105467002,186227,186852,8,2e53f813
mot_frames,mot_val1,mot,strip:1,bdd100k/images/track/val/b20e291a-6012d836/b20e291a-6012d836-0000009.jpg,2117077780,171489,172084,8,13d9c69a
mot_frames,mot_val1,mot,strip:1,bdd100k/images/track/val/b20e291a-6012d836/b20e291a-6012d836-0000010.jpg,2103283633,180367,181294,8,811d87e2
mot_frames,mot_val1,mot,strip:1,bdd100k/images/track/val/b20e291a-6012d836/b20e291a-6012d836-0000011.jpg,2111585117,166830,167600,8,ebeb0339
mot_frames,mot_val1,mot,strip:1,bdd100k/images/track/val/b20e291a-6012d836/b20e291a-6012d836-0000012.jpg,2089851026,158628,159383,8,061c8755
mot_frames,mot_val1,mot,strip:1,bdd100k/images/track/val/b20e291a-6012d836/b20e291a-6012d836-0000013.jpg,2099387418,173981,174669,8,42f443b7
mot_frames,mot_val1,mot,strip:1,bdd100k/images/track/val/b20e291a-6012d836/b20e291a-6012d836-0000014.jpg,2098761307,146544,147488,8,79bf9f6f
mot_frames,mot_val1,mot,strip:1,bdd100k/images/track/val/b20e291a-6012d836/b20e291a-6012d836-0000015.jpg,2090009784,175713,176767,8,5ff20420
mot_frames,mot_val1,mot,strip:1,bdd100k/images/track/val/b20e291a-6012d836/b20e291a-6012d836-0000016.jpg,2110758640,163041,163700,8,892bd3e1
mot_frames,mot_val1,mot,strip:1,bdd100k/images/track/val/b20e291a-6012d836/b20e291a-6012d836-0000017.jpg,2103464130,158484,159027,8,067bc475
mot_frames,mot_val1,mot,strip:1,bdd100k/images/track/val/b20e291a-6012d836/b20e291a-6012d836-0000018.jpg,2110428552,168222,168910,8,de6bfc89
mot_frames,mot_val1,mot,strip:1,bdd100k/images/track/val/b20e291a-6012d836/b20e291a-6012d836-0000019.jpg,2104123269,165168,165833,8,59ca1d66
mot_frames,mot_val1,mot,strip:1,bdd100k/images/track/val/b20e291a-6012d836/b20e291a-6012d836-0000020.jpg,2090674390,159860,160329,8,0624998d
mot_frames,mot_val1,mot,strip:1,bdd100k/images/track/val/b20e291a-6012d836/b20e291a-6012d836-0000021.jpg,2098444962,168219,168838,8,52304ee7
mot_frames,mot_val1,mot,strip:1,bdd100k/images/track/val/b20e291a-6012d836/b20e291a-6012d836-0000022.jpg,2101850636,167883,168431,8,9e91857e
mot_frames,mot_val1,mot,strip:1,bdd100k/images/track/val/b20e291a-6012d836/b20e291a-6012d836-0000023.jpg,2112366754,161365,162364,8,5f5ee878
mot_frames,mot_val1,mot,strip:1,bdd100k/images/track/val/b20e291a-6012d836/b20e291a-6012d836-0000024.jpg,2112205889,160735,161349,8,bbf46746
mot_frames,mot_val1,mot,strip:1,bdd100k/images/track/val/b20e291a-6012d836/b20e291a-6012d836-0000025.jpg,2102623134,168393,168906,8,b9990ed4
mot_frames,mot_val1,mot,strip:1,bdd100k/images/track/val/b20e291a-6012d836/b20e291a-6012d836-0000026.jpg,2098092512,181879,182638,8,81576838
mot_frames,mot_val1,mot,strip:1,bdd100k/images/track/val/b20e291a-6012d836/b20e291a-6012d836-0000027.jpg,2091138130,172755,173258,8,30c93293
mot_frames,mot_val1,mot,strip:1,bdd100k/images/track/val/b20e291a-6012d836/b20e291a-6012d836-0000028.jpg,2097770240,168712,169182,8,b3f68084
mot_frames,mot_val1,mot,strip:1,bdd100k/images/track/val/b20e291a-6012d836/b20e291a-6012d836-0000029.jpg,2091810532,168419,169067,8,2ff33172
mot_frames,mot_val1,mot,strip:1,bdd100k/images/track/val/b20e291a-6012d836/b20e291a-6012d836-0000030.jpg,2094580284,164221,164843,8,bcd31c5d
mot_frames,mot_val1,mot,strip:1,bdd100k/images/track/val/b20e291a-6012d836/b20e291a-6012d836-0000031.jpg,2085764293,178059,178906,8,a4289447
mot_frames,mot_val1,mot,strip:1,bdd100k/images/track/val/b20e291a-6012d836/b20e291a-6012d836-0000032.jpg,2115042006,155573,156085,8,2fdd9d00
mot_frames,mot_val1,mot,strip:1,bdd100k/images/track/val/b20e291a-6012d836/b20e291a-6012d836-0000033.jpg,2107919625,157873,158362,8,78d0465c
mot_frames,mot_val1,mot,strip:1,bdd100k/images/track/val/b20e291a-6012d836/b20e291a-6012d836-0000034.jpg,2107740019,179476,180370,8,48178882
mot_frames,mot_val1,mot,strip:1,bdd100k/images/track/val/b20e291a-6012d836/b20e291a-6012d836-0000035.jpg,2116058617,151912,152839,8,813a4fc7
mot_frames,mot_val1,mot,strip:1,bdd100k/images/track/val/b20e291a-6012d836/b20e291a-6012d836-0000036.jpg,2085612480,151683,152378,8,3a0f6001
mot_frames,mot_val1,mot,strip:1,bdd100k/images/track/val/b20e291a-6012d836/b20e291a-6012d836-0000037.jpg,2095423496,160954,162065,8,f2341d30
mot_frames,mot_val1,mot,strip:1,bdd100k/images/track/val/b20e291a-6012d836/b20e291a-6012d836-0000038.jpg,2085103782,166873,167813,8,308546b8
mot_frames,mot_val1,mot,strip:1,bdd100k/images/track/val/b20e291a-6012d836/b20e291a-6012d836-0000039.jpg,2095914088,191438,193048,8,74a636dd
mot_frames,mot_val1,mot,strip:1,bdd100k/images/track/val/b20e291a-6012d836/b20e291a-6012d836-0000040.jpg,2114700470,179025,179925,8,fb05e42a
mot_frames,mot_val1,mot,strip:1,bdd100k/images/track/val/b20e291a-6012d836/b20e291a-6012d836-0000041.jpg,2108753746,169050,169925,8,28214c65
mot_frames,mot_val1,mot,strip:1,bdd100k/images/track/val/b20e291a-6012d836/b20e291a-6012d836-0000042.jpg,2096601069,171314,172196,8,badaca76
mot_frames,mot_val1,mot,strip:1,bdd100k/images/track/val/b20e291a-6012d836/b20e291a-6012d836-0000043.jpg,2084618947,159844,160699,8,0ac57b5d
mot_frames,mot_val1,mot,strip:1,bdd100k/images/track/val/b20e291a-6012d836/b20e291a-6012d836-0000044.jpg,2084946690,156962,157901,8,7dfd9922
mot_frames,mot_val1,mot,strip:1,bdd100k/images/track/val/b20e291a-6012d836/b20e291a-6012d836-0000045.jpg,2095743435,170523,171419,8,714519d2
mot_frames,mot_val1,mot,strip:1,bdd100k/images/track/val/b20e291a-6012d836/b20e291a-6012d836-0000046.jpg,2109246058,168263,169070,8,05d1446d
mot_frames,mot_val1,mot,strip:1,bdd100k/images/track/val/b20e291a-6012d836/b20e291a-6012d836-0000047.jpg,2114014640,198888,200559,8,f511d2d2
mot_frames,mot_val1,mot,strip:1,bdd100k/images/track/val/b20e291a-6012d836/b20e291a-6012d836-0000048.jpg,2107410750,169133,169924,8,c5c9ceb3
mot_frames,mot_val1,mot,strip:1,bdd100k/images/track/val/b20e291a-6012d836/b20e291a-6012d836-0000049.jpg,2115708275,180229,181132,8,bd693b99
mot_frames,mot_val1,mot,strip:1,bdd100k/images/track/val/b20e291a-6012d836/b20e291a-6012d836-0000050.jpg,2101505563,182473,183468,8,c6ab312e
mot_frames,mot_val1,mot,strip:1,bdd100k/images/track/val/b20e291a-6012d836/b20e291a-6012d836-0000051.jpg,2113023270,186213,187042,8,c2479992
mot_frames,mot_val1,mot,strip:1,bdd100k/images/track/val/b20e291a-6012d836/b20e291a-6012d836-0000052.jpg,2092151506,173363,174097,8,3d874441
mot_frames,mot_val1,mot,strip:1,bdd100k/images/track/val/b20e291a-6012d836/b20e291a-6012d836-0000053.jpg,2096941596,161732,162513,8,3fbe0a4d
mot_frames,mot_val1,mot,strip:1,bdd100k/images/track/val/b20e291a-6012d836/b20e291a-6012d836-0000054.jpg,2097261137,168544,169612,8,35d0618f
mot_frames,mot_val1,mot,strip:1,bdd100k/images/track/val/b20e291a-6012d836/b20e291a-6012d836-0000055.jpg,2091311015,178706,179897,8,4914e29b
mot_frames,mot_val1,mot,strip:1,bdd100k/images/track/val/b20e291a-6012d836/b20e291a-6012d836-0000056.jpg,2113385395,153135,154075,8,da1b7a07
mot_frames,mot_val1,mot,strip:1,bdd100k/images/track/val/b20e291a-6012d836/b20e291a-6012d836-0000057.jpg,2100697305,153778,154883,8,3facbf60
mot_frames,mot_val1,mot,strip:1,bdd100k/images/track/val/b20e291a-6012d836/b20e291a-6012d836-0000058.jpg,2111900412,166775,167725,8,45f1ef13
mot_frames,mot_val1,mot,strip:1,bdd100k/images/track/val/b20e291a-6012d836/b20e291a-6012d836-0000059.jpg,2102338294,167485,168515,8,b0d548c7
mot_frames,mot_val1,mot,strip:1,bdd100k/images/track/val/b20e291a-6012d836/b20e291a-6012d836-0000060.jpg,2089188450,162895,164048,8,86c640c2
mot_frames,mot_val1,mot,strip:1,bdd100k/images/track/val/b20e291a-6012d836/b20e291a-6012d836-0000061.jpg,2099725449,161491,162563,8,1ba16bce
mot_frames,mot_val1,mot,strip:1,bdd100k/images/track/val/b20e291a-6012d836/b20e291a-6012d836-0000062.jpg,2104447209,157207,158254,8,7394944f
mot_frames,mot_val1,mot,strip:1,bdd100k/images/track/val/b20e291a-6012d836/b20e291a-6012d836-0000063.jpg,2109595338,173511,174843,8,fe06837c
mot_frames,mot_val1,mot,strip:1,bdd100k/images/track/val/b20e291a-6012d836/b20e291a-6012d836-0000064.jpg,2110596904,161606,162234,8,73d53388
mot_frames,mot_val1,mot,strip:1,bdd100k/images/track/val/b20e291a-6012d836/b20e291a-6012d836-0000065.jpg,2104288567,158512,159177,8,fc8eeda6
mot_frames,mot_val1,mot,strip:1,bdd100k/images/track/val/b20e291a-6012d836/b20e291a-6012d836-0000066.jpg,2100557459,139716,140715,8,69745587
mot_frames,mot_val1,mot,strip:1,bdd100k/images/track/val/b20e291a-6012d836/b20e291a-6012d836-0000067.jpg,2088866341,148773,149733,8,2a3b5173
mot_frames,mot_val1,mot,strip:1,bdd100k/images/track/val/b20e291a-6012d836/b20e291a-6012d836-0000068.jpg,2099078500,148986,149826,8,6ebb4e2f
mot_frames,mot_val1,mot,strip:1,bdd100k/images/track/val/b20e291a-6012d836/b20e291a-6012d836-0000069.jpg,2090347238,147245,148210,8,39378fca
mot_frames,mot_val1,mot,strip:1,bdd100k/images/track/val/b20e291a-6012d836/b20e291a-6012d836-0000070.jpg,2092996771,149262,149810,8,7247d1eb
mot_frames,mot_val1,mot,strip:1,bdd100k/images/track/val/b20e291a-6012d836/b20e291a-6012d836-0000071.jpg,2087357669,158356,159034,8,d755b847
mot_frames,mot_val1,mot,strip:1,bdd100k/images/track/val/b20e291a-6012d836/b20e291a-6012d836-0000072.jpg,2117753970,160092,160738,8,61cef50b
mot_frames,mot_val1,mot,strip:1,bdd100k/images/track/val/b20e291a-6012d836/b20e291a-6012d836-0000073.jpg,2104962379,150305,150961,8,15acd6ef
mot_frames,mot_val1,mot,strip:1,bdd100k/images/track/val/b20e291a-6012d836/b20e291a-6012d836-0000074.jpg,2105998328,167182,167789,8,f369b68a
mot_frames,mot_val1,mot,strip:1,bdd100k/images/track/val/b20e291a-6012d836/b20e291a-6012d836-0000075.jpg,2117584993,168847,169366,8,d5c2aa21
mot_frames,mot_val1,mot,strip:1,bdd100k/images/track/val/b20e291a-6012d836/b20e291a-6012d836-0000076.jpg,2088362983,171857,172374,8,96ba5dd2
mot_frames,mot_val1,mot,strip:1,bdd100k/images/track/val/b20e291a-6012d836/b20e291a-6012d836-0000077.jpg,2092822594,174047,174674,8,be38e350
mot_frames,mot_val1,mot,strip:1,bdd100k/images/track/val/b20e291a-6012d836/b20e291a-6012d836-0000078.jpg,2086661813,165311,165993,8,f5cf8d30
mot_frames,mot_val1,mot,strip:1,bdd100k/images/track/val/b20e291a-6012d836/b20e291a-6012d836-0000079.jpg,2094243499,175398,176203,8,7c34ec86
mot_frames,mot_val1,mot,strip:1,bdd100k/images/track/val/b20e291a-6012d836/b20e291a-6012d836-0000080.jpg,2113209613,175652,176385,8,c327f8b7
mot_frames,mot_val1,mot,strip:1,bdd100k/images/track/val/b20e291a-6012d836/b20e291a-6012d836-0000081.jpg,2101688166,162340,163066,8,3319dc1b
mot_frames,mot_val1,mot,strip:1,bdd100k/images/track/val/b20e291a-6012d836/b20e291a-6012d836-0000082.jpg,2097103458,157549,158473,8,880c2d75
mot_frames,mot_val1,mot,strip:1,bdd100k/images/track/val/b20e291a-6012d836/b20e291a-6012d836-0000083.jpg,2092324999,157340,158136,8,d0772286
mot_frames,mot_val1,mot,strip:1,bdd100k/images/track/val/b20e291a-6012d836/b20e291a-6012d836-0000084.jpg,2091489851,153836,154568,8,47747a92
mot_frames,mot_val1,mot,strip:1,bdd100k/images/track/val/b20e291a-6012d836/b20e291a-6012d836-0000085.jpg,2097429811,160680,161512,8,01581315
mot_frames,mot_val1,mot,strip:1,bdd100k/images/track/val/b20e291a-6012d836/b20e291a-6012d836-0000086.jpg,2100851213,155241,156043,8,03ef781c
mot_frames,mot_val1,mot,strip:1,bdd100k/images/track/val/b20e291a-6012d836/b20e291a-6012d836-0000087.jpg,2113538660,149512,150224,8,8b8e6a87
mot_frames,mot_val1,mot,strip:1,bdd100k/images/track/val/b20e291a-6012d836/b20e291a-6012d836-0000088.jpg,2102505909,117095,117946,8,25549f4f
mot_frames,mot_val1,mot,strip:1,bdd100k/images/track/val/b20e291a-6012d836/b20e291a-6012d836-0000089.jpg,2112067317,138442,139384,8,9bcf1a0f
mot_frames,mot_val1,mot,strip:1,bdd100k/images/track/val/b20e291a-6012d836/b20e291a-6012d836-0000090.jpg,2108594802,158814,160214,8,714ebedd
mot_frames,mot_val1,mot,strip:1,bdd100k/images/track/val/b20e291a-6012d836/b20e291a-6012d836-0000091.jpg,2114548975,151365,152557,8,e1922d33
mot_frames,mot_val1,mot,strip:1,bdd100k/images/track/val/b20e291a-6012d836/b20e291a-6012d836-0000092.jpg,2084474109,144708,145853,8,69b7d9dd
mot_frames,mot_val1,mot,strip:1,bdd100k/images/track/val/b20e291a-6012d836/b20e291a-6012d836-0000093.jpg,2096438627,162312,163601,8,b6df19fd
mot_frames,mot_val1,mot,strip:1,bdd100k/images/track/val/b20e291a-6012d836/b20e291a-6012d836-0000094.jpg,2095584580,158725,160034,8,4ab01873
mot_frames,mot_val1,mot,strip:1,bdd100k/images/track/val/b20e291a-6012d836/b20e291a-6012d836-0000095.jpg,2084778921,167639,168809,8,54ad35e3
mot_frames,mot_val1,mot,strip:1,bdd100k/images/track/val/b20e291a-6012d836/b20e291a-6012d836-0000096.jpg,2113853164,161346,162470,8,33f6be11
mot_frames,mot_val1,mot,strip:1,bdd100k/images/track/val/b20e291a-6012d836/b20e291a-6012d836-0000097.jpg,2109086186,159742,160611,8,ba6fecde
mot_frames,mot_val1,mot,strip:1,bdd100k/images/track/val/b20e291a-6012d836/b20e291a-6012d836-0000098.jpg,2115528072,180073,180967,8,5a687876
mot_frames,mot_val1,mot,strip:1,bdd100k/images/track/val/b20e291a-6012d836/b20e291a-6012d836-0000099.jpg,2107251354,159266,160130,8,c005b8a7
mot_frames,mot_val1,mot,strip:1,bdd100k/images/track/val/b20e291a-6012d836/b20e291a-6012d836-0000100.jpg,2111752077,148205,148874,8,db2937bc
mot_frames,mot_val1,mot,strip:1,bdd100k/images/track/val/b20e291a-6012d836/b20e291a-6012d836-0000101.jpg,2102181754,156410,157212,8,416f8fa5
mot_frames,mot_val1,mot,strip:1,bdd100k/images/track/val/b20e291a-6012d836/b20e291a-6012d836-0000102.jpg,2097939082,153300,153973,8,b392db37
mot_frames,mot_val1,mot,strip:1,bdd100k/images/track/val/b20e291a-6012d836/b20e291a-6012d836-0000103.jpg,2090982657,155343,155903,8,50bea15f
mot_frames,mot_val1,mot,strip:1,bdd100k/images/track/val/b20e291a-6012d836/b20e291a-6012d836-0000104.jpg,2090834380,148147,149152,8,5e7563af
mot_frames,mot_val1,mot,strip:1,bdd100k/images/track/val/b20e291a-6012d836/b20e291a-6012d836-0000105.jpg,2098613311,147866,148705,8,1bdac998
mot_frames,mot_val1,mot,strip:1,bdd100k/images/track/val/b20e291a-6012d836/b20e291a-6012d836-0000106.jpg,2102018649,162975,163693,8,0d55d4d7
mot_frames,mot_val1,mot,strip:1,bdd100k/images/track/val/b20e291a-6012d836/b20e291a-6012d836-0000107.jpg,2112528249,160741,161440,8,96d9a580
mot_frames,mot_val1,mot,strip:1,bdd100k/images/track/val/b20e291a-6012d836/b20e291a-6012d836-0000108.jpg,2101348350,157083,157748,8,7e8f6e3d
mot_frames,mot_val1,mot,strip:1,bdd100k/images/track/val/b20e291a-6012d836/b20e291a-6012d836-0000109.jpg,2112858120,165020,165822,8,26c93dcc
mot_frames,mot_val1,mot,strip:1,bdd100k/images/track/val/b20e291a-6012d836/b20e291a-6012d836-0000110.jpg,2107580013,159876,160551,8,c4a01418
mot_frames,mot_val1,mot,strip:1,bdd100k/images/track/val/b20e291a-6012d836/b20e291a-6012d836-0000111.jpg,2115888634,169853,170425,8,83072940
mot_frames,mot_val1,mot,strip:1,bdd100k/images/track/val/b20e291a-6012d836/b20e291a-6012d836-0000112.jpg,2085442193,170157,170706,8,1dd2843f
mot_frames,mot_val1,mot,strip:1,bdd100k/images/track/val/b20e291a-6012d836/b20e291a-6012d836-0000113.jpg,2095258511,164855,165399,8,bea29912
mot_frames,mot_val1,mot,strip:1,bdd100k/images/track/val/b20e291a-6012d836/b20e291a-6012d836-0000114.jpg,2094917555,176411,177107,8,f08793e4
mot_frames,mot_val1,mot,strip:1,bdd100k/images/track/val/b20e291a-6012d836/b20e291a-6012d836-0000115.jpg,2086109962,167215,167787,8,3d16177c
mot_frames,mot_val1,mot,strip:1,bdd100k/images/track/val/b20e291a-6012d836/b20e291a-6012d836-0000116.jpg,2115197709,163538,164083,8,1cbdefa4
mot_frames,mot_val1,mot,strip:1,bdd100k/images/track/val/b20e291a-6012d836/b20e291a-6012d836-0000117.jpg,2108077628,169020,169676,8,dcd0d841
mot_frames,mot_val1,mot,strip:1,bdd100k/images/track/val/b20e291a-6012d836/b20e291a-6012d836-0000118.jpg,2114879625,162251,162835,8,8ea995d8
mot_frames,mot_val1,mot,strip:1,bdd100k/images/track/val/b20e291a-6012d836/b20e291a-6012d836-0000119.jpg,2108922926,163130,163650,8,084a066e
mot_frames,mot_val1,mot,strip:1,bdd100k/images/track/val/b20e291a-6012d836/b20e291a-6012d836-0000120.jpg,2086827254,163370,164025,8,156a6413
mot_frames,mot_val1,mot,strip:1,bdd100k/images/track/val/b20e291a-6012d836/b20e291a-6012d836-0000121.jpg,2094419027,161127,161805,8,74b2390c
mot_frames,mot_val1,mot,strip:1,bdd100k/images/track/val/b20e291a-6012d836/b20e291a-6012d836-0000122.jpg,2106370271,170359,171138,8,abfec8dc
mot_frames,mot_val1,mot,strip:1,bdd100k/images/track/val/b20e291a-6012d836/b20e291a-6012d836-0000123.jpg,2116916814,160836,161459,8,e7fdc3b7
mot_frames,mot_val1,mot,strip:1,bdd100k/images/track/val/b20e291a-6012d836/b20e291a-6012d836-0000124.jpg,2116210659,157932,158571,8,3bd2913b
mot_frames,mot_val1,mot,strip:1,bdd100k/images/track/val/b20e291a-6012d836/b20e291a-6012d836-0000125.jpg,2106540760,167629,168317,8,0aa68d3f
mot_frames,mot_val1,mot,strip:1,bdd100k/images/track/val/b20e291a-6012d836/b20e291a-6012d836-0000126.jpg,2093656631,162396,163026,8,52b7a723
mot_frames,mot_val1,mot,strip:1,bdd100k/images/track/val/b20e291a-6012d836/b20e291a-6012d836-0000127.jpg,2086990754,162116,162653,8,921fc30a
mot_frames,mot_val1,mot,strip:1,bdd100k/images/track/val/b20e291a-6012d836/b20e291a-6012d836-0000128.jpg,2093146163,162762,163360,8,e1239aa8
mot_frames,mot_val1,mot,strip:1,bdd100k/images/track/val/b20e291a-6012d836/b20e291a-6012d836-0000129.jpg,2087516155,160023,160601,8,ed9b0e5c
mot_frames,mot_val1,mot,strip:1,bdd100k/images/track/val/b20e291a-6012d836/b20e291a-6012d836-0000130.jpg,2098907981,170389,171157,8,a2d8deac
mot_frames,mot_val1,mot,strip:1,bdd100k/images/track/val/b20e291a-6012d836/b20e291a-6012d836-0000131.jpg,2090185627,161481,162188,8,9876fd3a
mot_frames,mot_val1,mot,strip:1,bdd100k/images/track/val/b20e291a-6012d836/b20e291a-6012d836-0000132.jpg,2110921811,158463,159086,8,410f6ce5
mot_frames,mot_val1,mot,strip:1,bdd100k/images/track/val/b20e291a-6012d836/b20e291a-6012d836-0000133.jpg,2103622744,167890,168493,8,dc79f953
mot_frames,mot_val1,mot,strip:1,bdd100k/images/track/val/b20e291a-6012d836/b20e291a-6012d836-0000134.jpg,2102791657,158698,159230,8,73cc5c1b
mot_frames,mot_val1,mot,strip:1,bdd100k/images/track/val/b20e291a-6012d836/b20e291a-6012d836-0000135.jpg,2111080404,160256,160804,8,47fac1ac
mot_frames,mot_val1,mot,strip:1,bdd100k/images/track/val/b20e291a-6012d836/b20e291a-6012d836-0000136.jpg,2089687897,162999,163556,8,e3630969
mot_frames,mot_val1,mot,strip:1,bdd100k/images/track/val/b20e291a-6012d836/b20e291a-6012d836-0000137.jpg,2099227616,159672,160258,8,fd3bbfea
mot_frames,mot_val1,mot,strip:1,bdd100k/images/track/val/b20e291a-6012d836/b20e291a-6012d836-0000138.jpg,2089015244,173076,173753,8,09157a21
mot_frames,mot_val1,mot,strip:1,bdd100k/images/track/val/b20e291a-6012d836/b20e291a-6012d836-0000139.jpg,2099561529,163790,164320,8,b94d6f64
mot_frames,mot_val1,mot,strip:1,bdd100k/images/track/val/b20e291a-6012d836/b20e291a-6012d836-0000140.jpg,2110102789,161131,161670,8,9458628d
mot_frames,mot_val1,mot,strip:1,bdd100k/images/track/val/b20e291a-6012d836/b20e291a-6012d836-0000141.jpg,2103790764,167984,168583,8,f61c295e
mot_frames,mot_val1,mot,strip:1,bdd100k/images/track/val/b20e291a-6012d836/b20e291a-6012d836-0000142.jpg,2100231110,163233,163843,8,156cca0c
mot_frames,mot_val1,mot,strip:1,bdd100k/images/track/val/b20e291a-6012d836/b20e291a-6012d836-0000143.jpg,2088534970,162816,163366,8,d85174c8
mot_frames,mot_val1,mot,strip:1,bdd100k/images/track/val/b20e291a-6012d836/b20e291a-6012d836-0000144.jpg,2089351475,167269,167853,8,5bac0ebb
mot_frames,mot_val1,mot,strip:1,bdd100k/images/track/val/b20e291a-6012d836/b20e291a-6012d836-0000145.jpg,2099887070,165421,166004,8,11075800
mot_frames,mot_val1,mot,strip:1,bdd100k/images/track/val/b20e291a-6012d836/b20e291a-6012d836-0000146.jpg,2104604546,179348,179898,8,c4a18ad4
mot_frames,mot_val1,mot,strip:1,bdd100k/images/track/val/b20e291a-6012d836/b20e291a-6012d836-0000147.jpg,2109768979,171398,171939,8,c59673a4
mot_frames,mot_val1,mot,strip:1,bdd100k/images/track/val/b20e291a-6012d836/b20e291a-6012d836-0000148.jpg,2102950485,165940,166516,8,2e968394
mot_frames,mot_val1,mot,strip:1,bdd100k/images/track/val/b20e291a-6012d836/b20e291a-6012d836-0000149.jpg,2111240790,173059,173553,8,c82f3531
mot_frames,mot_val1,mot,strip:1,bdd100k/images/track/val/b20e291a-6012d836/b20e291a-6012d836-0000150.jpg,2105831278,166920,167424,8,6a016f2b
mot_frames,mot_val1,mot,strip:1,bdd100k/images/track/val/b20e291a-6012d836/b20e291a-6012d836-0000151.jpg,2117416352,168511,168952,8,9f7de334
mot_frames,mot_val1,mot,strip:1,bdd100k/images/track/val/b20e291a-6012d836/b20e291a-6012d836-0000152.jpg,2088187845,175008,175517,8,9f598e36
mot_frames,mot_val1,mot,strip:1,bdd100k/images/track/val/b20e291a-6012d836/b20e291a-6012d836-0000153.jpg,2092652064,170400,170931,8,631831c5
mot_frames,mot_val1,mot,strip:1,bdd100k/images/track/val/b20e291a-6012d836/b20e291a-6012d836-0000154.jpg,2093475791,180710,181295,8,93b75255
mot_frames,mot_val1,mot,strip:1,bdd100k/images/track/val/b20e291a-6012d836/b20e291a-6012d836-0000155.jpg,2087849699,168666,169206,8,affeabfe
mot_frames,mot_val1,mot,strip:1,bdd100k/images/track/val/b20e291a-6012d836/b20e291a-6012d836-0000156.jpg,2118083293,166289,166846,8,8c78dff7
mot_frames,mot_val1,mot,strip:1,bdd100k/images/track/val/b20e291a-6012d836/b20e291a-6012d836-0000157.jpg,2105291857,175015,175554,8,6be19e7a
mot_frames,mot_val1,mot,strip:1,bdd100k/images/track/val/b20e291a-6012d836/b20e291a-6012d836-0000158.jpg,2116539435,169476,170006,8,3cbc8067
mot_frames,mot_val1,mot,strip:1,bdd100k/images/track/val/b20e291a-6012d836/b20e291a-6012d836-0000159.jpg,2107085934,165290,165764,8,36d68cba
mot_frames,mot_val1,mot,strip:1,bdd100k/images/track/val/b20e291a-6012d836/b20e291a-6012d836-0000160.jpg,2085270785,171278,171887,8,0d6e16d4
mot_frames,mot_val1,mot,strip:1,bdd100k/images/track/val/b20e291a-6012d836/b20e291a-6012d836-0000161.jpg,2096105656,166799,167346,8,784f9031
mot_frames,mot_val1,mot,strip:1,bdd100k/images/track/val/b20e291a-6012d836/b20e291a-6012d836-0000162.jpg,2109414451,180757,181303,8,344cb841
mot_frames,mot_val1,mot,strip:1,bdd100k/images/track/val/b20e291a-6012d836/b20e291a-6012d836-0000163.jpg,2114213658,169716,170232,8,2e31f57e
mot_frames,mot_val1,mot,strip:1,bdd100k/images/track/val/b20e291a-6012d836/b20e291a-6012d836-0000164.jpg,2114383504,165341,165879,8,6172dea5
mot_frames,mot_val1,mot,strip:1,bdd100k/images/track/val/b20e291a-6012d836/b20e291a-6012d836-0000165.jpg,2108418763,175909,176402,8,c0fd4bc3
mot_frames,mot_val1,mot,strip:1,bdd100k/images/track/val/b20e291a-6012d836/b20e291a-6012d836-0000166.jpg,2096272585,165912,166410,8,fe093a7d
mot_frames,mot_val1,mot,strip:1,bdd100k/images/track/val/b20e291a-6012d836/b20e291a-6012d836-0000167.jpg,2084308398,165581,166038,8,529b64a7
mot_frames,mot_val1,mot,strip:1,bdd100k/images/track/val/b20e291a-6012d836/b20e291a-6012d836-0000168.jpg,2094744635,172790,173385,8,12a0094f
mot_frames,mot_val1,mot,strip:1,bdd100k/images/track/val/b20e291a-6012d836/b20e291a-6012d836-0000169.jpg,2085942482,167350,167968,8,684a674e
mot_frames,mot_val1,mot,strip:1,bdd100k/images/track/val/b20e291a-6012d836/b20e291a-6012d836-0000170.jpg,2097590621,179489,180105,8,11ae797d
mot_frames,mot_val1,mot,strip:1,bdd100k/images/track/val/b20e291a-6012d836/b20e291a-6012d836-0000171.jpg,2091643817,166585,167152,8,76c8adf8
mot_frames,mot_val1,mot,strip:1,bdd100k/images/track/val/b20e291a-6012d836/b20e291a-6012d836-0000172.jpg,2113688302,164732,165305,8,c952a430
mot_frames,mot_val1,mot,strip:1,bdd100k/images/track/val/b20e291a-6012d836/b20e291a-6012d836-0000173.jpg,2101006584,173734,174252,8,2e7f47c6
mot_frames,mot_val1,mot,strip:1,bdd100k/images/track/val/b20e291a-6012d836/b20e291a-6012d836-0000174.jpg,2101180448,167772,168282,8,e4414c6e
mot_frames,mot_val1,mot,strip:1,bdd100k/images/track/val/b20e291a-6012d836/b20e291a-6012d836-0000175.jpg,2112689120,168870,169315,8,9902d53e
mot_frames,mot_val1,mot,strip:1,bdd100k/images/track/val/b20e291a-6012d836/b20e291a-6012d836-0000176.jpg,2091979081,172295,172898,8,86317762
mot_frames,mot_val1,mot,strip:1,bdd100k/images/track/val/b20e291a-6012d836/b20e291a-6012d836-0000177.jpg,2096772513,168953,169571,8,ad86255e
mot_frames,mot_val1,mot,strip:1,bdd100k/images/track/val/b20e291a-6012d836/b20e291a-6012d836-0000178.jpg,2090494613,179647,180222,8,4d797731
mot_frames,mot_val1,mot,strip:1,bdd100k/images/track/val/b20e291a-6012d836/b20e291a-6012d836-0000179.jpg,2098274521,170311,170912,8,9a335e10
mot_frames,mot_val1,mot,strip:1,bdd100k/images/track/val/b20e291a-6012d836/b20e291a-6012d836-0000180.jpg,2117249399,166823,167384,8,642aac1e
mot_frames,mot_val1,mot,strip:1,bdd100k/images/track/val/b20e291a-6012d836/b20e291a-6012d836-0000181.jpg,2105653359,177789,178302,8,fc8a7db6
mot_frames,mot_val1,mot,strip:1,bdd100k/images/track/val/b20e291a-6012d836/b20e291a-6012d836-0000182.jpg,2092482469,169465,170022,8,8f347ece
mot_frames,mot_val1,mot,strip:1,bdd100k/images/track/val/b20e291a-6012d836/b20e291a-6012d836-0000183.jpg,2088018495,169220,169648,8,99a4a4e2
mot_frames,mot_val1,mot,strip:1,bdd100k/images/track/val/b20e291a-6012d836/b20e291a-6012d836-0000184.jpg,2087676308,173261,173869,8,1777a498
mot_frames,mot_val1,mot,strip:1,bdd100k/images/track/val/b20e291a-6012d836/b20e291a-6012d836-0000185.jpg,2093309055,166606,167180,8,1a1f4395
mot_frames,mot_val1,mot,strip:1,bdd100k/images/track/val/b20e291a-6012d836/b20e291a-6012d836-0000186.jpg,2105112814,178913,179485,8,7c1b31da
mot_frames,mot_val1,mot,strip:1,bdd100k/images/track/val/b20e291a-6012d836/b20e291a-6012d836-0000187.jpg,2117914192,168971,169543,8,880328bc
mot_frames,mot_val1,mot,strip:1,bdd100k/images/track/val/b20e291a-6012d836/b20e291a-6012d836-0000188.jpg,2106921192,164612,165176,8,cf55d70e
mot_frames,mot_val1,mot,strip:1,bdd100k/images/track/val/b20e291a-6012d836/b20e291a-6012d836-0000189.jpg,2116368721,170584,171265,8,8a57ae87
mot_frames,mot_val1,mot,strip:1,bdd100k/images/track/val/b20e291a-6012d836/b20e291a-6012d836-0000190.jpg,2103958878,164261,164882,8,174623e0
mot_frames,mot_val1,mot,strip:1,bdd100k/images/track/val/b20e291a-6012d836/b20e291a-6012d836-0000191.jpg,2110264050,164372,164872,8,1a58693c
mot_frames,mot_val1,mot,strip:1,bdd100k/images/track/val/b20e291a-6012d836/b20e291a-6012d836-0000192.jpg,2088697916,168295,168834,8,e8174d68
mot_frames,mot_val1,mot,strip:1,bdd100k/images/track/val/b20e291a-6012d836/b20e291a-6012d836-0000193.jpg,2100394473,162856,163427,8,7e7ce8f4
mot_frames,mot_val1,mot,strip:1,bdd100k/images/track/val/b20e291a-6012d836/b20e291a-6012d836-0000194.jpg,2100052621,178359,178979,8,b775e0de
mot_frames,mot_val1,mot,strip:1,bdd100k/images/track/val/b20e291a-6012d836/b20e291a-6012d836-0000195.jpg,2089518874,168893,169482,8,4bd0062b
mot_frames,mot_val1,mot,strip:1,bdd100k/images/track/val/b20e291a-6012d836/b20e291a-6012d836-0000196.jpg,2109940507,162152,162713,8,cf0aca9c
mot_frames,mot_val1,mot,strip:1,bdd100k/images/track/val/b20e291a-6012d836/b20e291a-6012d836-0000197.jpg,2104784024,178225,178802,8,fc6622b1
mot_frames,mot_val1,mot,strip:1,bdd100k/images/track/val/b20e291a-6012d836/b20e291a-6012d836-0000198.jpg,2111413979,171008,171608,8,b5c4db14
mot_frames,mot_val1,mot,strip:1,bdd100k/images/track/val/b20e291a-6012d836/b20e291a-6012d836-0000199.jpg,2103116555,166948,167396,8,df686f29
mot_frames,mot_val1,mot,strip:1,bdd100k/images/track/val/b20e291a-6012d836/b20e291a-6012d836-0000200.jpg,2108246778,171855,172376,8,6bcece9e
mot_frames,mot_val1,mot,strip:1,bdd100k/images/track/val/b20e291a-6012d836/b20e291a-6012d836-0000201.jpg,2115361377,166565,167141,8,c0d8619d
mot_frames,mot_val1,mot,strip:1,bdd100k/images/track/val/b20e291a-6012d836/b20e291a-6012d836-0000202.jpg,2086277307,180163,180777,8,24983713
mot_frames,mot_val1,mot,strip:1,bdd100k/images/track/val/b20e291a-6012d836/b20e291a-6012d836-0000203.jpg,2095094096,164285,164812,8,54bc1bac
mot_frames,mot_val1,mot,strip:1,bdd100k/images/track/val/b23adb0d-8a7aaced/b23adb0d-8a7aaced-0000001.jpg,772623275,77845,78555,8,cd5edd01
mot_frames,mot_val1,mot,strip:1,bdd100k/images/track/val/b23adb0d-8a7aaced/b23adb0d-8a7aaced-0000002.jpg,758054139,75153,75913,8,0e51aacb
mot_frames,mot_val1,mot,strip:1,bdd100k/images/track/val/b23adb0d-8a7aaced/b23adb0d-8a7aaced-0000003.jpg,763970295,67585,68235,8,22240e2c
mot_frames,mot_val1,mot,strip:1,bdd100k/images/track/val/b23adb0d-8a7aaced/b23adb0d-8a7aaced-0000004.jpg,763910932,59233,60093,8,91b5d95f
mot_frames,mot_val1,mot,strip:1,bdd100k/images/track/val/b23adb0d-8a7aaced/b23adb0d-8a7aaced-0000005.jpg,758365965,62516,63263,8,eab57b72
mot_frames,mot_val1,mot,strip:1,bdd100k/images/track/val/b23adb0d-8a7aaced/b23adb0d-8a7aaced-0000006.jpg,772559815,63330,64085,8,fa0bdb3d
mot_frames,mot_val1,mot,strip:1,bdd100k/images/track/val/b23adb0d-8a7aaced/b23adb0d-8a7aaced-0000007.jpg,770295427,59188,60283,8,ade26cfd
mot_frames,mot_val1,mot,strip:1,bdd100k/images/track/val/b23adb0d-8a7aaced/b23adb0d-8a7aaced-0000008.jpg,773314613,64100,65192,8,ebe607a5
mot_frames,mot_val1,mot,strip:1,bdd100k/images/track/val/b23adb0d-8a7aaced/b23adb0d-8a7aaced-0000009.jpg,769424707,65105,66406,8,0e41040e
mot_frames,mot_val1,mot,strip:1,bdd100k/images/track/val/b23adb0d-8a7aaced/b23adb0d-8a7aaced-0000010.jpg,772198217,65154,66570,8,5c460509
mot_frames,mot_val1,mot,strip:1,bdd100k/images/track/val/b23adb0d-8a7aaced/b23adb0d-8a7aaced-0000011.jpg,766457083,67037,68013,8,f71f397a
mot_frames,mot_val1,mot,strip:1,bdd100k/images/track/val/b23adb0d-8a7aaced/b23adb0d-8a7aaced-0000012.jpg,764114542,66298,67517,8,1bebe239
mot_frames,mot_val1,mot,strip:1,bdd100k/images/track/val/b23adb0d-8a7aaced/b23adb0d-8a7aaced-0000013.jpg,761950597,64698,65942,8,110ff623
mot_frames,mot_val1,mot,strip:1,bdd100k/images/track/val/b23adb0d-8a7aaced/b23adb0d-8a7aaced-0000014.jpg,761881575,68892,69847,8,5a6bfb5d
mot_frames,mot_val1,mot,strip:1,bdd100k/images/track/val/b23adb0d-8a7aaced/b23adb0d-8a7aaced-0000015.jpg,764405716,70229,71200,8,b751923c
mot_frames,mot_val1,mot,strip:1,bdd100k/images/track/val/b23adb0d-8a7aaced/b23adb0d-8a7aaced-0000016.jpg,766192536,75334,75990,8,35999553
mot_frames,mot_val1,mot,strip:1,bdd100k/images/track/val/b23adb0d-8a7aaced/b23adb0d-8a7aaced-0000017.jpg,772412650,72536,73286,8,64e509ef
mot_frames,mot_val1,mot,strip:1,bdd100k/images/track/val/b23adb0d-8a7aaced/b23adb0d-8a7aaced-0000018.jpg,767123301,73026,73732,8,45bee3d6
mot_frames,mot_val1,mot,strip:1,bdd100k/images/track/val/b23adb0d-8a7aaced/b23adb0d-8a7aaced-0000019.jpg,771670933,81023,81505,8,cc606eb2
mot_frames,mot_val1,mot,strip:1,bdd100k/images/track/val/b23adb0d-8a7aaced/b23adb0d-8a7aaced-0000020.jpg,765855626,85103,85509,8,387bb619
mot_frames,mot_val1,mot,strip:1,bdd100k/images/track/val/b23adb0d-8a7aaced/b23adb0d-8a7aaced-0000021.jpg,760431803,85583,85978,8,6c8def38
mot_frames,mot_val1,mot,strip:1,bdd100k/images/track/val/b23adb0d-8a7aaced/b23adb0d-8a7aaced-0000022.jpg,770439631,91499,91794,8,fe873ed1
mot_frames,mot_val1,mot,strip:1,bdd100k/images/track/val/b23adb0d-8a7aaced/b23adb0d-8a7aaced-0000023.jpg,768176368,91159,91450,8,956ab1ea
mot_frames,mot_val1,mot,strip:1,bdd100k/images/track/val/b23adb0d-8a7aaced/b23adb0d-8a7aaced-0000024.jpg,767784496,95458,95762,8,f6553e17
mot_frames,mot_val1,mot,strip:1,bdd100k/images/track/val/b23adb0d-8a7aaced/b23adb0d-8a7aaced-0000025.jpg,770531260,93182,93540,8,b8ad627e
mot_frames,mot_val1,mot,strip:1,bdd100k/images/track/val/b23adb0d-8a7aaced/b23adb0d-8a7aaced-0000026.jpg,760098322,91336,91721,8,4b26bb12
mot_frames,mot_val1,mot,strip:1,bdd100k/images/track/val/b23adb0d-8a7aaced/b23adb0d-8a7aaced-0000027.jpg,765940859,98920,99341,8,ae8dd6ae
mot_frames,mot_val1,mot,strip:1,bdd100k/images/track/val/b23adb0d-8a7aaced/b23adb0d-8a7aaced-0000028.jpg,760883110,86157,86667,8,c0d7520e
mot_frames,mot_val1,mot,strip:1,bdd100k/images/track/val/b23adb0d-8a7aaced/b23adb0d-8a7aaced-0000029.jpg,765187231,76113,76699,8,5c3c76d6
mot_frames,mot_val1,mot,strip:1,bdd100k/images/track/val/b23adb0d-8a7aaced/b23adb0d-8a7aaced-0000030.jpg,759772873,82706,83219,8,c9071d52
mot_frames,mot_val1,mot,strip:1,bdd100k/images/track/val/b23adb0d-8a7aaced/b23adb0d-8a7aaced-0000031.jpg,762397441,74621,75066,8,49b9cee8
mot_frames,mot_val1,mot,strip:1,bdd100k/images/track/val/b23adb0d-8a7aaced/b23adb0d-8a7aaced-0000032.jpg,768422104,70624,71270,8,32765c36
mot_frames,mot_val1,mot,strip:1,bdd100k/images/track/val/b23adb0d-8a7aaced/b23adb0d-8a7aaced-0000033.jpg,774546400,63763,64483,8,594b939e
mot_frames,mot_val1,mot,strip:1,bdd100k/images/track/val/b23adb0d-8a7aaced/b23adb0d-8a7aaced-0000034.jpg,774101574,63023,63790,8,bb03971e
mot_frames,mot_val1,mot,strip:1,bdd100k/images/track/val/b23adb0d-8a7aaced/b23adb0d-8a7aaced-0000035.jpg,768492858,66254,66964,8,b5486485
mot_frames,mot_val1,mot,strip:1,bdd100k/images/track/val/b23adb0d-8a7aaced/b23adb0d-8a7aaced-0000036.jpg,762085077,60336,61360,8,8daf9569
mot_frames,mot_val1,mot,strip:1,bdd100k/images/track/val/b23adb0d-8a7aaced/b23adb0d-8a7aaced-0000037.jpg,759943305,61081,62146,8,09431244
mot_frames,mot_val1,mot,strip:1,bdd100k/images/track/val/b23adb0d-8a7aaced/b23adb0d-8a7aaced-0000038.jpg,762799302,65221,66086,8,dfffed75
mot_frames,mot_val1,mot,strip:1,bdd100k/images/track/val/b23adb0d-8a7aaced/b23adb0d-8a7aaced-0000039.jpg,759058457,69426,70249,8,d2cbfcfc
mot_frames,mot_val1,mot,strip:1,bdd100k/images/track/val/b23adb0d-8a7aaced/b23adb0d-8a7aaced-0000040.jpg,769096053,79461,80027,8,13d1aa7b
mot_frames,mot_val1,mot,strip:1,bdd100k/images/track/val/b23adb0d-8a7aaced/b23adb0d-8a7aaced-0000041.jpg,773623619,76030,76922,8,89dd8fc6
mot_frames,mot_val1,mot,strip:1,bdd100k/images/track/val/b23adb0d-8a7aaced/b23adb0d-8a7aaced-0000042.jpg,759421159,76757,77533,8,aeccbf01
mot_frames,mot_val1,mot,strip:1,bdd100k/images/track/val/b23adb0d-8a7aaced/b23adb0d-8a7aaced-0000043.jpg,762622390,86023,86410,8,dc88314e
mot_frames,mot_val1,mot,strip:1,bdd100k/images/track/val/b23adb0d-8a7aaced/b23adb0d-8a7aaced-0000044.jpg,763019564,77902,78620,8,17758c33
mot_frames,mot_val1,mot,strip:1,bdd100k/images/track/val/b23adb0d-8a7aaced/b23adb0d-8a7aaced-0000045.jpg,759283695,79738,80278,8,8f6e810d
mot_frames,mot_val1,mot,strip:1,bdd100k/images/track/val/b23adb0d-8a7aaced/b23adb0d-8a7aaced-0000046.jpg,774016632,84812,85318,8,8e3edbd0
mot_frames,mot_val1,mot,strip:1,bdd100k/images/track/val/b23adb0d-8a7aaced/b23adb0d-8a7aaced-0000047.jpg,768946604,81760,82430,8,3fa61d83
mot_frames,mot_val1,mot,strip:1,bdd100k/images/track/val/b23adb0d-8a7aaced/b23adb0d-8a7aaced-0000048.jpg,774234917,81118,81631,8,2db714cf
mot_frames,mot_val1,mot,strip:1,bdd100k/images/track/val/b23adb0d-8a7aaced/b23adb0d-8a7aaced-0000049.jpg,768623719,82090,82583,8,5f00fdee
mot_frames,mot_val1,mot,strip:1,bdd100k/images/track/val/b23adb0d-8a7aaced/b23adb0d-8a7aaced-0000050.jpg,771155334,81967,82323,8,2449b419
mot_frames,mot_val1,mot,strip:1,bdd100k/images/track/val/b23adb0d-8a7aaced/b23adb0d-8a7aaced-0000051.jpg,767267874,89759,90018,8,afd9f359
mot_frames,mot_val1,mot,strip:1,bdd100k/images/track/val/b23adb0d-8a7aaced/b23adb0d-8a7aaced-0000052.jpg,765423137,86240,86573,8,035f34c7
mot_frames,mot_val1,mot,strip:1,bdd100k/images/track/val/b23adb0d-8a7aaced/b23adb0d-8a7aaced-0000053.jpg,760517516,91690,91974,8,0becd1a8
mot_frames,mot_val1,mot,strip:1,bdd100k/images/track/val/b23adb0d-8a7aaced/b23adb0d-8a7aaced-0000054.jpg,760969397,95461,95781,8,a7cc6b8f
mot_frames,mot_val1,mot,strip:1,bdd100k/images/track/val/b23adb0d-8a7aaced/b23adb0d-8a7aaced-0000055.jpg,765263474,87501,87965,8,7d5fa63a
mot_frames,mot_val1,mot,strip:1,bdd100k/images/track/val/b23adb0d-8a7aaced/b23adb0d-8a7aaced-0000056.jpg,767639266,77032,77558,8,8fa5c005
mot_frames,mot_val1,mot,strip:1,bdd100k/images/track/val/b23adb0d-8a7aaced/b23adb0d-8a7aaced-0000057.jpg,770942533,72960,73600,8,121507a5
mot_frames,mot_val1,mot,strip:1,bdd100k/images/track/val/b23adb0d-8a7aaced/b23adb0d-8a7aaced-0000058.jpg,767949283,79490,80030,8,03d70834
mot_frames,mot_val1,mot,strip:1,bdd100k/images/track/val/b23adb0d-8a7aaced/b23adb0d-8a7aaced-0000059.jpg,770694257,84103,84534,8,578928f2
mot_frames,mot_val1,mot,strip:1,bdd100k/images/track/val/b23adb0d-8a7aaced/b23adb0d-8a7aaced-0000060.jpg,765009064,70159,71003,8,c7f689d1
mot_frames,mot_val1,mot,strip:1,bdd100k/images/track/val/b23adb0d-8a7aaced/b23adb0d-8a7aaced-0000061.jpg,761410922,63250,64200,8,9321964e
mot_frames,mot_val1,mot,strip:1,bdd100k/images/track/val/b23adb0d-8a7aaced/b23adb0d-8a7aaced-0000062.jpg,771937311,67927,68492,8,5344b822
mot_frames,mot_val1,mot,strip:1,bdd100k/images/track/val/b23adb0d-8a7aaced/b23adb0d-8a7aaced-0000063.jpg,766805482,70273,70785,8,1f2ce69f
mot_frames,mot_val1,mot,strip:1,bdd100k/images/track/val/b23adb0d-8a7aaced/b23adb0d-8a7aaced-0000064.jpg,766875885,77178,77607,8,c1609331
mot_frames,mot_val1,mot,strip:1,bdd100k/images/track/val/b23adb0d-8a7aaced/b23adb0d-8a7aaced-0000065.jpg,771428235,74541,75052,8,822a891d
mot_frames,mot_val1,mot,strip:1,bdd100k/images/track/val/b23adb0d-8a7aaced/b23adb0d-8a7aaced-0000066.jpg,761474302,79778,80182,8,6fc0ac8c
mot_frames,mot_val1,mot,strip:1,bdd100k/images/track/val/b23adb0d-8a7aaced/b23adb0d-8a7aaced-0000067.jpg,764476075,92256,92592,8,e89886db
mot_frames,mot_val1,mot,strip:1,bdd100k/images/track/val/b23adb0d-8a7aaced/b23adb0d-8a7aaced-0000068.jpg,761802588,78857,79461,8,8b8651ae
mot_frames,mot_val1,mot,strip:1,bdd100k/images/track/val/b23adb0d-8a7aaced/b23adb0d-8a7aaced-0000069.jpg,764328410,77176,78320,8,bcf39edd
mot_frames,mot_val1,mot,strip:1,bdd100k/images/track/val/b23adb0d-8a7aaced/b23adb0d-8a7aaced-0000070.jpg,758895758,85231,85741,8,37be5168
mot_frames,mot_val1,mot,strip:1,bdd100k/images/track/val/b23adb0d-8a7aaced/b23adb0d-8a7aaced-0000071.jpg,763300398,83609,84141,8,1d5bb8dd
mot_frames,mot_val1,mot,strip:1,bdd100k/images/track/val/b23adb0d-8a7aaced/b23adb0d-8a7aaced-0000072.jpg,769858049,86381,87072,8,a4b38ffa
mot_frames,mot_val1,mot,strip:1,bdd100k/images/track/val/b23adb0d-8a7aaced/b23adb0d-8a7aaced-0000073.jpg,773147399,83521,84431,8,9ccad37d
mot_frames,mot_val1,mot,strip:1,bdd100k/images/track/val/b23adb0d-8a7aaced/b23adb0d-8a7aaced-0000074.jpg,773231050,83433,84213,8,20ae4add
mot_frames,mot_val1,mot,strip:1,bdd100k/images/track/val/b23adb0d-8a7aaced/b23adb0d-8a7aaced-0000075.jpg,769331947,92630,92938,8,69b2efcb
mot_frames,mot_val1,mot,strip:1,bdd100k/images/track/val/b23adb0d-8a7aaced/b23adb0d-8a7aaced-0000076.jpg,763461533,96865,97252,8,1fc842f1
mot_frames,mot_val1,mot,strip:1,bdd100k/images/track/val/b23adb0d-8a7aaced/b23adb0d-8a7aaced-0000077.jpg,758428611,97327,97647,8,5f5c0492
mot_frames,mot_val1,mot,strip:1,bdd100k/images/track/val/b23adb0d-8a7aaced/b23adb0d-8a7aaced-0000078.jpg,763736486,94823,95153,8,3182fba4
mot_frames,mot_val1,mot,strip:1,bdd100k/images/track/val/b23adb0d-8a7aaced/b23adb0d-8a7aaced-0000079.jpg,758208600,85984,86432,8,d1aa7761
mot_frames,mot_val1,mot,strip:1,bdd100k/images/track/val/b23adb0d-8a7aaced/b23adb0d-8a7aaced-0000080.jpg,767357763,82043,82457,8,57fc982a
mot_frames,mot_val1,mot,strip:1,bdd100k/images/track/val/b23adb0d-8a7aaced/b23adb0d-8a7aaced-0000081.jpg,771237431,84101,84510,8,83cfb33b
mot_frames,mot_val1,mot,strip:1,bdd100k/images/track/val/b23adb0d-8a7aaced/b23adb0d-8a7aaced-0000082.jpg,760609336,91052,91454,8,d466876b
mot_frames,mot_val1,mot,strip:1,bdd100k/images/track/val/b23adb0d-8a7aaced/b23adb0d-8a7aaced-0000083.jpg,765509507,81198,81606,8,c0d8aea4
mot_frames,mot_val1,mot,strip:1,bdd100k/images/track/val/b23adb0d-8a7aaced/b23adb0d-8a7aaced-0000084.jpg,765351105,71902,72438,8,55b97984
mot_frames,mot_val1,mot,strip:1,bdd100k/images/track/val/b23adb0d-8a7aaced/b23adb0d-8a7aaced-0000085.jpg,761064988,66811,67602,8,bb32f13e
mot_frames,mot_val1,mot,strip:1,bdd100k/images/track/val/b23adb0d-8a7aaced/b23adb0d-8a7aaced-0000086.jpg,771015623,67672,68249,8,f13aefef
mot_frames,mot_val1,mot,strip:1,bdd100k/images/track/val/b23adb0d-8a7aaced/b23adb0d-8a7aaced-0000087.jpg,767716428,67938,68410,8,f0f05dc6
mot_frames,mot_val1,mot,strip:1,bdd100k/images/track/val/b23adb0d-8a7aaced/b23adb0d-8a7aaced-0000088.jpg,770778490,68752,69338,8,c109984f
mot_frames,mot_val1,mot,strip:1,bdd100k/images/track/val/b23adb0d-8a7aaced/b23adb0d-8a7aaced-0000089.jpg,768028903,64316,65037,8,1fc09686
mot_frames,mot_val1,mot,strip:1,bdd100k/images/track/val/b23adb0d-8a7aaced/b23adb0d-8a7aaced-0000090.jpg,773557291,66198,66895,8,c88d8520
mot_frames,mot_val1,mot,strip:1,bdd100k/images/track/val/b23adb0d-8a7aaced/b23adb0d-8a7aaced-0000091.jpg,769028494,67429,67914,8,9e728edd
mot_frames,mot_val1,mot,strip:1,bdd100k/images/track/val/b23adb0d-8a7aaced/b23adb0d-8a7aaced-0000092.jpg,762562822,59438,60307,8,f7cfeb90
mot_frames,mot_val1,mot,strip:1,bdd100k/images/track/val/b23adb0d-8a7aaced/b23adb0d-8a7aaced-0000093.jpg,759363563,57466,58337,8,ec5b13b0
mot_frames,mot_val1,mot,strip:1,bdd100k/images/track/val/b23adb0d-8a7aaced/b23adb0d-8a7aaced-0000094.jpg,759224920,58645,59616,8,a76ad4f4
mot_frames,mot_val1,mot,strip:1,bdd100k/images/track/val/b23adb0d-8a7aaced/b23adb0d-8a7aaced-0000095.jpg,762961260,58174,59057,8,ce9b7c8b
mot_frames,mot_val1,mot,strip:1,bdd100k/images/track/val/b23adb0d-8a7aaced/b23adb0d-8a7aaced-0000096.jpg,768884348,62126,62876,8,b3927e1b
mot_frames,mot_val1,mot,strip:1,bdd100k/images/track/val/b23adb0d-8a7aaced/b23adb0d-8a7aaced-0000097.jpg,773953240,63262,64010,8,6366dde3
mot_frames,mot_val1,mot,strip:1,bdd100k/images/track/val/b23adb0d-8a7aaced/b23adb0d-8a7aaced-0000098.jpg,768559242,64347,65102,8,9c769324
mot_frames,mot_val1,mot,strip:1,bdd100k/images/track/val/b23adb0d-8a7aaced/b23adb0d-8a7aaced-0000099.jpg,774164727,70060,70557,8,81162afb
mot_frames,mot_val1,mot,strip:1,bdd100k/images/track/val/b23adb0d-8a7aaced/b23adb0d-8a7aaced-0000100.jpg,767880084,69069,69607,8,19c48acb
mot_frames,mot_val1,mot,strip:1,bdd100k/images/track/val/b23adb0d-8a7aaced/b23adb0d-8a7aaced-0000101.jpg,770624572,69555,70080,8,169c921e
mot_frames,mot_val1,mot,strip:1,bdd100k/images/track/val/b23adb0d-8a7aaced/b23adb0d-8a7aaced-0000102.jpg,760189788,76658,77054,8,e2dfdc1e
mot_frames,mot_val1,mot,strip:1,bdd100k/images/track/val/b23adb0d-8a7aaced/b23adb0d-8a7aaced-0000103.jpg,766039909,81569,81925,8,8c9b9364
mot_frames,mot_val1,mot,strip:1,bdd100k/images/track/val/b23adb0d-8a7aaced/b23adb0d-8a7aaced-0000104.jpg,765687619,90468,90773,8,65b069eb
mot_frames,mot_val1,mot,strip:1,bdd100k/images/track/val/b23adb0d-8a7aaced/b23adb0d-8a7aaced-0000105.jpg,760266576,86252,86634,8,ddc6a6f9
mot_frames,mot_val1,mot,strip:1,bdd100k/images/track/val/b23adb0d-8a7aaced/b23adb0d-8a7aaced-0000106.jpg,770354745,84756,85161,8,0f2c6928
mot_frames,mot_val1,mot,strip:1,bdd100k/images/track/val/b23adb0d-8a7aaced/b23adb0d-8a7aaced-0000107.jpg,768093349,82889,83298,8,871e9a6e
mot_frames,mot_val1,mot,strip:1,bdd100k/images/track/val/b23adb0d-8a7aaced/b23adb0d-8a7aaced-0000108.jpg,771083425,71779,72308,8,7817c6ae
mot_frames,mot_val1,mot,strip:1,bdd100k/images/track/val/b23adb0d-8a7aaced/b23adb0d-8a7aaced-0000109.jpg,767196457,71287,71814,8,df53582d
mot_frames,mot_val1,mot,strip:1,bdd100k/images/track/val/b23adb0d-8a7aaced/b23adb0d-8a7aaced-0000110.jpg,774316165,75061,75521,8,37ae0f8b
mot_frames,mot_val1,mot,strip:1,bdd100k/images/track/val/b23adb0d-8a7aaced/b23adb0d-8a7aaced-0000111.jpg,768705939,78812,79312,8,9572819e
mot_frames,mot_val1,mot,strip:1,bdd100k/images/track/val/b23adb0d-8a7aaced/b23adb0d-8a7aaced-0000112.jpg,762145543,87531,88059,8,9e0d95ab
mot_frames,mot_val1,mot,strip:1,bdd100k/images/track/val/b23adb0d-8a7aaced/b23adb0d-8a7aaced-0000113.jpg,760004516,93676,94142,8,8c47edf4
mot_frames,mot_val1,mot,strip:1,bdd100k/images/track/val/b23adb0d-8a7aaced/b23adb0d-8a7aaced-0000114.jpg,759596424,89514,89989,8,741b0467
mot_frames,mot_val1,mot,strip:1,bdd100k/images/track/val/b23adb0d-8a7aaced/b23adb0d-8a7aaced-0000115.jpg,762233204,85600,86217,8,30d0fe2a
mot_frames,mot_val1,mot,strip:1,bdd100k/images/track/val/b23adb0d-8a7aaced/b23adb0d-8a7aaced-0000116.jpg,768267657,73364,73951,8,8ca00fa0
mot_frames,mot_val1,mot,strip:1,bdd100k/images/track/val/b23adb0d-8a7aaced/b23adb0d-8a7aaced-0000117.jpg,774391356,69847,70558,8,6f1829cc
mot_frames,mot_val1,mot,strip:1,bdd100k/images/track/val/b23adb0d-8a7aaced/b23adb0d-8a7aaced-0000118.jpg,769175644,65572,66422,8,d33ed310
mot_frames,mot_val1,mot,strip:1,bdd100k/images/track/val/b23adb0d-8a7aaced/b23adb0d-8a7aaced-0000119.jpg,773699779,71456,72241,8,49b23f10
mot_frames,mot_val1,mot,strip:1,bdd100k/images/track/val/b23adb0d-8a7aaced/b23adb0d-8a7aaced-0000120.jpg,763831439,79363,80040,8,c27dbb6c
mot_frames,mot_val1,mot,strip:1,bdd100k/images/track/val/b23adb0d-8a7aaced/b23adb0d-8a7aaced-0000121.jpg,758294714,71121,72215,8,846ae007
mot_frames,mot_val1,mot,strip:1,bdd100k/images/track/val/b23adb0d-8a7aaced/b23adb0d-8a7aaced-0000122.jpg,772485316,74369,75212,8,6f89b3be
mot_frames,mot_val1,mot,strip:1,bdd100k/images/track/val/b23adb0d-8a7aaced/b23adb0d-8a7aaced-0000123.jpg,770213586,81711,82153,8,bf9237ed
mot_frames,mot_val1,mot,strip:1,bdd100k/images/track/val/b23adb0d-8a7aaced/b23adb0d-8a7aaced-0000124.jpg,770139235,74221,75032,8,7dc4f5b4
mot_frames,mot_val1,mot,strip:1,bdd100k/images/track/val/b23adb0d-8a7aaced/b23adb0d-8a7aaced-0000125.jpg,772892111,71883,72721,8,4a62061c
mot_frames,mot_val1,mot,strip:1,bdd100k/images/track/val/b23adb0d-8a7aaced/b23adb0d-8a7aaced-0000126.jpg,758129422,79048,79653,8,18e5c898
mot_frames,mot_val1,mot,strip:1,bdd100k/images/track/val/b23adb0d-8a7aaced/b23adb0d-8a7aaced-0000127.jpg,764038010,76402,77109,8,df1943c6
mot_frames,mot_val1,mot,strip:1,bdd100k/images/track/val/b23adb0d-8a7aaced/b23adb0d-8a7aaced-0000128.jpg,758981119,77208,77847,8,f1676655
mot_frames,mot_val1,mot,strip:1,bdd100k/images/track/val/b23adb0d-8a7aaced/b23adb0d-8a7aaced-0000129.jpg,763384137,77266,77906,8,70d7a43f
mot_frames,mot_val1,mot,strip:1,bdd100k/images/track/val/b23adb0d-8a7aaced/b23adb0d-8a7aaced-0000130.jpg,761728844,73614,74239,8,0d92bd11
mot_frames,mot_val1,mot,strip:1,bdd100k/images/track/val/b23adb0d-8a7aaced/b23adb0d-8a7aaced-0000131.jpg,764248299,79981,80360,8,d5e72c00
mot_frames,mot_val1,mot,strip:1,bdd100k/images/track/val/b23adb0d-8a7aaced/b23adb0d-8a7aaced-0000132.jpg,766121608,70798,71278,8,bd5772eb
mot_frames,mot_val1,mot,strip:1,bdd100k/images/track/val/b23adb0d-8a7aaced/b23adb0d-8a7aaced-0000133.jpg,772336640,75880,76358,8,2d29aba7
mot_frames,mot_val1,mot,strip:1,bdd100k/images/track/val/b23adb0d-8a7aaced/b23adb0d-8a7aaced-0000134.jpg,772263501,73009,73721,8,17d375c3
mot_frames,mot_val1,mot,strip:1,bdd100k/images/track/val/b23adb0d-8a7aaced/b23adb0d-8a7aaced-0000135.jpg,766524250,68592,69725,8,cf46082a
mot_frames,mot_val1,mot,strip:1,bdd100k/images/track/val/b23adb0d-8a7aaced/b23adb0d-8a7aaced-0000136.jpg,764180970,67199,68506,8,2898fc40
mot_frames,mot_val1,mot,strip:1,bdd100k/images/track/val/b23adb0d-8a7aaced/b23adb0d-8a7aaced-0000137.jpg,762015425,69522,70771,8,3f3bf668
mot_frames,mot_val1,mot,strip:1,bdd100k/images/track/val/b23adb0d-8a7aaced/b23adb0d-8a7aaced-0000138.jpg,764936913,72021,73139,8,94e5f1da
mot_frames,mot_val1,mot,strip:1,bdd100k/images/track/val/b23adb0d-8a7aaced/b23adb0d-8a7aaced-0000139.jpg,761322688,88104,88479,8,121e4b66
mot_frames,mot_val1,mot,strip:1,bdd100k/images/track/val/b23adb0d-8a7aaced/b23adb0d-8a7aaced-0000140.jpg,766953193,78930,79703,8,0d39d32d
mot_frames,mot_val1,mot,strip:1,bdd100k/images/track/val/b23adb0d-8a7aaced/b23adb0d-8a7aaced-0000141.jpg,771502906,75444,76631,8,ea81a36f
mot_frames,mot_val1,mot,strip:1,bdd100k/images/track/val/b23adb0d-8a7aaced/b23adb0d-8a7aaced-0000142.jpg,761554210,84078,84902,8,0d795726
mot_frames,mot_val1,mot,strip:1,bdd100k/images/track/val/b23adb0d-8a7aaced/b23adb0d-8a7aaced-0000143.jpg,764568461,82948,83629,8,cebd908b
mot_frames,mot_val1,mot,strip:1,bdd100k/images/track/val/b23adb0d-8a7aaced/b23adb0d-8a7aaced-0000144.jpg,764739325,93494,93823,8,46fdd00a
mot_frames,mot_val1,mot,strip:1,bdd100k/images/track/val/b23adb0d-8a7aaced/b23adb0d-8a7aaced-0000145.jpg,761131929,98684,98936,8,4967c1c8
mot_frames,mot_val1,mot,strip:1,bdd100k/images/track/val/b23adb0d-8a7aaced/b23adb0d-8a7aaced-0000146.jpg,771752086,100282,100485,8,ce5760d7
mot_frames,mot_val1,mot,strip:1,bdd100k/images/track/val/b23adb0d-8a7aaced/b23adb0d-8a7aaced-0000147.jpg,766592972,121003,121736,8,c140d594
mot_frames,mot_val1,mot,strip:1,bdd100k/images/track/val/b23adb0d-8a7aaced/b23adb0d-8a7aaced-0000148.jpg,772005368,109379,109689,8,a633055e
mot_frames,mot_val1,mot,strip:1,bdd100k/images/track/val/b23adb0d-8a7aaced/b23adb0d-8a7aaced-0000149.jpg,766268000,99852,100336,8,163934b1
mot_frames,mot_val1,mot,strip:1,bdd100k/images/track/val/b23adb0d-8a7aaced/b23adb0d-8a7aaced-0000150.jpg,773457785,99376,99712,8,6f013c2f
mot_frames,mot_val1,mot,strip:1,bdd100k/images/track/val/b23adb0d-8a7aaced/b23adb0d-8a7aaced-0000151.jpg,769562669,93362,93960,8,0ea57c98
mot_frames,mot_val1,mot,strip:1,bdd100k/images/track/val/b23adb0d-8a7aaced/b23adb0d-8a7aaced-0000152.jpg,763642531,93825,94265,8,cdc17c99
mot_frames,mot_val1,mot,strip:1,bdd100k/images/track/val/b23adb0d-8a7aaced/b23adb0d-8a7aaced-0000153.jpg,758611998,99242,99712,8,e378e4b5
mot_frames,mot_val1,mot,strip:1,bdd100k/images/track/val/b23adb0d-8a7aaced/b23adb0d-8a7aaced-0000154.jpg,758796933,98695,99376,8,917ff270
mot_frames,mot_val1,mot,strip:1,bdd100k/images/track/val/b23adb0d-8a7aaced/b23adb0d-8a7aaced-0000155.jpg,763183992,116276,116725,8,ae8b6e95
mot_frames,mot_val1,mot,strip:1,bdd100k/images/track/val/b23adb0d-8a7aaced/b23adb0d-8a7aaced-0000156.jpg,769757066,100853,101494,8,db7de411
mot_frames,mot_val1,mot,strip:1,bdd100k/images/track/val/b23adb0d-8a7aaced/b23adb0d-8a7aaced-0000157.jpg,773047717,99552,100160,8,341ec1fa
mot_frames,mot_val1,mot,strip:1,bdd100k/images/track/val/b23adb0d-8a7aaced/b23adb0d-8a7aaced-0000158.jpg,770034564,104541,104977,8,46c4ac11
mot_frames,mot_val1,mot,strip:1,bdd100k/images/track/val/b23adb0d-8a7aaced/b23adb0d-8a7aaced-0000159.jpg,772793525,98456,98907,8,82d387ff
mot_frames,mot_val1,mot,strip:1,bdd100k/images/track/val/b23adb0d-8a7aaced/b23adb0d-8a7aaced-0000160.jpg,762864653,96477,96869,8,b13cca3a
mot_frames,mot_val1,mot,strip:1,bdd100k/images/track/val/b23adb0d-8a7aaced/b23adb0d-8a7aaced-0000161.jpg,759128013,96777,97329,8,5bb4c635
mot_frames,mot_val1,mot,strip:1,bdd100k/images/track/val/b23adb0d-8a7aaced/b23adb0d-8a7aaced-0000162.jpg,773859069,94041,94729,8,5747dca4
mot_frames,mot_val1,mot,strip:1,bdd100k/images/track/val/b23adb0d-8a7aaced/b23adb0d-8a7aaced-0000163.jpg,768784881,99337,99746,8,da4d72a3
mot_frames,mot_val1,mot,strip:1,bdd100k/images/track/val/b23adb0d-8a7aaced/b23adb0d-8a7aaced-0000164.jpg,769241346,90471,90969,8,9f744247
mot_frames,mot_val1,mot,strip:1,bdd100k/images/track/val/b23adb0d-8a7aaced/b23adb0d-8a7aaced-0000165.jpg,773771365,87574,88050,8,c444de2c
mot_frames,mot_val1,mot,strip:1,bdd100k/images/track/val/b23adb0d-8a7aaced/b23adb0d-8a7aaced-0000166.jpg,759498046,98248,98624,8,a9e1d0f2
mot_frames,mot_val1,mot,strip:1,bdd100k/images/track/val/b23adb0d-8a7aaced/b23adb0d-8a7aaced-0000167.jpg,762708543,90629,90984,8,a3bef303
mot_frames,mot_val1,mot,strip:1,bdd100k/images/track/val/b23adb0d-8a7aaced/b23adb0d-8a7aaced-0000168.jpg,759855709,87466,87749,8,797dd689
mot_frames,mot_val1,mot,strip:1,bdd100k/images/track/val/b23adb0d-8a7aaced/b23adb0d-8a7aaced-0000169.jpg,762472192,90500,90827,8,2bb8280b
mot_frames,mot_val1,mot,strip:1,bdd100k/images/track/val/b23adb0d-8a7aaced/b23adb0d-8a7aaced-0000170.jpg,760790439,92541,92822,8,b0b6247a
mot_frames,mot_val1,mot,strip:1,bdd100k/images/track/val/b23adb0d-8a7aaced/b23adb0d-8a7aaced-0000171.jpg,765079353,107748,108145,8,69ed5e90
mot_frames,mot_val1,mot,strip:1,bdd100k/images/track/val/b23adb0d-8a7aaced/b23adb0d-8a7aaced-0000172.jpg,767541550,97586,97845,8,f032de91
mot_frames,mot_val1,mot,strip:1,bdd100k/images/track/val/b23adb0d-8a7aaced/b23adb0d-8a7aaced-0000173.jpg,770847372,95031,95266,8,f212cccc
mot_frames,mot_val1,mot,strip:1,bdd100k/images/track/val/b23adb0d-8a7aaced/b23adb0d-8a7aaced-0000174.jpg,771321662,106443,106703,8,0d421b4c
mot_frames,mot_val1,mot,strip:1,bdd100k/images/track/val/b23adb0d-8a7aaced/b23adb0d-8a7aaced-0000175.jpg,767439936,101484,101740,8,c9af3ba1
mot_frames,mot_val1,mot,strip:1,bdd100k/images/track/val/b23adb0d-8a7aaced/b23adb0d-8a7aaced-0000176.jpg,765590835,96654,96967,8,f428dde4
mot_frames,mot_val1,mot,strip:1,bdd100k/images/track/val/b23adb0d-8a7aaced/b23adb0d-8a7aaced-0000177.jpg,760700518,89791,90140,8,d3b32aa8
mot_frames,mot_val1,mot,strip:1,bdd100k/images/track/val/b23adb0d-8a7aaced/b23adb0d-8a7aaced-0000178.jpg,765778217,77279,77783,8,af4166be
mot_frames,mot_val1,mot,strip:1,bdd100k/images/track/val/b23adb0d-8a7aaced/b23adb0d-8a7aaced-0000179.jpg,760352958,78715,79291,8,b4f4ff22
mot_frames,mot_val1,mot,strip:1,bdd100k/images/track/val/b23adb0d-8a7aaced/b23adb0d-8a7aaced-0000180.jpg,769489942,72597,73169,8,efab74d8
mot_frames,mot_val1,mot,strip:1,bdd100k/images/track/val/b23adb0d-8a7aaced/b23adb0d-8a7aaced-0000181.jpg,773378843,78812,79361,8,c32a21ac
mot_frames,mot_val1,mot,strip:1,bdd100k/images/track/val/b23adb0d-8a7aaced/b23adb0d-8a7aaced-0000182.jpg,758526068,85800,86121,8,fbeb3768
mot_frames,mot_val1,mot,strip:1,bdd100k/images/track/val/b23adb0d-8a7aaced/b23adb0d-8a7aaced-0000183.jpg,763558528,83873,84240,8,9c889c0f
mot_frames,mot_val1,mot,strip:1,bdd100k/images/track/val/b23adb0d-8a7aaced/b23adb0d-8a7aaced-0000184.jpg,763097596,86266,86583,8,8a00529f
mot_frames,mot_val1,mot,strip:1,bdd100k/images/track/val/b23adb0d-8a7aaced/b23adb0d-8a7aaced-0000185.jpg,758711370,85433,85828,8,abb506c7
mot_frames,mot_val1,mot,strip:1,bdd100k/images/track/val/b23adb0d-8a7aaced/b23adb0d-8a7aaced-0000186.jpg,772964124,83463,83894,8,b5225001
mot_frames,mot_val1,mot,strip:1,bdd100k/images/track/val/b23adb0d-8a7aaced/b23adb0d-8a7aaced-0000187.jpg,769656161,100775,101173,8,5b233ffa
mot_frames,mot_val1,mot,strip:1,bdd100k/images/track/val/b23adb0d-8a7aaced/b23adb0d-8a7aaced-0000188.jpg,772701250,92145,92483,8,cd4562f7
mot_frames,mot_val1,mot,strip:1,bdd100k/images/track/val/b23adb0d-8a7aaced/b23adb0d-8a7aaced-0000189.jpg,769944560,89874,90196,8,47c84ad5
mot_frames,mot_val1,mot,strip:1,bdd100k/images/track/val/b23adb0d-8a7aaced/b23adb0d-8a7aaced-0000190.jpg,771578480,92323,92770,8,efb64792
mot_frames,mot_val1,mot,strip:1,bdd100k/images/track/val/b23adb0d-8a7aaced/b23adb0d-8a7aaced-0000191.jpg,767032253,90918,91300,8,3ede261e
mot_frames,mot_val1,mot,strip:1,bdd100k/images/track/val/b23adb0d-8a7aaced/b23adb0d-8a7aaced-0000192.jpg,764651539,87656,88173,8,0f2dcb82
mot_frames,mot_val1,mot,strip:1,bdd100k/images/track/val/b23adb0d-8a7aaced/b23adb0d-8a7aaced-0000193.jpg,761638418,90296,90835,8,39e60640
mot_frames,mot_val1,mot,strip:1,bdd100k/images/track/val/b23adb0d-8a7aaced/b23adb0d-8a7aaced-0000194.jpg,761230743,91815,92299,8,f200bc48
mot_frames,mot_val1,mot,strip:1,bdd100k/images/track/val/b23adb0d-8a7aaced/b23adb0d-8a7aaced-0000195.jpg,764832949,103834,104686,8,0db7f3ab
mot_frames,mot_val1,mot,strip:1,bdd100k/images/track/val/b23adb0d-8a7aaced/b23adb0d-8a7aaced-0000196.jpg,766714105,91247,91733,8,d5ea1a56
mot_frames,mot_val1,mot,strip:1,bdd100k/images/track/val/b23adb0d-8a7aaced/b23adb0d-8a7aaced-0000197.jpg,771852498,84683,85515,8,eb156d36
mot_frames,mot_val1,mot,strip:1,bdd100k/images/track/val/b23adb0d-8a7aaced/b23adb0d-8a7aaced-0000198.jpg,766367982,88971,89444,8,0f326928
mot_frames,mot_val1,mot,strip:1,bdd100k/images/track/val/b23adb0d-8a7aaced/b23adb0d-8a7aaced-0000199.jpg,772114877,83210,83695,8,ee134a4a
mot_frames,mot_val1,mot,strip:1,bdd100k/images/track/val/b23adb0d-8a7aaced/b23adb0d-8a7aaced-0000200.jpg,774461333,84937,85320,8,d786697e
mot_frames,mot_val1,mot,strip:1,bdd100k/images/track/val/b23adb0d-8a7aaced/b23adb0d-8a7aaced-0000201.jpg,768341151,80823,81429,8,81ce5cb9
mot_frames,mot_val1,mot,strip:1,bdd100k/images/track/val/b23adb0d-8a7aaced/b23adb0d-8a7aaced-0000202.jpg,762318934,78377,79181,8,45e97e4f
mot_frames,mot_val1,mot,strip:1,bdd100k/images/track/val/b23adb0d-8a7aaced/b23adb0d-8a7aaced-0000203.jpg,759686068,86675,87169,8,ebd5922b
yolop_ll,yolop_ll,labels/yolop_ll_seg_val,flat,bdd_lane_gt/val/b1d968b9-ce42734f.png,236008006,4100,7981,8,ea641c24
yolop_ll,yolop_ll,labels/yolop_ll_seg_val,flat,bdd_lane_gt/val/b1f4491b-cf446195.png,247553699,4688,7976,8,258d5ba6
yolop_ll,yolop_ll,labels/yolop_ll_seg_val,flat,bdd_lane_gt/val/b1ff4656-0435391e.png,249249371,1677,6235,8,3482f7f5
yolop_ll,yolop_ll,labels/yolop_ll_seg_val,flat,bdd_lane_gt/val/b204a5c1-064b0040.png,244453169,3871,7734,8,55333aa2
yolop_ll,yolop_ll,labels/yolop_ll_seg_val,flat,bdd_lane_gt/val/b2064e61-2beadd45.png,243330153,1547,6044,8,b16f268c
yolop_ll,yolop_ll,labels/yolop_ll_seg_val,flat,bdd_lane_gt/val/b20e291a-6012d836.png,243767838,3260,7333,8,b5f5048b
yolop_ll,yolop_ll,labels/yolop_ll_seg_val,flat,bdd_lane_gt/val/b23adb0d-8a7aaced.png,241700903,2528,6684,8,fb351130
yolop_ll,yolop_ll,labels/yolop_ll_seg_val,flat,bdd_lane_gt/val/b23d2079-0c019d8e.png,245176942,3286,7407,8,7a703f6d
yolop_ll,yolop_ll,labels/yolop_ll_seg_val,flat,bdd_lane_gt/val/b780088d-0bf9e946.png,235095700,4105,7771,8,245cdf7f
yolop_ll,yolop_ll,labels/yolop_ll_seg_val,flat,bdd_lane_gt/val/b9ecc316-529acd3c.png,237319183,2457,6684,8,0d021591
yolop_ll,yolop_ll,labels/yolop_ll_seg_val,flat,bdd_lane_gt/val/bc07d865-f526e4d9.png,228139851,3864,7718,8,c59e6f56
yolop_ll,yolop_ll,labels/yolop_ll_seg_val,flat,bdd_lane_gt/val/bf1af616-e750e7dd.png,241417083,3888,7457,8,bf665161
yolop_ll,yolop_ll,labels/yolop_ll_seg_val,flat,bdd_lane_gt/val/c38cd3f6-c74ca48b.png,238228268,2801,6947,8,3dd48349
yolop_ll,yolop_ll,labels/yolop_ll_seg_val,flat,bdd_lane_gt/val/c174a2be-b32a8285.png,249509506,4313,8321,8,95dabfb1
yolop_ll,yolop_ll,labels/yolop_ll_seg_val,flat,bdd_lane_gt/val/c6468284-3d60a86b.png,246859950,3042,6983,8,f4b25635
yolop_ll,yolop_ll,labels/yolop_ll_seg_val,flat,bdd_lane_gt/val/b251064f-8d92db81.png,234584881,4766,8597,8,ea203758
yolop_ll,yolop_ll,labels/yolop_ll_seg_val,flat,bdd_lane_gt/val/b57a6b0c-531adc6d.png,249134510,1399,6092,8,43e4c043
yolop_ll,yolop_ll,labels/yolop_ll_seg_val,flat,bdd_lane_gt/val/b5aa55af-b01f8749.png,242642255,1372,5880,8,c848a9f9
yolop_ll,yolop_ll,labels/yolop_ll_seg_val,flat,bdd_lane_gt/val/c32be69b-f02d6229.png,234951900,2997,7121,8,1eea4a59
yolop_ll,yolop_ll,labels/yolop_ll_seg_val,flat,bdd_lane_gt/val/b5bf322d-0a139ab3.png,225884065,6594,9904,8,ad282468
yolop_ll,yolop_ll,labels/yolop_ll_seg_val,flat,bdd_lane_gt/val/c72e0355-d4ee4973.png,231689152,1796,6249,8,ea431455
yolop_ll,yolop_ll,labels/yolop_ll_seg_val,flat,bdd_lane_gt/val/c5c8a92c-ed6160d8.png,224869101,2466,6736,8,fa087f2b
yolop_ll,yolop_ll,labels/yolop_ll_seg_val,flat,bdd_lane_gt/val/bc3edef9-98053500.png,231098659,3066,7153,8,f3899153
yolop_ll,yolop_ll,labels/yolop_ll_seg_val,flat,bdd_lane_gt/val/bd355fcc-6e341b88.png,248615140,3907,7822,8,00026628
yolop_ll,yolop_ll,labels/yolop_ll_seg_val,flat,bdd_lane_gt/val/c1252e1f-c0640ea4.png,227217962,2837,6950,8,999b226a
yolop_ll,yolop_ll,labels/yolop_ll_seg_val,flat,bdd_lane_gt/val/c2c5fee5-a8360924.png,251164542,1510,6059,8,4cf224a4
yolop_ll,yolop_ll,labels/yolop_ll_seg_val,flat,bdd_lane_gt/val/b3e72283-584093dc.png,236472959,905,5728,8,a8e1dd7b
yolop_ll,yolop_ll,labels/yolop_ll_seg_val,flat,bdd_lane_gt/val/c44da9b8-ecd04bdd.png,245067155,3257,7310,8,c81523f6
yolop_ll,yolop_ll,labels/yolop_ll_seg_val,flat,bdd_lane_gt/val/c2e294a9-93e364f0.png,239050774,3163,7214,8,a9760d7b
yolop_ll,yolop_ll,labels/yolop_ll_seg_val,flat,bdd_lane_gt/val/c48bcc55-9fc09810.png,230235265,162,5307,8,680e2e68
yolop_ll,yolop_ll,labels/yolop_ll_seg_val,flat,bdd_lane_gt/val/b836b14a-fb13c905.png,232412615,2311,6466,8,2f746057
yolop_ll,yolop_ll,labels/yolop_ll_seg_val,flat,bdd_lane_gt/val/c366973d-f5ec8394.png,226573767,3026,6897,8,fd00cc0a
yolop_ll,yolop_ll,labels/yolop_ll_seg_val,flat,bdd_lane_gt/val/b406dc5a-44d22755.png,249018140,4134,8075,8,db9d9a52
yolop_ll,yolop_ll,labels/yolop_ll_seg_val,flat,bdd_lane_gt/val/c49c1308-71384f70.png,241553310,591,5532,8,060dd95e
yolop_ll,yolop_ll,labels/yolop_ll_seg_val,flat,bdd_lane_gt/val/b77dc345-d1f9b91c.png,228575401,4028,7766,8,66fb08bd
yolop_ll,yolop_ll,labels/yolop_ll_seg_val,flat,bdd_lane_gt/val/bbd5188d-91d0926f.png,229086454,2778,7079,8,d539676f
yolop_ll,yolop_ll,labels/yolop_ll_seg_val,flat,bdd_lane_gt/val/b71bf87d-894c1a21.png,223527116,3003,7083,8,f5f17e58
yolop_ll,yolop_ll,labels/yolop_ll_seg_val,flat,bdd_lane_gt/val/c15c29a5-9af1055d.png,248324681,2483,6789,8,15a326b6
yolop_ll,yolop_ll,labels/yolop_ll_seg_val,flat,bdd_lane_gt/val/c5a0ad25-ce65688e.png,249544636,3835,7761,8,c2a78770
yolop_ll,yolop_ll,labels/yolop_ll_seg_val,flat,bdd_lane_gt/val/bac391de-5885bad6.png,227863237,2309,6439,8,be884515
yolop_ll,yolop_ll,labels/yolop_ll_seg_val,flat,bdd_lane_gt/val/ba2e8c76-9064d1ee.png,237655376,2056,6450,8,cd15e492
yolop_ll,yolop_ll,labels/yolop_ll_seg_val,flat,bdd_lane_gt/val/b54a8089-aa62f142.png,239081699,2172,6370,8,e0c3c2fd
yolop_ll,yolop_ll,labels/yolop_ll_seg_val,flat,bdd_lane_gt/val/c350632d-75a312d1.png,240934700,2347,6710,8,8dfcd654
yolop_ll,yolop_ll,labels/yolop_ll_seg_val,flat,bdd_lane_gt/val/c836f138-aa4d7408.png,247794874,1783,6308,8,2b911e9f
yolop_ll,yolop_ll,labels/yolop_ll_seg_val,flat,bdd_lane_gt/val/b857eb06-4601a3a0.png,240738658,1823,6139,8,c86d1f49
yolop_ll,yolop_ll,labels/yolop_ll_seg_val,flat,bdd_lane_gt/val/c85d3c7e-4501e8b4.png,243692421,2783,6982,8,a6fcd716
yolop_ll,yolop_ll,labels/yolop_ll_seg_val,flat,bdd_lane_gt/val/bdf775d9-3cb15a15.png,224700594,4761,8418,8,360f672f
yolop_ll,yolop_ll,labels/yolop_ll_seg_val,flat,bdd_lane_gt/val/b20e291a-32ac11c1.png,227764695,3716,7593,8,3d34502c
yolop_ll,yolop_ll,labels/yolop_ll_seg_val,flat,bdd_lane_gt/val/c0677163-b0154931.png,227300104,2894,6859,8,ad31333e
yolop_ll,yolop_ll,labels/yolop_ll_seg_val,flat,bdd_lane_gt/val/c143af06-2e9cba65.png,226898859,1971,6450,8,5740a152
yolop_ll,yolop_ll,labels/yolop_ll_seg_val,flat,bdd_lane_gt/val/bec7b5c0-36069512.png,238285723,1074,5811,8,de64637b
yolop_ll,yolop_ll,labels/yolop_ll_seg_val,flat,bdd_lane_gt/val/c96e0b6a-7d3c5b31.png,228559244,3090,7101,8,3b982e12
yolop_ll,yolop_ll,labels/yolop_ll_seg_val,flat,bdd_lane_gt/val/b7c48676-d61a6e81.png,232018472,2840,6888,8,db7060e9
yolop_ll,yolop_ll,labels/yolop_ll_seg_val,flat,bdd_lane_gt/val/b289f2e8-cec8700d.png,233640642,3942,7982,8,fc149ee2
yolop_ll,yolop_ll,labels/yolop_ll_seg_val,flat,bdd_lane_gt/val/c1f39934-717857b3.png,234881441,1870,6190,8,ef96e5c8
yolop_ll,yolop_ll,labels/yolop_ll_seg_val,flat,bdd_lane_gt/val/b71bf87d-528e531c.png,251098221,1201,5811,8,6269b12f
yolop_ll,yolop_ll,labels/yolop_ll_seg_val,flat,bdd_lane_gt/val/c8bd76fd-1fda46a5.png,250642450,162,5307,8,680e2e68
yolop_ll,yolop_ll,labels/yolop_ll_seg_val,flat,bdd_lane_gt/val/b38f59d4-58f1cff8.png,245465227,162,5307,8,680e2e68
yolop_ll,yolop_ll,labels/yolop_ll_seg_val,flat,bdd_lane_gt/val/b4b581ea-93722c60.png,230011156,4239,7866,8,e1de7faa
yolop_ll,yolop_ll,labels/yolop_ll_seg_val,flat,bdd_lane_gt/val/c63f6bb5-e23a253e.png,235190339,3919,7788,8,876b6251
yolop_ll,yolop_ll,labels/yolop_ll_seg_val,flat,bdd_lane_gt/val/c174b1bd-ff23da83.png,231759634,1853,6264,8,429c061f
yolop_ll,yolop_ll,labels/yolop_ll_seg_val,flat,bdd_lane_gt/val/c82ab19a-455ba0d8.png,244732468,3577,7540,8,d8094a85
yolop_ll,yolop_ll,labels/yolop_ll_seg_val,flat,bdd_lane_gt/val/be94df25-464ac4f8.png,242017297,4263,7984,8,d7aea40d
yolop_ll,yolop_ll,labels/yolop_ll_seg_val,flat,bdd_lane_gt/val/c02fb811-03f28b56.png,234412278,3451,7517,8,a5632d0e
yolop_ll,yolop_ll,labels/yolop_ll_seg_val,flat,bdd_lane_gt/val/ca068cb6-1418f2fb.png,240591928,4114,7725,8,673fb68c
yolop_ll,yolop_ll,labels/yolop_ll_seg_val,flat,bdd_lane_gt/val/c7fe62b1-831805d0.png,224765392,2361,6560,8,f1d819aa
yolop_ll,yolop_ll,labels/yolop_ll_seg_val,flat,bdd_lane_gt/val/c4a1065b-ec1e76ba.png,238741652,3320,7052,8,caa44345
yolop_ll,yolop_ll,labels/yolop_ll_seg_val,flat,bdd_lane_gt/val/bff1a1d0-5a57063a.png,231048276,2771,6940,8,2a55bf26
yolop_ll,yolop_ll,labels/yolop_ll_seg_val,flat,bdd_lane_gt/val/b1df722f-5bcc3db7.png,236816409,3168,7387,8,b80b7bc6
yolop_ll,yolop_ll,labels/yolop_ll_seg_val,flat,bdd_lane_gt/val/b2b32394-e46669cb.png,227778492,5218,8818,8,fd8bd205
yolop_ll,yolop_ll,labels/yolop_ll_seg_val,flat,bdd_lane_gt/val/c730a403-03ecee1b.png,232391094,2242,6654,8,058a36fc
yolop_ll,yolop_ll,labels/yolop_ll_seg_val,flat,bdd_lane_gt/val/b8ecdc10-763b27b8.png,244262795,2089,6361,8,67eaf4bb
yolop_ll,yolop_ll,labels/yolop_ll_seg_val,flat,bdd_lane_gt/val/c81afdad-8b689a37.png,233165578,3125,7251,8,e398461a
yolop_ll,yolop_ll,labels/yolop_ll_seg_val,flat,bdd_lane_gt/val/c4cebcf0-c8c73eb8.png,238137573,5496,9074,8,b933d2a3
yolop_ll,yolop_ll,labels/yolop_ll_seg_val,flat,bdd_lane_gt/val/c51c4c12-e9006511.png,246144256,3144,7209,8,0ded1d49
yolop_ll,yolop_ll,labels/yolop_ll_seg_val,flat,bdd_lane_gt/val/c146d100-92fd1b9f.png,233309345,3287,7211,8,4d8063d7
yolop_ll,yolop_ll,labels/yolop_ll_seg_val,flat,bdd_lane_gt/val/ca068cb6-e29842f7.png,243803107,4667,8484,8,ca74d480
yolop_ll,yolop_ll,labels/yolop_ll_seg_val,flat,bdd_lane_gt/val/c146d100-cb76d05b.png,243003930,6196,9486,8,50a6047e
yolop_ll,yolop_ll,labels/yolop_ll_seg_val,flat,bdd_lane_gt/val/c65d48bf-92b77f49.png,243858280,1967,6274,8,55d09f1a
yolop_ll,yolop_ll,labels/yolop_ll_seg_val,flat,bdd_lane_gt/val/c56c7249-f70c6c33.png,238587811,3684,7665,8,fdcb94bc
yolop_ll,yolop_ll,labels/yolop_ll_seg_val,flat,bdd_lane_gt/val/c1fa7950-56a78519.png,250053644,2728,6734,8,4e81b81f
yolop_ll,yolop_ll,labels/yolop_ll_seg_val,flat,bdd_lane_gt/val/b3223c85-fccaf29d.png,245812660,4390,8069,8,676c2163
yolop_ll,yolop_ll,labels/yolop_ll_seg_val,flat,bdd_lane_gt/val/c5e8ab3b-6e92761c.png,240513759,3283,7340,8,06b9f13a
yolop_ll,yolop_ll,labels/yolop_ll_seg_val,flat,bdd_lane_gt/val/c8e01103-9ff8595d.png,231440097,3834,7543,8,5e17916e
yolop_ll,yolop_ll,labels/yolop_ll_seg_val,flat,bdd_lane_gt/val/c89bec33-797b5aca.png,225927090,4747,8187,8,0c19a42a
yolop_ll,yolop_ll,labels/yolop_ll_seg_val,flat,bdd_lane_gt/val/c51ec845-75af36d3.png,236299441,1381,6071,8,0e6f513b
yolop_ll,yolop_ll,labels/yolop_ll_seg_val,flat,bdd_lane_gt/val/bcaa771b-806e4fcd.png,224844996,2359,6589,8,26de4773
yolop_ll,yolop_ll,labels/yolop_ll_seg_val,flat,bdd_lane_gt/val/c6959e96-6c064011.png,242047287,4205,8133,8,de10cd98
yolop_ll,yolop_ll,labels/yolop_ll_seg_val,flat,bdd_lane_gt/val/c6c8c8a2-cb166bb4.png,235287909,3503,7690,8,99bf0145
yolop_ll,yolop_ll,labels/yolop_ll_seg_val,flat,bdd_lane_gt/val/beef90ca-dd806a38.png,222994016,2376,6516,8,d5d3292c
yolop_ll,yolop_ll,labels/yolop_ll_seg_val,flat,bdd_lane_gt/val/b7341ecf-4be3bdcb.png,233201412,1521,6037,8,df66b685
yolop_ll,yolop_ll,labels/yolop_ll_seg_val,flat,bdd_lane_gt/val/b8c21917-b001727c.png,241696709,1680,6132,8,c4309dc0
yolop_ll,yolop_ll,labels/yolop_ll_seg_val,flat,bdd_lane_gt/val/b472aeb8-f6353af9.png,249935692,1770,6125,8,91c73b24
yolop_ll,yolop_ll,labels/yolop_ll_seg_val,flat,bdd_lane_gt/val/b26327fe-3ac19999.png,243053575,320,5390,8,d5e40003
yolop_ll,yolop_ll,labels/yolop_ll_seg_val,flat,bdd_lane_gt/val/c0677163-39c6f234.png,234101029,730,5575,8,17d0690e
yolop_ll,yolop_ll,labels/yolop_ll_seg_val,flat,bdd_lane_gt/val/bd5e847a-fff41819.png,248443666,614,5565,8,8727c614
yolop_ll,yolop_ll,labels/yolop_ll_seg_val,flat,bdd_lane_gt/val/b5948795-913b4fee.png,249014897,2891,6706,8,399a6577
yolop_ll,yolop_ll,labels/yolop_ll_seg_val,flat,bdd_lane_gt/val/c2dba16e-9ead0a99.png,238103120,162,5307,8,680e2e68
yolop_ll,yolop_ll,labels/yolop_ll_seg_val,flat,bdd_lane_gt/val/bea4ac92-340863d9.png,241727519,2581,6679,8,dff162a9
yolop_ll,yolop_ll,labels/yolop_ll_seg_val,flat,bdd_lane_gt/val/c0c23a94-f2f15c15.png,225803088,476,5453,8,50f38da7
yolop_ll,yolop_ll,labels/yolop_ll_seg_val,flat,bdd_lane_gt/val/bceeedca-f0bf8606.png,244947482,314,5369,8,0ee62479
yolop_ll,yolop_ll,labels/yolop_ll_seg_val,flat,bdd_lane_gt/val/c23551ce-34508f75.png,230819582,2922,6866,8,f739f5cd
yolop_ll,yolop_ll,labels/yolop_ll_seg_val,flat,bdd_lane_gt/val/b85a3ec7-4296bad6.png,243047197,1956,6260,8,1dd858d4
yolop_ll,yolop_ll,labels/yolop_ll_seg_val,flat,bdd_lane_gt/val/bde48a59-81b1f93a.png,226192466,1274,5936,8,1dedd252
yolop_ll,yolop_ll,labels/yolop_ll_seg_val,flat,bdd_lane_gt/val/c51c4c12-3ccdcd61.png,230865780,914,5667,8,bbe9b0c1
yolop_ll,yolop_ll,labels/yolop_ll_seg_val,flat,bdd_lane_gt/val/c60deb3c-d8219cc9.png,244670434,162,5307,8,680e2e68
yolop_ll,yolop_ll,labels/yolop_ll_seg_val,flat,bdd_lane_gt/val/bf5ea8d2-94c28266.png,249152534,162,5307,8,680e2e68
yolop_ll,yolop_ll,labels/yolop_ll_seg_val,flat,bdd_lane_gt/val/c1fbed4d-18be096c.png,226598498,3304,7333,8,205fcbfc
yolop_ll,yolop_ll,labels/yolop_ll_seg_val,flat,bdd_lane_gt/val/fe1b92a1-faaaa1eb.png,236359951,1984,6269,8,afce0d66
yolop_ll,yolop_ll,labels/yolop_ll_seg_val,flat,bdd_lane_gt/val/ba9a0c7f-77967cea.png,234510433,2586,6575,8,93c2700f
yolop_ll,yolop_ll,labels/yolop_ll_seg_val,flat,bdd_lane_gt/val/b4f360ca-78e0a64c.png,228201600,2635,6882,8,142cc303
yolop_ll,yolop_ll,labels/yolop_ll_seg_val,flat,bdd_lane_gt/val/c2313d3a-69748e1a.png,241245892,162,5307,8,680e2e68
yolop_ll,yolop_ll,labels/yolop_ll_seg_val,flat,bdd_lane_gt/val/b1fbf878-b31a8293.png,223968914,2340,6729,8,117420d2
yolop_ll,yolop_ll,labels/yolop_ll_seg_val,flat,bdd_lane_gt/val/b6aa41ba-04780705.png,241768107,4369,7977,8,009a3b55
yolop_ll,yolop_ll,labels/yolop_ll_seg_val,flat,bdd_lane_gt/val/bb1b7e42-b17da5d0.png,223514278,2481,6802,8,f1f2244b
yolop_ll,yolop_ll,labels/yolop_ll_seg_val,flat,bdd_lane_gt/val/b2d502aa-64d3e228.png,240906687,1634,6225,8,e38449f9
yolop_ll,yolop_ll,labels/yolop_ll_seg_val,flat,bdd_lane_gt/val/c4fa3b0a-29b96446.png,246160605,4487,8216,8,6e550cf9
yolop_ll,yolop_ll,labels/yolop_ll_seg_val,flat,bdd_lane_gt/val/b603f785-b94d2adc.png,250037545,490,5473,8,4aa00908
yolop_ll,yolop_ll,labels/yolop_ll_seg_val,flat,bdd_lane_gt/val/c2021f20-46a5823b.png,235116475,1473,6029,8,565fa463
yolop_ll,yolop_ll,labels/yolop_ll_seg_val,flat,bdd_lane_gt/val/b99f250d-97172b16.png,225960223,3119,7254,8,0e039e6a
yolop_ll,yolop_ll,labels/yolop_ll_seg_val,flat,bdd_lane_gt/val/c6cde742-d52d93a3.png,237206174,3699,7629,8,1a7467d0
yolop_ll,yolop_ll,labels/yolop_ll_seg_val,flat,bdd_lane_gt/val/b4f65b32-ff644e07.png,229374566,3197,7191,8,1a1ddce1
yolop_ll,yolop_ll,labels/yolop_ll_seg_val,flat,bdd_lane_gt/val/bf62df05-874604fe.png,242501906,1973,6338,8,9a89387f
yolop_ll,yolop_ll,labels/yolop_ll_seg_val,flat,bdd_lane_gt/val/c420873f-c5ec4d87.png,227461393,2274,6602,8,bc7d598b
yolop_ll,yolop_ll,labels/yolop_ll_seg_val,flat,bdd_lane_gt/val/b93942f9-441a4817.png,242264930,3967,7751,8,740e9e68
yolop_ll,yolop_ll,labels/yolop_ll_seg_val,flat,bdd_lane_gt/val/c683d905-eca9ea1a.png,240698778,3011,7035,8,186498b5
yolop_ll,yolop_ll,labels/yolop_ll_seg_val,flat,bdd_lane_gt/val/c71090cc-df17811c.png,244836863,3231,7368,8,b1a5a94d
yolop_ll,yolop_ll,labels/yolop_ll_seg_val,flat,bdd_lane_gt/val/bea3ece7-e73287ff.png,223805490,2189,6465,8,3878b774
yolop_ll,yolop_ll,labels/yolop_ll_seg_val,flat,bdd_lane_gt/val/bc574681-b63afd9b.png,234493631,1655,6123,8,b769a3cc
yolop_ll,yolop_ll,labels/yolop_ll_seg_val,flat,bdd_lane_gt/val/bdeec3db-d7908ef3.png,250313481,583,5498,8,18e95a3d
yolop_ll,yolop_ll,labels/yolop_ll_seg_val,flat,bdd_lane_gt/val/b40669bb-19958f9a.png,231024551,1946,6423,8,17bc60cb
yolop_ll,yolop_ll,labels/yolop_ll_seg_val,flat,bdd_lane_gt/val/b5e3b8c6-e50a2999.png,237344235,5123,8706,8,4532d7a7
yolop_ll,yolop_ll,labels/yolop_ll_seg_val,flat,bdd_lane_gt/val/c614250f-060df27c.png,226847191,1402,6017,8,33947ee6
yolop_ll,yolop_ll,labels/yolop_ll_seg_val,flat,bdd_lane_gt/val/bd4a61fd-fb447d72.png,232588623,1862,6198,8,86711634
yolop_ll,yolop_ll,labels/yolop_ll_seg_val,flat,bdd_lane_gt/val/c9fa0253-3a8bc597.png,224730285,297,5374,8,1aa0f213
yolop_ll,yolop_ll,labels/yolop_ll_seg_val,flat,bdd_lane_gt/val/bbc06e30-cc607874.png,237917269,2709,6756,8,536b6e31
yolop_ll,yolop_ll,labels/yolop_ll_seg_val,flat,bdd_lane_gt/val/c5caf169-3010206a.png,222899107,4009,7793,8,1d9d312e
yolop_ll,yolop_ll,labels/yolop_ll_seg_val,flat,bdd_lane_gt/val/c1de2ece-26433e37.png,234986724,162,5307,8,680e2e68
yolop_ll,yolop_ll,labels/yolop_ll_seg_val,flat,bdd_lane_gt/val/bc16f8e9-930d98ee.png,225316992,4514,8138,8,74fc4455
yolop_ll,yolop_ll,labels/yolop_ll_seg_val,flat,bdd_lane_gt/val/bec5aa0b-27aa89d9.png,230925171,3605,7557,8,1add99eb
yolop_ll,yolop_ll,labels/yolop_ll_seg_val,flat,bdd_lane_gt/val/c9c9235f-2215a6b7.png,225261309,1439,6073,8,651b9b3a
yolop_ll,yolop_ll,labels/yolop_ll_seg_val,flat,bdd_lane_gt/val/c3f50821-9998804f.png,243713260,3898,7519,8,119c1438
yolop_ll,yolop_ll,labels/yolop_ll_seg_val,flat,bdd_lane_gt/val/bf77e9b1-717cbd2c.png,235880152,2217,6543,8,741076de
yolop_ll,yolop_ll,labels/yolop_ll_seg_val,flat,bdd_lane_gt/val/c57906c2-9696bf52.png,245756311,2363,6572,8,a722b857
yolop_ll,yolop_ll,labels/yolop_ll_seg_val,flat,bdd_lane_gt/val/c3639d96-d284eda4.png,233716343,1417,5987,8,70ee37e1
yolop_ll,yolop_ll,labels/yolop_ll_seg_val,flat,bdd_lane_gt/val/c39375fb-153bf02b.png,239670264,2670,6803,8,381d87e8
yolop_ll,yolop_ll,labels/yolop_ll_seg_val,flat,bdd_lane_gt/val/bb52662e-0257c8b3.png,230141314,2959,6928,8,da8d6fe5
yolop_ll,yolop_ll,labels/yolop_ll_seg_val,flat,bdd_lane_gt/val/b54735e3-b251b872.png,231256096,3961,7824,8,2c9301a4
yolop_ll,yolop_ll,labels/yolop_ll_seg_val,flat,bdd_lane_gt/val/c51a2815-5d5e6d1a.png,224194235,4663,8193,8,2e67aa62
yolop_ll,yolop_ll,labels/yolop_ll_seg_val,flat,bdd_lane_gt/val/c11fb0c4-16ba72ea.png,223761810,5315,8877,8,0fdf2e45
yolop_ll,yolop_ll,labels/yolop_ll_seg_val,flat,bdd_lane_gt/val/b4f59eb4-2992dd6d.png,238809485,4104,8020,8,a7474e92
yolop_ll,yolop_ll,labels/yolop_ll_seg_val,flat,bdd_lane_gt/val/c65628b7-0a11aa60.png,242369599,1847,6252,8,7b9d8ba9
yolop_ll,yolop_ll,labels/yolop_ll_seg_val,flat,bdd_lane_gt/val/b55569e8-282a99fe.png,228329376,3855,7539,8,a70c3b7e
yolop_ll,yolop_ll,labels/yolop_ll_seg_val,flat,bdd_lane_gt/val/b2cf78ec-6043f571.png,226681799,3724,7440,8,8c4ab02c
yolop_ll,yolop_ll,labels/yolop_ll_seg_val,flat,bdd_lane_gt/val/b64e5796-3aa7adc0.png,248420189,3867,7726,8,2180da6e
yolop_ll,yolop_ll,labels/yolop_ll_seg_val,flat,bdd_lane_gt/val/c732f6d7-2a52f70b.png,247541900,4098,7897,8,c96ab4b1
yolop_ll,yolop_ll,labels/yolop_ll_seg_val,flat,bdd_lane_gt/val/c6265010-8caa470f.png,234449100,4202,8080,8,1cf85110
yolop_ll,yolop_ll,labels/yolop_ll_seg_val,flat,bdd_lane_gt/val/b5dec5e7-8066e35c.png,247038296,2431,6585,8,717708af
yolop_ll,yolop_ll,labels/yolop_ll_seg_val,flat,bdd_lane_gt/val/c1f74dbc-21fc10db.png,228957632,4146,7966,8,542ffcc7
yolop_ll,yolop_ll,labels/yolop_ll_seg_val,flat,bdd_lane_gt/val/bfb60a50-6a338fe9.png,241386550,3364,7495,8,47ef7543
yolop_ll,yolop_ll,labels/yolop_ll_seg_val,flat,bdd_lane_gt/val/c39375fb-ecf20028.png,249817321,2162,6435,8,3579c912
yolop_ll,yolop_ll,labels/yolop_ll_seg_val,flat,bdd_lane_gt/val/c2a26f9b-634ed98f.png,233108211,3981,7868,8,88e98ee8
yolop_ll,yolop_ll,labels/yolop_ll_seg_val,flat,bdd_lane_gt/val/c345715a-b532f7a9.png,226020204,4327,7891,8,6c9b05c4
yolop_ll,yolop_ll,labels/yolop_ll_seg_val,flat,bdd_lane_gt/val/b2860d72-0b43e851.png,249105415,5316,8789,8,1cf7271a
yolop_ll,yolop_ll,labels/yolop_ll_seg_val,flat,bdd_lane_gt/val/c587df13-09f601eb.png,227206993,3997,7777,8,e86e3782
yolop_ll,yolop_ll,labels/yolop_ll_seg_val,flat,bdd_lane_gt/val/b75f814e-f533da40.png,243741148,3944,7612,8,e594445e
yolop_ll,yolop_ll,labels/yolop_ll_seg_val,flat,bdd_lane_gt/val/bd21d7a7-85941f4d.png,244107224,4225,7949,8,001f9e7e
yolop_ll,yolop_ll,labels/yolop_ll_seg_val,flat,bdd_lane_gt/val/c82e10a6-a19ceb0b.png,234863523,2849,6901,8,a6669875
yolop_ll,yolop_ll,labels/yolop_ll_seg_val,flat,bdd_lane_gt/val/c38bdba6-181f8cfa.png,250869482,1371,5900,8,a3da6b6c
yolop_ll,yolop_ll,labels/yolop_ll_seg_val,flat,bdd_lane_gt/val/bf482378-efc17f31.png,231085689,4823,8248,8,e7df4c20
yolop_ll,yolop_ll,labels/yolop_ll_seg_val,flat,bdd_lane_gt/val/b7b3a558-45775f2e.png,224421763,3754,7599,8,84cdc1a3
yolop_ll,yolop_ll,labels/yolop_ll_seg_val,flat,bdd_lane_gt/val/c3968de8-21d6c364.png,240811920,4549,8084,8,dbd793ca
yolop_ll,yolop_ll,labels/yolop_ll_seg_val,flat,bdd_lane_gt/val/c784941b-8eb5d07c.png,240312070,570,5486,8,8f0d7527
yolop_ll,yolop_ll,labels/yolop_ll_seg_val,flat,bdd_lane_gt/val/c5dd7a2a-bab83a60.png,238024822,2962,6962,8,b2f50167
yolop_ll,yolop_ll,labels/yolop_ll_seg_val,flat,bdd_lane_gt/val/be66a004-91dbe123.png,231472665,162,5307,8,680e2e68
yolop_ll,yolop_ll,labels/yolop_ll_seg_val,flat,bdd_lane_gt/val/c45cf21f-c11847dd.png,233185199,851,5694,8,394848bd
yolop_ll,yolop_ll,labels/yolop_ll_seg_val,flat,bdd_lane_gt/val/b90d0148-2d15443f.png,234431023,353,5396,8,07d20710
yolop_ll,yolop_ll,labels/yolop_ll_seg_val,flat,bdd_lane_gt/val/b5d6e647-12d214ab.png,232895208,1151,5857,8,cc0ea2d1
yolop_ll,yolop_ll,labels/yolop_ll_seg_val,flat,bdd_lane_gt/val/c16e5581-3e798354.png,235757690,162,5307,8,680e2e68
yolop_ll,yolop_ll,labels/yolop_ll_seg_val,flat,bdd_lane_gt/val/c3df354d-407d442c.png,235886781,162,5307,8,680e2e68
yolop_ll,yolop_ll,labels/yolop_ll_seg_val,flat,bdd_lane_gt/val/b99c5931-81b850be.png,225332406,487,5455,8,efd59c69
yolop_ll,yolop_ll,labels/yolop_ll_seg_val,flat,bdd_lane_gt/val/c60144b6-74583c0d.png,233717855,2620,6854,8,1af6c398
yolop_ll,yolop_ll,labels/yolop_ll_seg_val,flat,bdd_lane_gt/val/bd0380e5-846f84bb.png,226024626,5597,8918,8,76d76ee8
yolop_ll,yolop_ll,labels/yolop_ll_seg_val,flat,bdd_lane_gt/val/c5cc1219-49036234.png,239808786,3596,7393,8,0348a295
yolop_ll,yolop_ll,labels/yolop_ll_seg_val,flat,bdd_lane_gt/val/c8a5ddd2-9c3962bd.png,238046272,2927,7103,8,128bbf8f
yolop_ll,yolop_ll,labels/yolop_ll_seg_val,flat,bdd_lane_gt/val/b332df78-28a61de0.png,244595269,2540,6657,8,7664859c
yolop_ll,yolop_ll,labels/yolop_ll_seg_val,flat,bdd_lane_gt/val/b97b9ee8-8fbf044e.png,247894420,3784,7618,8,d8562429
yolop_ll,yolop_ll,labels/yolop_ll_seg_val,flat,bdd_lane_gt/val/b1d10d08-5b108225.png,244562710,2791,6989,8,8ca19a6f
yolop_ll,yolop_ll,labels/yolop_ll_seg_val,flat,bdd_lane_gt/val/bb3bb8c0-4fa74f43.png,232511915,162,5307,8,680e2e68
yolop_ll,yolop_ll,labels/yolop_ll_seg_val,flat,bdd_lane_gt/val/b63f0379-f0b444b5.png,225694358,4394,8094,8,9192be60
yolop_ll,yolop_ll,labels/yolop_ll_seg_val,flat,bdd_lane_gt/val/c8eeb9c9-d3212cfe.png,240093505,3806,7707,8,b1d8ecfc
yolop_ll,yolop_ll,labels/yolop_ll_seg_val,flat,bdd_lane_gt/val/b94eb13b-6189d792.png,224593867,3459,7381,8,1479d21f
yolop_ll,yolop_ll,labels/yolop_ll_seg_val,flat,bdd_lane_gt/val/c179d309-bbf612b9.png,241995055,2832,6834,8,639917a3
yolop_ll,yolop_ll,labels/yolop_ll_seg_val,flat,bdd_lane_gt/val/c37b8378-9c23f3b3.png,240247085,2683,6895,8,d92ee68f
yolop_ll,yolop_ll,labels/yolop_ll_seg_val,flat,bdd_lane_gt/val/c1c91c87-beecba09.png,236802531,4494,8132,8,df61d939
yolop_ll,yolop_ll,labels/yolop_ll_seg_val,flat,bdd_lane_gt/val/c60327b4-f096274e.png,251014398,1748,6219,8,265ad5d6
yolop_ll,yolop_ll,labels/yolop_ll_seg_val,flat,bdd_lane_gt/val/bbf2ad0f-5458cb78.png,230869399,3281,7307,8,6eda2aba
yolop_ll,yolop_ll,labels/yolop_ll_seg_val,flat,bdd_lane_gt/val/bbe207fc-fdb1b49f.png,231057991,3568,7399,8,1b336908
yolop_ll,yolop_ll,labels/yolop_ll_seg_val,flat,bdd_lane_gt/val/c3e986e8-1d7a6ddc.png,248636203,3945,7907,8,5782dc72
yolop_ll,yolop_ll,labels/yolop_ll_seg_val,flat,bdd_lane_gt/val/c8ef6dea-8a327e57.png,225385177,4006,7731,8,c96d1a57
yolop_ll,yolop_ll,labels/yolop_ll_seg_val,flat,bdd_lane_gt/val/bb6575eb-90478df6.png,223311654,3457,7480,8,894ec2cd
yolop_ll,yolop_ll,labels/yolop_ll_seg_val,flat,bdd_lane_gt/val/b305fc0b-ec8916d5.png,244884856,4220,7959,8,9a0258fc
yolop_ll,yolop_ll,labels/yolop_ll_seg_val,flat,bdd_lane_gt/val/b7205754-4faa3862.png,236212721,3880,7807,8,5b25d475
yolop_ll,yolop_ll,labels/yolop_ll_seg_val,flat,bdd_lane_gt/val/c86c1d47-6c425e8f.png,229341771,5232,8633,8,bd535fac
yolop_ll,yolop_ll,labels/yolop_ll_seg_val,flat,bdd_lane_gt/val/bbc0f7ea-3435af88.png,231309582,3613,7409,8,135e32ac
yolop_ll,yolop_ll,labels/yolop_ll_seg_val,flat,bdd_lane_gt/val/bf7e1159-054559d2.png,233854494,4901,8700,8,fbdaccd3
yolop_ll,yolop_ll,labels/yolop_ll_seg_val,flat,bdd_lane_gt/val/c75a249b-f1341238.png,232303630,4216,8042,8,8ca14ec9
yolop_ll,yolop_ll,labels/yolop_ll_seg_val,flat,bdd_lane_gt/val/c249fd49-2b590a59.png,241485345,3590,7422,8,3329e060
yolop_ll,yolop_ll,labels/yolop_ll_seg_val,flat,bdd_lane_gt/val/bf29e65c-53d90f54.png,249559218,1412,5984,8,2eac19b4
yolop_ll,yolop_ll,labels/yolop_ll_seg_val,flat,bdd_lane_gt/val/c953eb9b-25d6c90f.png,241314093,1979,6403,8,cdb8081b
yolop_ll,yolop_ll,labels/yolop_ll_seg_val,flat,bdd_lane_gt/val/bd46bba0-2990928d.png,228491203,3348,7280,8,bd401aca
yolop_ll,yolop_ll,labels/yolop_ll_seg_val,flat,bdd_lane_gt/val/be00866b-4eba6f90.png,237617496,914,5683,8,abd318a7
yolop_ll,yolop_ll,labels/yolop_ll_seg_val,flat,bdd_lane_gt/val/b82f7901-62715883.png,224125245,162,5307,8,680e2e68
yolop_ll,yolop_ll,labels/yolop_ll_seg_val,flat,bdd_lane_gt/val/b84a1117-3673ce8a.png,223246543,1349,5951,8,82114955
yolop_ll,yolop_ll,labels/yolop_ll_seg_val,flat,bdd_lane_gt/val/b44a7e5f-1db66cfe.png,242887577,2865,6872,8,cc1b9d73
yolop_ll,yolop_ll,labels/yolop_ll_seg_val,flat,bdd_lane_gt/val/c6549c4a-35d928df.png,222884129,1799,6184,8,4c52b6fb
yolop_ll,yolop_ll,labels/yolop_ll_seg_val,flat,bdd_lane_gt/val/bcc84a33-2b38c69f.png,233295907,3029,7096,8,280c850f
yolop_ll,yolop_ll,labels/yolop_ll_seg_val,flat,bdd_lane_gt/val/b743b808-c7c4e44d.png,249022369,2409,6649,8,4a6afb6c
yolop_ll,yolop_ll,labels/yolop_ll_seg_val,flat,bdd_lane_gt/val/b2f48fc3-eda0e217.png,228727322,2141,6473,8,7b5b5f2f
yolop_ll,yolop_ll,labels/yolop_ll_seg_val,flat,bdd_lane_gt/val/c874ddc1-d660401e.png,245981973,162,5307,8,680e2e68
yolop_ll,yolop_ll,labels/yolop_ll_seg_val,flat,bdd_lane_gt/val/ba479cb3-a99a833a.png,224968494,640,5536,8,e0e6bca4
yolop_ll,yolop_ll,labels/yolop_ll_seg_val,flat,bdd_lane_gt/val/c37360b7-70c0e672.png,232026076,4819,8419,8,1ad31610
yolop_ll,yolop_ll,labels/yolop_ll_seg_val,flat,bdd_lane_gt/val/ca25cf74-7cb42159.png,245264084,2017,6290,8,40c50e6a
yolop_ll,yolop_ll,labels/yolop_ll_seg_val,flat,bdd_lane_gt/val/b6741a2c-5fd7704c.png,226159093,2290,6454,8,e452517f
yolop_ll,yolop_ll,labels/yolop_ll_seg_val,flat,bdd_lane_gt/val/c5c7c186-2f98e734.png,240980169,1500,5986,8,88e0f602
yolop_ll,yolop_ll,labels/yolop_ll_seg_val,flat,bdd_lane_gt/val/b35a415a-02526f57.png,232894951,162,5307,8,680e2e68
yolop_ll,yolop_ll,labels/yolop_ll_seg_val,flat,bdd_lane_gt/val/c81f9adc-855868f5.png,233756885,162,5307,8,680e2e68
yolop_ll,yolop_ll,labels/yolop_ll_seg_val,flat,bdd_lane_gt/val/ba147ca3-583de3f4.png,251002461,1013,5721,8,56bde315
yolop_ll,yolop_ll,labels/yolop_ll_seg_val,flat,bdd_lane_gt/val/b5465c6e-5b162b85.png,245091061,325,5386,8,2a3c547b
yolop_ll,yolop_ll,labels/yolop_ll_seg_val,flat,bdd_lane_gt/val/c5a11aec-af855969.png,229044022,1422,6067,8,af631887
yolop_ll,yolop_ll,labels/yolop_ll_seg_val,flat,bdd_lane_gt/val/c94c8cef-e3a67ff5.png,241624082,844,5636,8,a1ce4fc2
yolop_ll,yolop_ll,labels/yolop_ll_seg_val,flat,bdd_lane_gt/val/c1ed2bc1-3d9c0425.png,231975516,162,5307,8,680e2e68
yolop_ll,yolop_ll,labels/yolop_ll_seg_val,flat,bdd_lane_gt/val/c58ace84-1b30e5a5.png,224414444,1485,5982,8,70288aec
yolop_ll,yolop_ll,labels/yolop_ll_seg_val,flat,bdd_lane_gt/val/b8b0554a-ecca669e.png,238509081,2456,6691,8,e4652393
yolop_ll,yolop_ll,labels/yolop_ll_seg_val,flat,bdd_lane_gt/val/b2aefccb-24d289a9.png,227295978,1410,5943,8,63c2a347
yolop_ll,yolop_ll,labels/yolop_ll_seg_val,flat,bdd_lane_gt/val/b2e54795-0a58624f.png,241448861,996,5728,8,41bd9de3
yolop_ll,yolop_ll,labels/yolop_ll_seg_val,flat,bdd_lane_gt/val/bb2f678a-9364842a.png,226625780,1430,5990,8,c71088fc
yolop_ll,yolop_ll,labels/yolop_ll_seg_val,flat,bdd_lane_gt/val/b7dc9921-fcfe3332.png,236112759,2501,6679,8,01176537
yolop_ll,yolop_ll,labels/yolop_ll_seg_val,flat,bdd_lane_gt/val/c1f279ae-67dfd217.png,233134502,404,5418,8,c746cbaf
yolop_ll,yolop_ll,labels/yolop_ll_seg_val,flat,bdd_lane_gt/val/c877ac5b-56eb96fb.png,242128045,4166,7947,8,57b8f915
yolop_ll,yolop_ll,labels/yolop_ll_seg_val,flat,bdd_lane_gt/val/b7dbe50a-3738a448.png,245544591,2986,6985,8,febd14c1
yolop_ll,yolop_ll,labels/yolop_ll_seg_val,flat,bdd_lane_gt/val/bb49071c-4b99a704.png,245990341,162,5307,8,680e2e68
yolop_ll,yolop_ll,labels/yolop_ll_seg_val,flat,bdd_lane_gt/val/b5ecfd7e-fcdaceb0.png,249188418,1884,6215,8,49891dda
yolop_ll,yolop_ll,labels/yolop_ll_seg_val,flat,bdd_lane_gt/val/c2e3fe05-fa312f4d.png,225747694,1614,6129,8,4410871a
yolop_ll,yolop_ll,labels/yolop_ll_seg_val,flat,bdd_lane_gt/val/b5450d0c-ccc3fb86.png,245861239,805,5612,8,0762ffe1
yolop_ll,yolop_ll,labels/yolop_ll_seg_val,flat,bdd_lane_gt/val/c21defc7-61b5e22a.png,237355865,3859,7610,8,5158c3b8
yolop_ll,yolop_ll,labels/yolop_ll_seg_val,flat,bdd_lane_gt/val/bed4ed94-7b8c51c7.png,243245376,3933,7858,8,0362afcf
yolop_ll,yolop_ll,labels/yolop_ll_seg_val,flat,bdd_lane_gt/val/b5046f1e-fa3ac127.png,243680642,3937,7904,8,ce6853fa
yolop_ll,yolop_ll,labels/yolop_ll_seg_val,flat,bdd_lane_gt/val/c7cc0645-95e6a224.png,244405293,4327,8119,8,7a74b66f
yolop_ll,yolop_ll,labels/yolop_ll_seg_val,flat,bdd_lane_gt/val/c7e6d5d1-c8af9fe3.png,250840996,3531,7284,8,c1983d20
yolop_da,yolop_da,labels/yolop_da_seg_val,flat,bdd_seg_gt/val/b1d968b9-ce42734f.png,305725537,4935,8792,8,4361517c
yolop_da,yolop_da,labels/yolop_da_seg_val,flat,bdd_seg_gt/val/b1f4491b-cf446195.png,322373146,7776,10942,8,0cf117ca
yolop_da,yolop_da,labels/yolop_da_seg_val,flat,bdd_seg_gt/val/b1ff4656-0435391e.png,324774370,3369,7514,8,704a3990
yolop_da,yolop_da,labels/yolop_da_seg_val,flat,bdd_seg_gt/val/b204a5c1-064b0040.png,317927880,3397,7380,8,471722d1
yolop_da,yolop_da,labels/yolop_da_seg_val,flat,bdd_seg_gt/val/b2064e61-2beadd45.png,316289462,2897,7029,8,290b93ac
yolop_da,yolop_da,labels/yolop_da_seg_val,flat,bdd_seg_gt/val/b20e291a-6012d836.png,316937859,6412,10017,8,20b52e00
yolop_da,yolop_da,labels/yolop_da_seg_val,flat,bdd_seg_gt/val/b23adb0d-8a7aaced.png,313959241,3215,7356,8,a8f9d99d
yolop_da,yolop_da,labels/yolop_da_seg_val,flat,bdd_seg_gt/val/b23d2079-0c019d8e.png,318990921,5707,9840,8,72f6ce13
yolop_da,yolop_da,labels/yolop_da_seg_val,flat,bdd_seg_gt/val/b780088d-0bf9e946.png,304378948,6084,9579,8,65ccb645
yolop_da,yolop_da,labels/yolop_da_seg_val,flat,bdd_seg_gt/val/b9ecc316-529acd3c.png,307640297,4036,7916,8,9d1c2bb1
yolop_da,yolop_da,labels/yolop_da_seg_val,flat,bdd_seg_gt/val/bc07d865-f526e4d9.png,294298233,4526,8537,8,7014523a
yolop_da,yolop_da,labels/yolop_da_seg_val,flat,bdd_seg_gt/val/bf1af616-e750e7dd.png,313531330,5084,8580,8,27c78383
yolop_da,yolop_da,labels/yolop_da_seg_val,flat,bdd_seg_gt/val/c38cd3f6-c74ca48b.png,308937735,2438,6804,8,e307e011
yolop_da,yolop_da,labels/yolop_da_seg_val,flat,bdd_seg_gt/val/c174a2be-b32a8285.png,325156909,3058,7292,8,a27f3dfd
yolop_da,yolop_da,labels/yolop_da_seg_val,flat,bdd_seg_gt/val/c6468284-3d60a86b.png,321391339,3757,7809,8,f45fbe69
yolop_da,yolop_da,labels/yolop_da_seg_val,flat,bdd_seg_gt/val/b251064f-8d92db81.png,303613671,4970,8536,8,75ff92ec
yolop_da,yolop_da,labels/yolop_da_seg_val,flat,bdd_seg_gt/val/b57a6b0c-531adc6d.png,324623226,2518,6889,8,ac2f74cf
yolop_da,yolop_da,labels/yolop_da_seg_val,flat,bdd_seg_gt/val/b5aa55af-b01f8749.png,315316585,241,5397,8,67de670c
yolop_da,yolop_da,labels/yolop_da_seg_val,flat,bdd_seg_gt/val/c32be69b-f02d6229.png,304159675,3803,7804,8,b95e4e52
yolop_da,yolop_da,labels/yolop_da_seg_val,flat,bdd_seg_gt/val/b5bf322d-0a139ab3.png,291048555,6486,9732,8,a83e5367
yolop_da,yolop_da,labels/yolop_da_seg_val,flat,bdd_seg_gt/val/c72e0355-d4ee4973.png,299410065,2787,6978,8,eee4abaa
yolop_da,yolop_da,labels/yolop_da_seg_val,flat,bdd_seg_gt/val/c5c8a92c-ed6160d8.png,289575006,2922,6958,8,cde6edd4
yolop_da,yolop_da,labels/yolop_da_seg_val,flat,bdd_seg_gt/val/bc3edef9-98053500.png,298572482,2443,6771,8,b463fd70
yolop_da,yolop_da,labels/yolop_da_seg_val,flat,bdd_seg_gt/val/bd355fcc-6e341b88.png,323895397,5084,8928,8,5d7c0bba
yolop_da,yolop_da,labels/yolop_da_seg_val,flat,bdd_seg_gt/val/c1252e1f-c0640ea4.png,292967029,4189,7930,8,95768490
yolop_da,yolop_da,labels/yolop_da_seg_val,flat,bdd_seg_gt/val/c2c5fee5-a8360924.png,327515221,1197,5992,8,812904d5
yolop_da,yolop_da,labels/yolop_da_seg_val,flat,bdd_seg_gt/val/b3e72283-584093dc.png,306428458,241,5397,8,67de670c
yolop_da,yolop_da,labels/yolop_da_seg_val,flat,bdd_seg_gt/val/c44da9b8-ecd04bdd.png,318825606,5473,9056,8,2b10cd16
yolop_da,yolop_da,labels/yolop_da_seg_val,flat,bdd_seg_gt/val/c2e294a9-93e364f0.png,310130732,2740,6891,8,20c0c464
yolop_da,yolop_da,labels/yolop_da_seg_val,flat,bdd_seg_gt/val/c48bcc55-9fc09810.png,297360918,2187,6612,8,b0ff4b2c
yolop_da,yolop_da,labels/yolop_da_seg_val,flat,bdd_seg_gt/val/b836b14a-fb13c905.png,300451236,2194,6429,8,8d93251f
yolop_da,yolop_da,labels/yolop_da_seg_val,flat,bdd_seg_gt/val/c366973d-f5ec8394.png,292031645,4896,8587,8,279dc630
yolop_da,yolop_da,labels/yolop_da_seg_val,flat,bdd_seg_gt/val/b406dc5a-44d22755.png,324448038,3927,7946,8,a07d500d
yolop_da,yolop_da,labels/yolop_da_seg_val,flat,bdd_seg_gt/val/c49c1308-71384f70.png,313724615,2728,6895,8,d0fe965a
yolop_da,yolop_da,labels/yolop_da_seg_val,flat,bdd_seg_gt/val/b77dc345-d1f9b91c.png,294909398,4236,8116,8,0e6b9c64
yolop_da,yolop_da,labels/yolop_da_seg_val,flat,bdd_seg_gt/val/bbd5188d-91d0926f.png,295651339,7023,10394,8,a4ca763e
yolop_da,yolop_da,labels/yolop_da_seg_val,flat,bdd_seg_gt/val/b71bf87d-894c1a21.png,287646786,3751,7836,8,a968ae00
yolop_da,yolop_da,labels/yolop_da_seg_val,flat,bdd_seg_gt/val/c15c29a5-9af1055d.png,323489326,1179,6022,8,a07d94a7
yolop_da,yolop_da,labels/yolop_da_seg_val,flat,bdd_seg_gt/val/c5a0ad25-ce65688e.png,325212361,5729,9475,8,b01337a7
yolop_da,yolop_da,labels/yolop_da_seg_val,flat,bdd_seg_gt/val/bac391de-5885bad6.png,293881782,5304,9064,8,56bbbc8d
yolop_da,yolop_da,labels/yolop_da_seg_val,flat,bdd_seg_gt/val/ba2e8c76-9064d1ee.png,308106078,2524,7042,8,f40d1230
yolop_da,yolop_da,labels/yolop_da_seg_val,flat,bdd_seg_gt/val/b54a8089-aa62f142.png,310184125,4153,7796,8,3dc1864e
yolop_da,yolop_da,labels/yolop_da_seg_val,flat,bdd_seg_gt/val/c350632d-75a312d1.png,312837210,2251,6653,8,d28822d0
yolop_da,yolop_da,labels/yolop_da_seg_val,flat,bdd_seg_gt/val/c836f138-aa4d7408.png,322744968,2760,6795,8,c2cff69e
yolop_da,yolop_da,labels/yolop_da_seg_val,flat,bdd_seg_gt/val/b857eb06-4601a3a0.png,312554294,3763,7634,8,464d74f1
yolop_da,yolop_da,labels/yolop_da_seg_val,flat,bdd_seg_gt/val/c85d3c7e-4501e8b4.png,316828158,4363,8378,8,1dbc6b19
yolop_da,yolop_da,labels/yolop_da_seg_val,flat,bdd_seg_gt/val/bdf775d9-3cb15a15.png,289332321,3287,7489,8,b79753b6
yolop_da,yolop_da,labels/yolop_da_seg_val,flat,bdd_seg_gt/val/b20e291a-32ac11c1.png,293756982,4194,8128,8,2e446d9f
yolop_da,yolop_da,labels/yolop_da_seg_val,flat,bdd_seg_gt/val/c0677163-b0154931.png,293087407,5067,8905,8,6be6b02c
yolop_da,yolop_da,labels/yolop_da_seg_val,flat,bdd_seg_gt/val/c143af06-2e9cba65.png,292507812,2565,6887,8,26e78c16
yolop_da,yolop_da,labels/yolop_da_seg_val,flat,bdd_seg_gt/val/bec7b5c0-36069512.png,309021121,2270,6723,8,87e599e0
yolop_da,yolop_da,labels/yolop_da_seg_val,flat,bdd_seg_gt/val/c96e0b6a-7d3c5b31.png,294883801,4223,7925,8,8c78bf71
yolop_da,yolop_da,labels/yolop_da_seg_val,flat,bdd_seg_gt/val/b7c48676-d61a6e81.png,299892369,4367,8282,8,a1239451
yolop_da,yolop_da,labels/yolop_da_seg_val,flat,bdd_seg_gt/val/b289f2e8-cec8700d.png,302239540,5784,9434,8,7c89a882
yolop_da,yolop_da,labels/yolop_da_seg_val,flat,bdd_seg_gt/val/c1f39934-717857b3.png,304055676,3068,7175,8,a8e48f02
yolop_da,yolop_da,labels/yolop_da_seg_val,flat,bdd_seg_gt/val/b71bf87d-528e531c.png,327420362,241,5397,8,67de670c
yolop_da,yolop_da,labels/yolop_da_seg_val,flat,bdd_seg_gt/val/c8bd76fd-1fda46a5.png,326775520,241,5397,8,67de670c
yolop_da,yolop_da,labels/yolop_da_seg_val,flat,bdd_seg_gt/val/b38f59d4-58f1cff8.png,319409166,241,5397,8,67de670c
yolop_da,yolop_da,labels/yolop_da_seg_val,flat,bdd_seg_gt/val/b4b581ea-93722c60.png,297002509,8759,11841,8,8e33b8ea
yolop_da,yolop_da,labels/yolop_da_seg_val,flat,bdd_seg_gt/val/c63f6bb5-e23a253e.png,304519564,5562,9485,8,85632ffc
yolop_da,yolop_da,labels/yolop_da_seg_val,flat,bdd_seg_gt/val/c174b1bd-ff23da83.png,299511741,4148,8188,8,f5fa62ab
yolop_da,yolop_da,labels/yolop_da_seg_val,flat,bdd_seg_gt/val/c82ab19a-455ba0d8.png,318339372,5972,9668,8,8fd0cf4b
yolop_da,yolop_da,labels/yolop_da_seg_val,flat,bdd_seg_gt/val/be94df25-464ac4f8.png,314389208,6654,10078,8,90d90274
yolop_da,yolop_da,labels/yolop_da_seg_val,flat,bdd_seg_gt/val/c02fb811-03f28b56.png,303372386,5898,9703,8,db62a091
yolop_da,yolop_da,labels/yolop_da_seg_val,flat,bdd_seg_gt/val/ca068cb6-1418f2fb.png,312346111,6885,10577,8,c35ff764
yolop_da,yolop_da,labels/yolop_da_seg_val,flat,bdd_seg_gt/val/c7fe62b1-831805d0.png,289423806,3695,7842,8,a91d7f2c
yolop_da,yolop_da,labels/yolop_da_seg_val,flat,bdd_seg_gt/val/c4a1065b-ec1e76ba.png,309691374,4395,8099,8,e0b86e82
yolop_da,yolop_da,labels/yolop_da_seg_val,flat,bdd_seg_gt/val/bff1a1d0-5a57063a.png,298499168,3408,7311,8,dedb92f6
yolop_da,yolop_da,labels/yolop_da_seg_val,flat,bdd_seg_gt/val/b1df722f-5bcc3db7.png,306919330,5012,9044,8,02c78a52
yolop_da,yolop_da,labels/yolop_da_seg_val,flat,bdd_seg_gt/val/b2b32394-e46669cb.png,293781015,3392,7519,8,70e6a9c2
yolop_da,yolop_da,labels/yolop_da_seg_val,flat,bdd_seg_gt/val/c730a403-03ecee1b.png,300417856,3494,7475,8,0b72ba14
yolop_da,yolop_da,labels/yolop_da_seg_val,flat,bdd_seg_gt/val/b8ecdc10-763b27b8.png,317659881,3931,7860,8,3354651b
yolop_da,yolop_da,labels/yolop_da_seg_val,flat,bdd_seg_gt/val/c81afdad-8b689a37.png,301547848,3879,8137,8,294d7231
yolop_da,yolop_da,labels/yolop_da_seg_val,flat,bdd_seg_gt/val/c4cebcf0-c8c73eb8.png,308819703,5799,9381,8,c3c076ca
yolop_da,yolop_da,labels/yolop_da_seg_val,flat,bdd_seg_gt/val/c51c4c12-e9006511.png,320385891,3297,7496,8,f4472780
yolop_da,yolop_da,labels/yolop_da_seg_val,flat,bdd_seg_gt/val/c146d100-92fd1b9f.png,301769716,2766,6970,8,3ca4c47d
yolop_da,yolop_da,labels/yolop_da_seg_val,flat,bdd_seg_gt/val/ca068cb6-e29842f7.png,316992894,3872,7762,8,c477c1a8
yolop_da,yolop_da,labels/yolop_da_seg_val,flat,bdd_seg_gt/val/c146d100-cb76d05b.png,315843268,9983,13278,8,25dc69ff
yolop_da,yolop_da,labels/yolop_da_seg_val,flat,bdd_seg_gt/val/c65d48bf-92b77f49.png,317061159,4364,8209,8,9309930b
yolop_da,yolop_da,labels/yolop_da_seg_val,flat,bdd_seg_gt/val/c56c7249-f70c6c33.png,309471852,6965,10551,8,bdd170c5
yolop_da,yolop_da,labels/yolop_da_seg_val,flat,bdd_seg_gt/val/c1fa7950-56a78519.png,325952116,3347,7461,8,fff8b413
yolop_da,yolop_da,labels/yolop_da_seg_val,flat,bdd_seg_gt/val/b3223c85-fccaf29d.png,319936779,6290,9934,8,b3984c4f
yolop_da,yolop_da,labels/yolop_da_seg_val,flat,bdd_seg_gt/val/c5e8ab3b-6e92761c.png,312236324,3734,7731,8,97ff2590
yolop_da,yolop_da,labels/yolop_da_seg_val,flat,bdd_seg_gt/val/c8e01103-9ff8595d.png,299045799,5342,9001,8,aed2787e
yolop_da,yolop_da,labels/yolop_da_seg_val,flat,bdd_seg_gt/val/c89bec33-797b5aca.png,291104154,6370,9900,8,6bb8b977
yolop_da,yolop_da,labels/yolop_da_seg_val,flat,bdd_seg_gt/val/c51ec845-75af36d3.png,306156618,874,5790,8,43ca1535
yolop_da,yolop_da,labels/yolop_da_seg_val,flat,bdd_seg_gt/val/bcaa771b-806e4fcd.png,289536379,2709,6957,8,773d07f7
yolop_da,yolop_da,labels/yolop_da_seg_val,flat,bdd_seg_gt/val/c6959e96-6c064011.png,314425622,5149,9150,8,fdc3eca0
yolop_da,yolop_da,labels/yolop_da_seg_val,flat,bdd_seg_gt/val/c6c8c8a2-cb166bb4.png,304660935,4413,8549,8,22c069c8
yolop_da,yolop_da,labels/yolop_da_seg_val,flat,bdd_seg_gt/val/beef90ca-dd806a38.png,286895390,4762,8354,8,032963fc
yolop_da,yolop_da,labels/yolop_da_seg_val,flat,bdd_seg_gt/val/b7341ecf-4be3bdcb.png,301609765,3266,7251,8,05a13ba1
yolop_da,yolop_da,labels/yolop_da_seg_val,flat,bdd_seg_gt/val/b8c21917-b001727c.png,313953052,2619,7021,8,312a8293
yolop_da,yolop_da,labels/yolop_da_seg_val,flat,bdd_seg_gt/val/b472aeb8-f6353af9.png,325777209,3399,7365,8,1df281f2
yolop_da,yolop_da,labels/yolop_da_seg_val,flat,bdd_seg_gt/val/b26327fe-3ac19999.png,315918591,4357,8342,8,ced74d11
yolop_da,yolop_da,labels/yolop_da_seg_val,flat,bdd_seg_gt/val/c0677163-39c6f234.png,302924998,2519,6808,8,60d2d371
yolop_da,yolop_da,labels/yolop_da_seg_val,flat,bdd_seg_gt/val/bd5e847a-fff41819.png,323655874,2408,6768,8,246272f6
yolop_da,yolop_da,labels/yolop_da_seg_val,flat,bdd_seg_gt/val/b5948795-913b4fee.png,324442723,4886,8471,8,0a947fff
yolop_da,yolop_da,labels/yolop_da_seg_val,flat,bdd_seg_gt/val/c2dba16e-9ead0a99.png,308772543,4437,8177,8,f8251c42
yolop_da,yolop_da,labels/yolop_da_seg_val,flat,bdd_seg_gt/val/bea4ac92-340863d9.png,313985157,3709,7684,8,0f71823a
yolop_da,yolop_da,labels/yolop_da_seg_val,flat,bdd_seg_gt/val/c0c23a94-f2f15c15.png,290922605,3083,7221,8,22329aa6
yolop_da,yolop_da,labels/yolop_da_seg_val,flat,bdd_seg_gt/val/bceeedca-f0bf8606.png,318653070,2913,7093,8,ab65990f
yolop_da,yolop_da,labels/yolop_da_seg_val,flat,bdd_seg_gt/val/c23551ce-34508f75.png,298164336,3488,7429,8,561781eb
yolop_da,yolop_da,labels/yolop_da_seg_val,flat,bdd_seg_gt/val/b85a3ec7-4296bad6.png,315913212,3392,7457,8,d88e86e7
yolop_da,yolop_da,labels/yolop_da_seg_val,flat,bdd_seg_gt/val/bde48a59-81b1f93a.png,291473174,3395,7415,8,0fb903ff
yolop_da,yolop_da,labels/yolop_da_seg_val,flat,bdd_seg_gt/val/c51c4c12-3ccdcd61.png,298229825,3898,7834,8,aadb0551
yolop_da,yolop_da,labels/yolop_da_seg_val,flat,bdd_seg_gt/val/c60deb3c-d8219cc9.png,318248684,3816,7754,8,b6c9bd52
yolop_da,yolop_da,labels/yolop_da_seg_val,flat,bdd_seg_gt/val/bf5ea8d2-94c28266.png,324647755,3451,7526,8,13d0d332
yolop_da,yolop_da,labels/yolop_da_seg_val,flat,bdd_seg_gt/val/c1fbed4d-18be096c.png,292069982,2767,6989,8,c6a07f83
yolop_da,yolop_da,labels/yolop_da_seg_val,flat,bdd_seg_gt/val/fe1b92a1-faaaa1eb.png,306254440,3494,7410,8,7a73554a
yolop_da,yolop_da,labels/yolop_da_seg_val,flat,bdd_seg_gt/val/ba9a0c7f-77967cea.png,303505227,3559,7571,8,eb676b7a
yolop_da,yolop_da,labels/yolop_da_seg_val,flat,bdd_seg_gt/val/b4f360ca-78e0a64c.png,294376886,6471,9910,8,e92dbd44
yolop_da,yolop_da,labels/yolop_da_seg_val,flat,bdd_seg_gt/val/c2313d3a-69748e1a.png,313283699,3437,7534,8,281f90bb
yolop_da,yolop_da,labels/yolop_da_seg_val,flat,bdd_seg_gt/val/b1fbf878-b31a8293.png,288284208,4335,8396,8,8234dd53
yolop_da,yolop_da,labels/yolop_da_seg_val,flat,bdd_seg_gt/val/b6aa41ba-04780705.png,314044699,7282,10612,8,b90de90d
yolop_da,yolop_da,labels/yolop_da_seg_val,flat,bdd_seg_gt/val/bb1b7e42-b17da5d0.png,287626775,3976,7969,8,6cce5540
yolop_da,yolop_da,labels/yolop_da_seg_val,flat,bdd_seg_gt/val/b2d502aa-64d3e228.png,312801565,2690,7272,8,13a5247e
yolop_da,yolop_da,labels/yolop_da_seg_val,flat,bdd_seg_gt/val/c4fa3b0a-29b96446.png,320413428,6666,10161,8,20474bc3
yolop_da,yolop_da,labels/yolop_da_seg_val,flat,bdd_seg_gt/val/b603f785-b94d2adc.png,325932997,241,5397,8,67de670c
yolop_da,yolop_da,labels/yolop_da_seg_val,flat,bdd_seg_gt/val/c2021f20-46a5823b.png,304408128,4130,7908,8,0441e817
yolop_da,yolop_da,labels/yolop_da_seg_val,flat,bdd_seg_gt/val/b99f250d-97172b16.png,291157507,2894,7080,8,fde05486
yolop_da,yolop_da,labels/yolop_da_seg_val,flat,bdd_seg_gt/val/c6cde742-d52d93a3.png,307489888,6538,10159,8,37555c91
yolop_da,yolop_da,labels/yolop_da_seg_val,flat,bdd_seg_gt/val/b4f65b32-ff644e07.png,296077905,3859,7633,8,dece60f7
yolop_da,yolop_da,labels/yolop_da_seg_val,flat,bdd_seg_gt/val/bf62df05-874604fe.png,315127892,2006,6512,8,d8cb09b2
yolop_da,yolop_da,labels/yolop_da_seg_val,flat,bdd_seg_gt/val/c420873f-c5ec4d87.png,293320817,3012,7042,8,ad49d6d9
yolop_da,yolop_da,labels/yolop_da_seg_val,flat,bdd_seg_gt/val/b93942f9-441a4817.png,314776245,4795,8631,8,44a5357c
yolop_da,yolop_da,labels/yolop_da_seg_val,flat,bdd_seg_gt/val/c683d905-eca9ea1a.png,312503766,3483,7412,8,2292fb85
yolop_da,yolop_da,labels/yolop_da_seg_val,flat,bdd_seg_gt/val/c71090cc-df17811c.png,318495918,1733,6371,8,fa8c10e4
yolop_da,yolop_da,labels/yolop_da_seg_val,flat,bdd_seg_gt/val/bea3ece7-e73287ff.png,288038346,7098,10451,8,1aa560c4
yolop_da,yolop_da,labels/yolop_da_seg_val,flat,bdd_seg_gt/val/bc574681-b63afd9b.png,303479233,4070,7879,8,00fc9529
yolop_da,yolop_da,labels/yolop_da_seg_val,flat,bdd_seg_gt/val/bdeec3db-d7908ef3.png,326318806,2611,6935,8,ca7b5232
yolop_da,yolop_da,labels/yolop_da_seg_val,flat,bdd_seg_gt/val/b40669bb-19958f9a.png,298459722,2418,6742,8,20340a8f
yolop_da,yolop_da,labels/yolop_da_seg_val,flat,bdd_seg_gt/val/b5e3b8c6-e50a2999.png,307673740,6670,10078,8,af202eb7
yolop_da,yolop_da,labels/yolop_da_seg_val,flat,bdd_seg_gt/val/c614250f-060df27c.png,292424709,4223,8227,8,dd01e0e5
yolop_da,yolop_da,labels/yolop_da_seg_val,flat,bdd_seg_gt/val/bd4a61fd-fb447d72.png,300691863,6078,9649,8,9b70c8a7
yolop_da,yolop_da,labels/yolop_da_seg_val,flat,bdd_seg_gt/val/c9fa0253-3a8bc597.png,289369728,3578,7597,8,8b56c403
yolop_da,yolop_da,labels/yolop_da_seg_val,flat,bdd_seg_gt/val/bbc06e30-cc607874.png,308477967,2440,6755,8,72a730b6
yolop_da,yolop_da,labels/yolop_da_seg_val,flat,bdd_seg_gt/val/c5caf169-3010206a.png,286756458,5915,9555,8,7609079b
yolop_da,yolop_da,labels/yolop_da_seg_val,flat,bdd_seg_gt/val/c1de2ece-26433e37.png,304207959,1526,6247,8,b35249ca
yolop_da,yolop_da,labels/yolop_da_seg_val,flat,bdd_seg_gt/val/bc16f8e9-930d98ee.png,290229947,4675,8603,8,2f6525c2
yolop_da,yolop_da,labels/yolop_da_seg_val,flat,bdd_seg_gt/val/bec5aa0b-27aa89d9.png,298322142,4861,8808,8,3d87c192
yolop_da,yolop_da,labels/yolop_da_seg_val,flat,bdd_seg_gt/val/c9c9235f-2215a6b7.png,290133187,241,5397,8,67de670c
yolop_da,yolop_da,labels/yolop_da_seg_val,flat,bdd_seg_gt/val/c3f50821-9998804f.png,316864045,2438,6847,8,d07b97a1
yolop_da,yolop_da,labels/yolop_da_seg_val,flat,bdd_seg_gt/val/bf77e9b1-717cbd2c.png,305526014,4416,8421,8,aa7b1f43
yolop_da,yolop_da,labels/yolop_da_seg_val,flat,bdd_seg_gt/val/c57906c2-9696bf52.png,319848862,4488,8371,8,7ce4e42c
yolop_da,yolop_da,labels/yolop_da_seg_val,flat,bdd_seg_gt/val/c3639d96-d284eda4.png,302357305,2716,6929,8,dd1d8532
yolop_da,yolop_da,labels/yolop_da_seg_val,flat,bdd_seg_gt/val/c39375fb-153bf02b.png,311049153,3750,7624,8,a776e256
yolop_da,yolop_da,labels/yolop_da_seg_val,flat,bdd_seg_gt/val/bb52662e-0257c8b3.png,297207422,3237,7308,8,63d26b40
yolop_da,yolop_da,labels/yolop_da_seg_val,flat,bdd_seg_gt/val/b54735e3-b251b872.png,298771108,4051,7638,8,dbb65652
yolop_da,yolop_da,labels/yolop_da_seg_val,flat,bdd_seg_gt/val/c51a2815-5d5e6d1a.png,288612876,7191,10574,8,e31fa174
yolop_da,yolop_da,labels/yolop_da_seg_val,flat,bdd_seg_gt/val/c11fb0c4-16ba72ea.png,287978101,5316,8959,8,6e10ab63
yolop_da,yolop_da,labels/yolop_da_seg_val,flat,bdd_seg_gt/val/b4f59eb4-2992dd6d.png,309796415,5635,9426,8,c0595993
yolop_da,yolop_da,labels/yolop_da_seg_val,flat,bdd_seg_gt/val/c65628b7-0a11aa60.png,314924107,3945,7718,8,c223928e
yolop_da,yolop_da,labels/yolop_da_seg_val,flat,bdd_seg_gt/val/b55569e8-282a99fe.png,294568633,5105,8767,8,2ff163cb
yolop_da,yolop_da,labels/yolop_da_seg_val,flat,bdd_seg_gt/val/b2cf78ec-6043f571.png,292184648,7205,10553,8,24aec40d
yolop_da,yolop_da,labels/yolop_da_seg_val,flat,bdd_seg_gt/val/b64e5796-3aa7adc0.png,323623968,5391,9130,8,a3bdb9a5
yolop_da,yolop_da,labels/yolop_da_seg_val,flat,bdd_seg_gt/val/c732f6d7-2a52f70b.png,322359337,5944,9468,8,afd2fbfb
yolop_da,yolop_da,labels/yolop_da_seg_val,flat,bdd_seg_gt/val/c6265010-8caa470f.png,303424288,6425,10125,8,445e37b8
yolop_da,yolop_da,labels/yolop_da_seg_val,flat,bdd_seg_gt/val/b5dec5e7-8066e35c.png,321641241,3750,7626,8,619d7ff0
yolop_da,yolop_da,labels/yolop_da_seg_val,flat,bdd_seg_gt/val/c1f74dbc-21fc10db.png,295462469,4852,8698,8,dc1303ea
yolop_da,yolop_da,labels/yolop_da_seg_val,flat,bdd_seg_gt/val/bfb60a50-6a338fe9.png,313493330,4361,8514,8,50747ed9
yolop_da,yolop_da,labels/yolop_da_seg_val,flat,bdd_seg_gt/val/c39375fb-ecf20028.png,325603141,3658,7691,8,7a8d2b6f
yolop_da,yolop_da,labels/yolop_da_seg_val,flat,bdd_seg_gt/val/c2a26f9b-634ed98f.png,301452486,4934,8805,8,50484181
yolop_da,yolop_da,labels/yolop_da_seg_val,flat,bdd_seg_gt/val/c345715a-b532f7a9.png,291238250,5233,8883,8,7b1a4b3a
yolop_da,yolop_da,labels/yolop_da_seg_val,flat,bdd_seg_gt/val/b2860d72-0b43e851.png,324577711,7624,11179,8,fbcbdbf2
yolop_da,yolop_da,labels/yolop_da_seg_val,flat,bdd_seg_gt/val/c587df13-09f601eb.png,292955564,3345,7425,8,f30403d1
yolop_da,yolop_da,labels/yolop_da_seg_val,flat,bdd_seg_gt/val/b75f814e-f533da40.png,316901965,5848,9297,8,83f19e92
yolop_da,yolop_da,labels/yolop_da_seg_val,flat,bdd_seg_gt/val/bd21d7a7-85941f4d.png,317436947,6087,9924,8,89f60218
yolop_da,yolop_da,labels/yolop_da_seg_val,flat,bdd_seg_gt/val/c82e10a6-a19ceb0b.png,304031973,3152,7462,8,19670ee2
yolop_da,yolop_da,labels/yolop_da_seg_val,flat,bdd_seg_gt/val/c38bdba6-181f8cfa.png,327094574,3434,7517,8,ea38564d
yolop_da,yolop_da,labels/yolop_da_seg_val,flat,bdd_seg_gt/val/bf482378-efc17f31.png,298553208,7358,10824,8,c8b57e8e
yolop_da,yolop_da,labels/yolop_da_seg_val,flat,bdd_seg_gt/val/b7b3a558-45775f2e.png,288944687,5225,8929,8,ae036f0d
yolop_da,yolop_da,labels/yolop_da_seg_val,flat,bdd_seg_gt/val/c3968de8-21d6c364.png,312662206,6299,9353,8,47195239
yolop_da,yolop_da,labels/yolop_da_seg_val,flat,bdd_seg_gt/val/c784941b-8eb5d07c.png,311954190,2953,7026,8,042a7e05
yolop_da,yolop_da,labels/yolop_da_seg_val,flat,bdd_seg_gt/val/c5dd7a2a-bab83a60.png,308643729,3887,7805,8,0aa0566a
yolop_da,yolop_da,labels/yolop_da_seg_val,flat,bdd_seg_gt/val/be66a004-91dbe123.png,299090789,3337,7058,8,91fd0011
yolop_da,yolop_da,labels/yolop_da_seg_val,flat,bdd_seg_gt/val/c45cf21f-c11847dd.png,301573508,3973,7690,8,d38c7b82
yolop_da,yolop_da,labels/yolop_da_seg_val,flat,bdd_seg_gt/val/b90d0148-2d15443f.png,303400484,2061,6427,8,a247c998
yolop_da,yolop_da,labels/yolop_da_seg_val,flat,bdd_seg_gt/val/b5d6e647-12d214ab.png,301135228,2672,6930,8,a3f611f9
yolop_da,yolop_da,labels/yolop_da_seg_val,flat,bdd_seg_gt/val/c16e5581-3e798354.png,305345776,2259,6746,8,ca0a58bb
yolop_da,yolop_da,labels/yolop_da_seg_val,flat,bdd_seg_gt/val/c3df354d-407d442c.png,305536999,3372,7323,8,dba84494
yolop_da,yolop_da,labels/yolop_da_seg_val,flat,bdd_seg_gt/val/b99c5931-81b850be.png,290249707,2080,6478,8,4c4f8501
yolop_da,yolop_da,labels/yolop_da_seg_val,flat,bdd_seg_gt/val/c60144b6-74583c0d.png,302360115,5680,9527,8,dfa74946
yolop_da,yolop_da,labels/yolop_da_seg_val,flat,bdd_seg_gt/val/bd0380e5-846f84bb.png,291243577,6655,10097,8,0b93c987
yolop_da,yolop_da,labels/yolop_da_seg_val,flat,bdd_seg_gt/val/c5cc1219-49036234.png,311247533,3648,7662,8,b71aba55
yolop_da,yolop_da,labels/yolop_da_seg_val,flat,bdd_seg_gt/val/c8a5ddd2-9c3962bd.png,308673683,7831,11087,8,1277c7e4
yolop_da,yolop_da,labels/yolop_da_seg_val,flat,bdd_seg_gt/val/b332df78-28a61de0.png,318141112,4446,8249,8,770b05f6
yolop_da,yolop_da,labels/yolop_da_seg_val,flat,bdd_seg_gt/val/b97b9ee8-8fbf044e.png,322883584,5874,9648,8,4e11c3ba
yolop_da,yolop_da,labels/yolop_da_seg_val,flat,bdd_seg_gt/val/b1d10d08-5b108225.png,318091351,5035,8703,8,4aa7eef8
yolop_da,yolop_da,labels/yolop_da_seg_val,flat,bdd_seg_gt/val/bb3bb8c0-4fa74f43.png,300596975,3728,7709,8,3ddbe2b0
yolop_da,yolop_da,labels/yolop_da_seg_val,flat,bdd_seg_gt/val/b63f0379-f0b444b5.png,290761713,4536,8470,8,64134138
yolop_da,yolop_da,labels/yolop_da_seg_val,flat,bdd_seg_gt/val/c8eeb9c9-d3212cfe.png,311655250,5854,9739,8,1d8aa546
yolop_da,yolop_da,labels/yolop_da_seg_val,flat,bdd_seg_gt/val/b94eb13b-6189d792.png,289187166,5871,9674,8,66ba7fd8
yolop_da,yolop_da,labels/yolop_da_seg_val,flat,bdd_seg_gt/val/c179d309-bbf612b9.png,314359673,3064,7278,8,ea39548f
yolop_da,yolop_da,labels/yolop_da_seg_val,flat,bdd_seg_gt/val/c37b8378-9c23f3b3.png,311863518,4412,8541,8,fe6f640d
yolop_da,yolop_da,labels/yolop_da_seg_val,flat,bdd_seg_gt/val/c1c91c87-beecba09.png,306902214,4690,8364,8,c7285871
yolop_da,yolop_da,labels/yolop_da_seg_val,flat,bdd_seg_gt/val/c60327b4-f096274e.png,327298533,2190,6603,8,e197a6c8
yolop_da,yolop_da,labels/yolop_da_seg_val,flat,bdd_seg_gt/val/bbf2ad0f-5458cb78.png,298237620,5087,8795,8,c920841e
yolop_da,yolop_da,labels/yolop_da_seg_val,flat,bdd_seg_gt/val/bbe207fc-fdb1b49f.png,298511309,6658,10031,8,c6fc5636
yolop_da,yolop_da,labels/yolop_da_seg_val,flat,bdd_seg_gt/val/c3e986e8-1d7a6ddc.png,323920982,4444,8287,8,8ea2a4a7
yolop_da,yolop_da,labels/yolop_da_seg_val,flat,bdd_seg_gt/val/c8ef6dea-8a327e57.png,290330589,5829,9444,8,42d2c8b9
yolop_da,yolop_da,labels/yolop_da_seg_val,flat,bdd_seg_gt/val/bb6575eb-90478df6.png,287348626,4655,8677,8,d53edf67
yolop_da,yolop_da,labels/yolop_da_seg_val,flat,bdd_seg_gt/val/b305fc0b-ec8916d5.png,318559705,3201,7146,8,e33fb2c5
yolop_da,yolop_da,labels/yolop_da_seg_val,flat,bdd_seg_gt/val/b7205754-4faa3862.png,306028084,4811,8699,8,0891d278
yolop_da,yolop_da,labels/yolop_da_seg_val,flat,bdd_seg_gt/val/c86c1d47-6c425e8f.png,296039524,5841,9274,8,ff39a1c1
yolop_da,yolop_da,labels/yolop_da_seg_val,flat,bdd_seg_gt/val/bbc0f7ea-3435af88.png,298851515,5599,9232,8,d1452b2d
yolop_da,yolop_da,labels/yolop_da_seg_val,flat,bdd_seg_gt/val/bf7e1159-054559d2.png,302562437,6337,10122,8,61d6f956
yolop_da,yolop_da,labels/yolop_da_seg_val,flat,bdd_seg_gt/val/c75a249b-f1341238.png,300305634,5548,9086,8,eab2ee99
yolop_da,yolop_da,labels/yolop_da_seg_val,flat,bdd_seg_gt/val/c249fd49-2b590a59.png,313624440,3924,7945,8,0467976a
yolop_da,yolop_da,labels/yolop_da_seg_val,flat,bdd_seg_gt/val/bf29e65c-53d90f54.png,325231907,3531,7453,8,3316f3a0
yolop_da,yolop_da,labels/yolop_da_seg_val,flat,bdd_seg_gt/val/c953eb9b-25d6c90f.png,313382523,2977,7159,8,33007ebf
yolop_da,yolop_da,labels/yolop_da_seg_val,flat,bdd_seg_gt/val/bd46bba0-2990928d.png,294789913,4898,8761,8,db5a8db9
yolop_da,yolop_da,labels/yolop_da_seg_val,flat,bdd_seg_gt/val/be00866b-4eba6f90.png,308045774,3403,7459,8,9d75db9f
yolop_da,yolop_da,labels/yolop_da_seg_val,flat,bdd_seg_gt/val/b82f7901-62715883.png,288504967,2908,7178,8,71a78bf5
yolop_da,yolop_da,labels/yolop_da_seg_val,flat,bdd_seg_gt/val/b84a1117-3673ce8a.png,287247318,2163,6568,8,a74066f5
yolop_da,yolop_da,labels/yolop_da_seg_val,flat,bdd_seg_gt/val/b44a7e5f-1db66cfe.png,315675051,5832,9443,8,c7f1cf2d
yolop_da,yolop_da,labels/yolop_da_seg_val,flat,bdd_seg_gt/val/c6549c4a-35d928df.png,286730818,2944,7118,8,a7bfef54
yolop_da,yolop_da,labels/yolop_da_seg_val,flat,bdd_seg_gt/val/bcc84a33-2b38c69f.png,301753410,3568,7756,8,19e699d8
yolop_da,yolop_da,labels/yolop_da_seg_val,flat,bdd_seg_gt/val/b743b808-c7c4e44d.png,324452059,3061,7126,8,a76c6430
yolop_da,yolop_da,labels/yolop_da_seg_val,flat,bdd_seg_gt/val/b2f48fc3-eda0e217.png,295131876,2855,7193,8,9790719d
yolop_da,yolop_da,labels/yolop_da_seg_val,flat,bdd_seg_gt/val/c874ddc1-d660401e.png,320168024,241,5397,8,67de670c
yolop_da,yolop_da,labels/yolop_da_seg_val,flat,bdd_seg_gt/val/ba479cb3-a99a833a.png,289719944,3976,7648,8,70506e24
yolop_da,yolop_da,labels/yolop_da_seg_val,flat,bdd_seg_gt/val/c37360b7-70c0e672.png,299905798,5548,9193,8,5fe045b9
yolop_da,yolop_da,labels/yolop_da_seg_val,flat,bdd_seg_gt/val/ca25cf74-7cb42159.png,319110399,4664,8499,8,22ce70bc
yolop_da,yolop_da,labels/yolop_da_seg_val,flat,bdd_seg_gt/val/b6741a2c-5fd7704c.png,291428100,3333,7510,8,066f5e85
yolop_da,yolop_da,labels/yolop_da_seg_val,flat,bdd_seg_gt/val/c5c7c186-2f98e734.png,312899133,5577,9242,8,c935f61b
yolop_da,yolop_da,labels/yolop_da_seg_val,flat,bdd_seg_gt/val/b35a415a-02526f57.png,301134893,241,5397,8,67de670c
yolop_da,yolop_da,labels/yolop_da_seg_val,flat,bdd_seg_gt/val/c81f9adc-855868f5.png,302423679,2309,6599,8,53b1f7f5
yolop_da,yolop_da,labels/yolop_da_seg_val,flat,bdd_seg_gt/val/ba147ca3-583de3f4.png,327277038,3903,7872,8,5ea6c6c6
yolop_da,yolop_da,labels/yolop_da_seg_val,flat,bdd_seg_gt/val/b5465c6e-5b162b85.png,318857345,2497,6806,8,8dd1b0d8
yolop_da,yolop_da,labels/yolop_da_seg_val,flat,bdd_seg_gt/val/c5a11aec-af855969.png,295587435,3428,7636,8,af983851
yolop_da,yolop_da,labels/yolop_da_seg_val,flat,bdd_seg_gt/val/c94c8cef-e3a67ff5.png,313831093,3401,7319,8,e9742e3c
yolop_da,yolop_da,labels/yolop_da_seg_val,flat,bdd_seg_gt/val/c1ed2bc1-3d9c0425.png,299833511,241,5397,8,67de670c
yolop_da,yolop_da,labels/yolop_da_seg_val,flat,bdd_seg_gt/val/c58ace84-1b30e5a5.png,288933359,3465,7640,8,54e276c4
yolop_da,yolop_da,labels/yolop_da_seg_val,flat,bdd_seg_gt/val/b8b0554a-ecca669e.png,309351642,4342,8226,8,e2ee3cea
yolop_da,yolop_da,labels/yolop_da_seg_val,flat,bdd_seg_gt/val/b2aefccb-24d289a9.png,293078932,5223,9008,8,564585b9
yolop_da,yolop_da,labels/yolop_da_seg_val,flat,bdd_seg_gt/val/b2e54795-0a58624f.png,313573664,3630,7444,8,933c81fc
yolop_da,yolop_da,labels/yolop_da_seg_val,flat,bdd_seg_gt/val/bb2f678a-9364842a.png,292104261,5082,8586,8,ccdcb653
yolop_da,yolop_da,labels/yolop_da_seg_val,flat,bdd_seg_gt/val/b7dc9921-fcfe3332.png,305883595,2969,7148,8,b1db92c0
yolop_da,yolop_da,labels/yolop_da_seg_val,flat,bdd_seg_gt/val/c1f279ae-67dfd217.png,301490665,3063,7381,8,3e0ab73e
yolop_da,yolop_da,labels/yolop_da_seg_val,flat,bdd_seg_gt/val/c877ac5b-56eb96fb.png,314557673,3664,7772,8,d06a6587
yolop_da,yolop_da,labels/yolop_da_seg_val,flat,bdd_seg_gt/val/b7dbe50a-3738a448.png,319525589,3578,7536,8,4b8d0941
yolop_da,yolop_da,labels/yolop_da_seg_val,flat,bdd_seg_gt/val/bb49071c-4b99a704.png,320178928,3379,7522,8,fee16a75
yolop_da,yolop_da,labels/yolop_da_seg_val,flat,bdd_seg_gt/val/b5ecfd7e-fcdaceb0.png,324700601,3706,7472,8,8bf1d0fc
yolop_da,yolop_da,labels/yolop_da_seg_val,flat,bdd_seg_gt/val/c2e3fe05-fa312f4d.png,290831535,241,5397,8,67de670c
yolop_da,yolop_da,labels/yolop_da_seg_val,flat,bdd_seg_gt/val/b5450d0c-ccc3fb86.png,320011565,1770,6331,8,2526832e
yolop_da,yolop_da,labels/yolop_da_seg_val,flat,bdd_seg_gt/val/c21defc7-61b5e22a.png,307689250,5381,9138,8,e3c858f6
yolop_da,yolop_da,labels/yolop_da_seg_val,flat,bdd_seg_gt/val/bed4ed94-7b8c51c7.png,316174614,2497,6764,8,8967c036
yolop_da,yolop_da,labels/yolop_da_seg_val,flat,bdd_seg_gt/val/b5046f1e-fa3ac127.png,316815392,2638,6980,8,df4a7d29
yolop_da,yolop_da,labels/yolop_da_seg_val,flat,bdd_seg_gt/val/c7cc0645-95e6a224.png,317866729,7424,10771,8,20338a76
yolop_da,yolop_da,labels/yolop_da_seg_val,flat,bdd_seg_gt/val/c7e6d5d1-c8af9fe3.png,327048022,5621,9292,8,b5a87d12
val_lights,solesensei,images/val_lights,flat,bdd100k/bdd100k/images/100k/val/b1d4b62c-89eeb5d3.jpg,5097912893,30485,32422,8,f4dd402d
val_lights,solesensei,images/val_lights,flat,bdd100k/bdd100k/images/100k/val/b1d9e136-6c94ea3f.jpg,5098736138,75897,76606,8,50e91ace
val_lights,solesensei,images/val_lights,flat,bdd100k/bdd100k/images/100k/val/b1e2346e-c5f98707.jpg,5099673887,40546,41419,8,285634bf
val_lights,solesensei,images/val_lights,flat,bdd100k/bdd100k/images/100k/val/b20b1e63-4d8478a4.jpg,5103146205,25000,28850,8,c1db9633
val_lights,solesensei,images/val_lights,flat,bdd100k/bdd100k/images/100k/val/b222c329-5dc8dbf7.jpg,5105393768,75533,75927,8,1d477aba
val_lights,solesensei,images/val_lights,flat,bdd100k/bdd100k/images/100k/val/b230a7b2-c881c382.jpg,5105875206,30799,33793,8,b4cbb9a2
val_lights,solesensei,images/val_lights,flat,bdd100k/bdd100k/images/100k/val/b24071b8-b3ee1196.jpg,5106962091,82999,84138,8,8be00509
val_lights,solesensei,images/val_lights,flat,bdd100k/bdd100k/images/100k/val/b246c8e8-3dd42e6c.jpg,5107635695,48752,49529,8,83dc3551
val_lights,solesensei,images/val_lights,flat,bdd100k/bdd100k/images/100k/val/b24f03f7-ff66eaca.jpg,5108572135,49129,50895,8,68d2e736
val_lights,solesensei,images/val_lights,flat,bdd100k/bdd100k/images/100k/val/b255cd6c-82c804d4.jpg,5109582359,53993,54892,8,4aea8c4b
val_lights,solesensei,images/val_lights,flat,bdd100k/bdd100k/images/100k/val/b265b9cf-2d517da6.jpg,5111227858,83206,84736,8,e0e2746c
val_lights,solesensei,images/val_lights,flat,bdd100k/bdd100k/images/100k/val/b270d8e4-0f565398.jpg,5113255108,76826,77576,8,09172d3c
val_lights,solesensei,images/val_lights,flat,bdd100k/bdd100k/images/100k/val/b275c028-6a0665cb.jpg,5113890162,50243,51281,8,b4f3f67c
val_lights,solesensei,images/val_lights,flat,bdd100k/bdd100k/images/100k/val/b280c9c1-4340305f.jpg,5115144765,77235,77875,8,8da3f494
val_lights,solesensei,images/val_lights,flat,bdd100k/bdd100k/images/100k/val/b28cb5d3-9ff4ab4a.jpg,5115812630,47828,50126,8,b1feb880
val_lights,solesensei,images/val_lights,flat,bdd100k/bdd100k/images/100k/val/b29806ee-7194648d.jpg,5117232254,89523,89867,8,7ee94c8d
val_lights,solesensei,images/val_lights,flat,bdd100k/bdd100k/images/100k/val/b2bceb54-0b1f3332.jpg,5119489654,55811,56567,8,9c872c48
val_lights,solesensei,images/val_lights,flat,bdd100k/bdd100k/images/100k/val/b2d8704e-9e7dddd6.jpg,5121880980,73407,74121,8,67c6962a
val_lights,solesensei,images/val_lights,flat,bdd100k/bdd100k/images/100k/val/b2ddae9c-9aafceae.jpg,5122407779,65881,66540,8,47957242
val_lights,solesensei,images/val_lights,flat,bdd100k/bdd100k/images/100k/val/b2ec68ce-d345784e.jpg,5123899312,36068,38274,8,b56e8c53
val_lights,solesensei,images/val_lights,flat,bdd100k/bdd100k/images/100k/val/b2f48fc3-0b8ff39a.jpg,5124326872,97509,98557,8,9f74594b
val_lights,solesensei,images/val_lights,flat,bdd100k/bdd100k/images/100k/val/b30b460d-f081f92b.jpg,5126603289,50463,51455,8,56801f3d
val_lights,solesensei,images/val_lights,flat,bdd100k/bdd100k/images/100k/val/b3599e04-6f80b3b7.jpg,5131842110,58603,59004,8,575823d2
val_lights,solesensei,images/val_lights,flat,bdd100k/bdd100k/images/100k/val/b37b9cf2-9d52b009.jpg,5134405893,99952,100333,8,863686e5
val_lights,solesensei,images/val_lights,flat,bdd100k/bdd100k/images/100k/val/b37cacf7-0d3ce003.jpg,5134793908,61827,62867,8,8696c64c
val_lights,solesensei,images/val_lights,flat,bdd100k/bdd100k/images/100k/val/b3853f81-272f6c37.jpg,5135654767,81160,81820,8,ceb9f89f
val_lights,solesensei,images/val_lights,flat,bdd100k/bdd100k/images/100k/val/b3933f83-a32ef4fd.jpg,5136724679,95587,96097,8,4c85e466
val_lights,solesensei,images/val_lights,flat,bdd100k/bdd100k/images/100k/val/b39fe3cd-12217985.jpg,5138079433,38386,40012,8,ca3a2c59
val_lights,solesensei,images/val_lights,flat,bdd100k/bdd100k/images/100k/val/b39fe3cd-f0d534c0.jpg,5138613301,40214,41269,8,39c533f9
val_lights,solesensei,images/val_lights,flat,bdd100k/bdd100k/images/100k/val/b3a9281a-74ae5b60.jpg,5140048923,50661,51516,8,2c566920
val_lights,solesensei,images/val_lights,flat,bdd100k/bdd100k/images/100k/val/b3a969fe-5181b89f.jpg,5140321220,58184,58864,8,2f0c4b4a
val_lights,solesensei,images/val_lights,flat,bdd100k/bdd100k/images/100k/val/b3b64b42-403091d9.jpg,5140984578,56875,57708,8,4f5c09bf
val_lights,solesensei,images/val_lights,flat,bdd100k/bdd100k/images/100k/val/b3be4113-a7c6d89b.jpg,5141474406,54992,55739,8,a3a48ae2
val_lights,solesensei,images/val_lights,flat,bdd100k/bdd100k/images/100k/val/b3c094d3-75cda540.jpg,5141680883,73648,74630,8,6e9db3c3
val_lights,solesensei,images/val_lights,flat,bdd100k/bdd100k/images/100k/val/b3c39081-34b43a1c.jpg,5141952670,78060,79301,8,dd912c40
val_lights,solesensei,images/val_lights,flat,bdd100k/bdd100k/images/100k/val/b3e2086f-4db03957.jpg,5144378325,93884,94523,8,31a00eb9
val_lights,solesensei,images/val_lights,flat,bdd100k/bdd100k/images/100k/val/b3e70fdd-e1df8660.jpg,5144789858,44261,45104,8,9b7352d6
val_lights,solesensei,images/val_lights,flat,bdd100k/bdd100k/images/100k/val/b3ef6557-e6709cd9.jpg,5145888608,72525,73380,8,434ed11e
val_lights,solesensei,images/val_lights,flat,bdd100k/bdd100k/images/100k/val/b4115405-2f28f75a.jpg,5147930758,97351,98137,8,b2957678
val_lights,solesensei,images/val_lights,flat,bdd100k/bdd100k/images/100k/val/b41ace08-830c808c.jpg,5148408497,61198,62224,8,6aab5a98
val_lights,solesensei,images/val_lights,flat,bdd100k/bdd100k/images/100k/val/b41d35f8-6cf85033.jpg,5148818598,68503,69906,8,0a965436
val_lights,solesensei,images/val_lights,flat,bdd100k/bdd100k/images/100k/val/b433534e-ff3646aa.jpg,5150994377,87145,87566,8,7aa7f7f8
val_lights,solesensei,images/val_lights,flat,bdd100k/bdd100k/images/100k/val/b44a71bf-712b4538.jpg,5152520436,84594,85010,8,eb45b53a
val_lights,solesensei,images/val_lights,flat,bdd100k/bdd100k/images/100k/val/b4672385-70ffa818.jpg,5155458719,61260,61724,8,cb5a24f1
val_lights,solesensei,images/val_lights,flat,bdd100k/bdd100k/images/100k/val/b48c7b5f-76b4418e.jpg,5158644659,76499,77409,8,e8b05bc2
val_lights,solesensei,images/val_lights,flat,bdd100k/bdd100k/images/100k/val/b48ef806-82544a56.jpg,5159207242,57905,59621,8,f22e96ce
val_lights,solesensei,images/val_lights,flat,bdd100k/bdd100k/images/100k/val/b4a2cbc5-fc978a94.jpg,5161350639,46652,47785,8,aa2cdce7
val_lights,solesensei,images/val_lights,flat,bdd100k/bdd100k/images/100k/val/b4d18d1a-193e24a1.jpg,5166574539,43254,44559,8,59e1c09d
val_lights,solesensei,images/val_lights,flat,bdd100k/bdd100k/images/100k/val/b4e86b41-b15ff7cb.jpg,5167913427,37683,38892,8,c2fbe6d9
val_lights,solesensei,images/val_lights,flat,bdd100k/bdd100k/images/100k/val/b5042634-d0148524.jpg,5171508194,81442,82142,8,b5b91dae
val_lights,solesensei,images/val_lights,flat,bdd100k/bdd100k/images/100k/val/b5046f1e-b1ef44b9.jpg,5171951715,52971,53532,8,375f6134
val_lights,solesensei,images/val_lights,flat,bdd100k/bdd100k/images/100k/val/b5191523-f5721cd1.jpg,5173199050,47421,48082,8,017bb9a5
val_lights,solesensei,images/val_lights,flat,bdd100k/bdd100k/images/100k/val/b519a9a4-6dd5b989.jpg,5173279490,62874,63391,8,54214a84
val_lights,solesensei,images/val_lights,flat,bdd100k/bdd100k/images/100k/val/b5296e2a-25ab57d6.jpg,5174205319,88616,89282,8,7e49dc06
val_lights,solesensei,images/val_lights,flat,bdd100k/bdd100k/images/100k/val/b5345bb2-a1424882.jpg,5175137356,57033,57404,8,ced5de62
val_lights,solesensei,images/val_lights,flat,bdd100k/bdd100k/images/100k/val/b539383c-a697cb3b.jpg,5175544060,71410,72294,8,ee31d959
val_lights,solesensei,images/val_lights,flat,bdd100k/bdd100k/images/100k/val/b5465c6e-42759087.jpg,5176896653,36983,38231,8,e9b97d13
val_lights,solesensei,images/val_lights,flat,bdd100k/bdd100k/images/100k/val/b5465c6e-5bed4504.jpg,5176996490,48069,48770,8,0b7a7212
val_lights,solesensei,images/val_lights,flat,bdd100k/bdd100k/images/100k/val/b555790d-e81a454b.jpg,5179187369,55614,56309,8,b3228826
val_lights,solesensei,images/val_lights,flat,bdd100k/bdd100k/images/100k/val/b5614611-ae322079.jpg,5179954190,50555,51427,8,701b7c2a
val_lights,solesensei,images/val_lights,flat,bdd100k/bdd100k/images/100k/val/b563b270-63d4d8fc.jpg,5180290127,73041,74012,8,351032fe
val_lights,solesensei,images/val_lights,flat,bdd100k/bdd100k/images/100k/val/b5764fb7-2bc5ec36.jpg,5182071519,83524,84818,8,305cb1da
val_lights,solesensei,images/val_lights,flat,bdd100k/bdd100k/images/100k/val/b57dee9d-e5bd3142.jpg,5183652631,85059,85524,8,469d811a
val_lights,solesensei,images/val_lights,flat,bdd100k/bdd100k/images/100k/val/b581255d-1c6658b4.jpg,5183737793,88646,89383,8,338f183f
val_lights,solesensei,images/val_lights,flat,bdd100k/bdd100k/images/100k/val/b5a09604-1a28e788.jpg,5186145529,68907,70012,8,6d5a6fe6
val_lights,solesensei,images/val_lights,flat,bdd100k/bdd100k/images/100k/val/b5a09604-69dd5d9f.jpg,5186539935,84781,85501,8,58d27eaa
val_lights,solesensei,images/val_lights,flat,bdd100k/bdd100k/images/100k/val/b5b78553-f3a480a1.jpg,5189327856,34439,36455,8,ff2048fb
val_lights,solesensei,images/val_lights,flat,bdd100k/bdd100k/images/100k/val/b5bb11f2-227b8c25.jpg,5189886400,82759,83295,8,773d3344
val_lights,solesensei,images/val_lights,flat,bdd100k/bdd100k/images/100k/val/b5cd5f72-32232751.jpg,5191433359,64028,64640,8,852acac2
val_lights,solesensei,images/val_lights,flat,bdd100k/bdd100k/images/100k/val/b5cf8afa-b54535d2.jpg,5191497490,57707,58590,8,901e62a7
val_lights,solesensei,images/val_lights,flat,bdd100k/bdd100k/images/100k/val/b5f7a789-c02a194e.jpg,5194177083,86583,87117,8,7bcf13c4
val_lights,solesensei,images/val_lights,flat,bdd100k/bdd100k/images/100k/val/b5fcec51-bb59c567.jpg,5194887471,70826,71369,8,bca3937e
val_lights,solesensei,images/val_lights,flat,bdd100k/bdd100k/images/100k/val/b61212a0-78ccafee.jpg,5196984040,48038,49247,8,37c11b6e
val_lights,solesensei,images/val_lights,flat,bdd100k/bdd100k/images/100k/val/b61459f8-ae92ce64.jpg,5197367804,51863,53209,8,116ba01d
val_lights,solesensei,images/val_lights,flat,bdd100k/bdd100k/images/100k/val/b61f19ba-2f34ba9f.jpg,5198021486,64363,65018,8,bcc85be1
val_lights,solesensei,images/val_lights,flat,bdd100k/bdd100k/images/100k/val/b61f7b3d-1e5fa9ff.jpg,5198226873,73148,73881,8,93c4a423
val_lights,solesensei,images/val_lights,flat,bdd100k/bdd100k/images/100k/val/b61fda8b-dbcf61c1.jpg,5198300124,69793,70962,8,95f5aa02
val_lights,solesensei,images/val_lights,flat,bdd100k/bdd100k/images/100k/val/b643ed1d-7fbdd446.jpg,5201088947,67373,68302,8,511b27c6
val_lights,solesensei,images/val_lights,flat,bdd100k/bdd100k/images/100k/val/b6579e76-9da25188.jpg,5202386017,45959,47751,8,9e57dc7a
val_lights,solesensei,images/val_lights,flat,bdd100k/bdd100k/images/100k/val/b6579e76-e88b3d6d.jpg,5202508661,90460,92421,8,634fa7a1
val_lights,solesensei,images/val_lights,flat,bdd100k/bdd100k/images/100k/val/b6770025-04eaf87d.jpg,5204876152,83059,83787,8,bee8884e
val_lights,solesensei,images/val_lights,flat,bdd100k/bdd100k/images/100k/val/b68a0153-2c58a0e3.jpg,5206713386,61996,62573,8,5df365cc
val_lights,solesensei,images/val_lights,flat,bdd100k/bdd100k/images/100k/val/b69fc2ae-156d58aa.jpg,5208393062,53906,54672,8,b6cc4520
val_lights,solesensei,images/val_lights,flat,bdd100k/bdd100k/images/100k/val/b6a6df2d-435493e8.jpg,5208779574,83727,84251,8,b1325618
val_lights,solesensei,images/val_lights,flat,bdd100k/bdd100k/images/100k/val/b6a936f4-483e5144.jpg,5209221909,59615,61229,8,5cd6b8aa
val_lights,solesensei,images/val_lights,flat,bdd100k/bdd100k/images/100k/val/b6b047b4-7bdf1e93.jpg,5209950095,102839,103232,8,c5bd9325
val_lights,solesensei,images/val_lights,flat,bdd100k/bdd100k/images/100k/val/b6c22033-a2105050.jpg,5211281179,63116,63646,8,1fa0b104
val_lights,solesensei,images/val_lights,flat,bdd100k/bdd100k/images/100k/val/b6c938b0-a748acc1.jpg,5211807334,36767,38385,8,325fd512
val_lights,solesensei,images/val_lights,flat,bdd100k/bdd100k/images/100k/val/b6c938b0-c1d453f8.jpg,5211844204,51968,52752,8,0c9a1725
val_lights,solesensei,images/val_lights,flat,bdd100k/bdd100k/images/100k/val/b6cebd5a-5ca64f5f.jpg,5212088733,70482,71421,8,10734669
val_lights,solesensei,images/val_lights,flat,bdd100k/bdd100k/images/100k/val/b6decb24-7fbd99e8.jpg,5213931123,86132,86755,8,fc14953c
val_lights,solesensei,images/val_lights,flat,bdd100k/bdd100k/images/100k/val/b6decb24-fffc40f7.jpg,5214103354,73907,74620,8,e4cfe9ba
val_lights,solesensei,images/val_lights,flat,bdd100k/bdd100k/images/100k/val/b6ea1520-1c9df539.jpg,5215498058,68230,69423,8,424f6e71
val_lights,solesensei,images/val_lights,flat,bdd100k/bdd100k/images/100k/val/b6f4b139-744f76c0.jpg,5215928633,73782,75037,8,606b0dce
val_lights,solesensei,images/val_lights,flat,bdd100k/bdd100k/images/100k/val/b736c477-ce5093ac.jpg,5222453299,50748,52037,8,7ca7924e
val_lights,solesensei,images/val_lights,flat,bdd100k/bdd100k/images/100k/val/b741c25b-5d56239a.jpg,5223635937,63755,64464,8,978d07b4
val_lights,solesensei,images/val_lights,flat,bdd100k/bdd100k/images/100k/val/b7610ba3-9eabe8e3.jpg,5227108405,55370,56346,8,c054809d
val_lights,solesensei,images/val_lights,flat,bdd100k/bdd100k/images/100k/val/b761cf92-3127cc34.jpg,5227389337,77298,78276,8,d51a819f
val_lights,solesensei,images/val_lights,flat,bdd100k/bdd100k/images/100k/val/b769f2fa-026548da.jpg,5228113391,58695,59223,8,44daf755
val_lights,solesensei,images/val_lights,flat,bdd100k/bdd100k/images/100k/val/b77df2a1-b2c5d1bb.jpg,5229862066,75775,76574,8,4db3be36
val_lights,solesensei,images/val_lights,flat,bdd100k/bdd100k/images/100k/val/b782f9ad-6bc1d4ee.jpg,5230220868,53365,54741,8,11e28059
val_lights,solesensei,images/val_lights,flat,bdd100k/bdd100k/images/100k/val/b7b7c088-13945e4c.jpg,5235233629,50776,51903,8,6a23c259
val_lights,solesensei,images/val_lights,flat,bdd100k/bdd100k/images/100k/val/b7bfad97-abd8ddef.jpg,5236802920,66601,66918,8,5737f704
val_lights,solesensei,images/val_lights,flat,bdd100k/bdd100k/images/100k/val/b7bfad97-d095e272.jpg,5236869624,75020,75799,8,18f24351
val_lights,solesensei,images/val_lights,flat,bdd100k/bdd100k/images/100k/val/b7dc9921-4c58cd1b.jpg,5239014665,46393,47581,8,3df95a88
val_lights,solesensei,images/val_lights,flat,bdd100k/bdd100k/images/100k/val/b8086e12-c35af994.jpg,5243388107,99385,100391,8,391ed29d
val_lights,solesensei,images/val_lights,flat,bdd100k/bdd100k/images/100k/val/b83869a3-3023291d.jpg,5246258568,47588,48488,8,7f5b1df1
val_lights,solesensei,images/val_lights,flat,bdd100k/bdd100k/images/100k/val/b842809b-8900f4f0.jpg,5247131764,25723,28660,8,c3f9029a
val_lights,solesensei,images/val_lights,flat,bdd100k/bdd100k/images/100k/val/b84507e4-4f69e97b.jpg,5247442373,43490,45260,8,1caf4ea8
val_lights,solesensei,images/val_lights,flat,bdd100k/bdd100k/images/100k/val/b84507e4-e4553a8d.jpg,5247541615,25306,28410,8,0ef073fa
val_lights,solesensei,images/val_lights,flat,bdd100k/bdd100k/images/100k/val/b84dbc8e-94bbc315.jpg,5247992529,57243,58020,8,0a861998
val_lights,solesensei,images/val_lights,flat,bdd100k/bdd100k/images/100k/val/b85420e2-ea146a8a.jpg,5248311586,52957,54421,8,61102cf8
val_lights,solesensei,images/val_lights,flat,bdd100k/bdd100k/images/100k/val/b85b0853-e2b7537e.jpg,5249122509,42381,43461,8,f25555c1
val_lights,solesensei,images/val_lights,flat,bdd100k/bdd100k/images/100k/val/b873c993-69e9f8fb.jpg,5250903828,92726,92877,8,3e48c8c0
val_lights,solesensei,images/val_lights,flat,bdd100k/bdd100k/images/100k/val/b8781f69-81bcdb6a.jpg,5251249228,64854,65377,8,d740c66f
val_lights,solesensei,images/val_lights,flat,bdd100k/bdd100k/images/100k/val/b87ee3bb-c5b70e4f.jpg,5252140032,46740,47658,8,a710a5fe
val_lights,solesensei,images/val_lights,flat,bdd100k/bdd100k/images/100k/val/b89bf84d-d2c2e5a7.jpg,5253704756,89687,89912,8,eebf792c
val_lights,solesensei,images/val_lights,flat,bdd100k/bdd100k/images/100k/val/b8a28c17-5befd35a.jpg,5254303205,50188,51065,8,d5893fd7
val_lights,solesensei,images/val_lights,flat,bdd100k/bdd100k/images/100k/val/b8c0457f-fa2eacb4.jpg,5257105293,66929,67679,8,7bb08970
val_lights,solesensei,images/val_lights,flat,bdd100k/bdd100k/images/100k/val/b8ce5e42-34aa3275.jpg,5258310193,39873,41763,8,f298d2f6
val_lights,solesensei,images/val_lights,flat,bdd100k/bdd100k/images/100k/val/b924005d-3e1ae14d.jpg,5264060811,56744,57964,8,cab4bd68
val_lights,solesensei,images/val_lights,flat,bdd100k/bdd100k/images/100k/val/b92c4dd3-91991711.jpg,5264687554,50186,52880,8,38bb81c1
val_lights,solesensei,images/val_lights,flat,bdd100k/bdd100k/images/100k/val/b931fe93-37b7cffb.jpg,5265164662,72335,72513,8,28551ce9
val_lights,solesensei,images/val_lights,flat,bdd100k/bdd100k/images/100k/val/b934dfc0-55ee2773.jpg,5265503366,70037,71166,8,da0ddfd7
val_lights,solesensei,images/val_lights,flat,bdd100k/bdd100k/images/100k/val/b936e35e-f493bf16.jpg,5265767539,45844,46777,8,1097ed35
val_lights,solesensei,images/val_lights,flat,bdd100k/bdd100k/images/100k/val/b93e190c-b3e4728f.jpg,5266525271,27051,29925,8,a9ec9c5b
val_lights,solesensei,images/val_lights,flat,bdd100k/bdd100k/images/100k/val/b9470f2d-aa9b22f2.jpg,5267728912,82862,84105,8,0d46249f
val_lights,solesensei,images/val_lights,flat,bdd100k/bdd100k/images/100k/val/b953a340-049ea536.jpg,5268623698,88848,89477,8,e974a84f
val_lights,solesensei,images/val_lights,flat,bdd100k/bdd100k/images/100k/val/b9772de9-8fef5466.jpg,5270855191,34854,36481,8,8ec77fc5
val_lights,solesensei,images/val_lights,flat,bdd100k/bdd100k/images/100k/val/b98c2fe7-a1ba769e.jpg,5272740176,66506,67611,8,7e908bb3
val_lights,solesensei,images/val_lights,flat,bdd100k/bdd100k/images/100k/val/b99b66a0-308f25ed.jpg,5273938637,72102,73114,8,baa0fb6c
val_lights,solesensei,images/val_lights,flat,bdd100k/bdd100k/images/100k/val/b99f250d-375965e8.jpg,5274241698,56599,57099,8,0dfccd26
val_lights,solesensei,images/val_lights,flat,bdd100k/bdd100k/images/100k/val/b9b16444-2929cf9e.jpg,5275340232,63972,64838,8,d99038fb
val_lights,solesensei,images/val_lights,flat,bdd100k/bdd100k/images/100k/val/b9bd0109-531e640f.jpg,5275966677,82713,83359,8,200fe74e
val_lights,solesensei,images/val_lights,flat,bdd100k/bdd100k/images/100k/val/b9c66ce6-57fa7e69.jpg,5276460813,40213,41237,8,a2022d92
val_lights,solesensei,images/val_lights,flat,bdd100k/bdd100k/images/100k/val/b9ca94a2-f35ce63b.jpg,5277121154,49654,50534,8,00894c2c
val_lights,solesensei,images/val_lights,flat,bdd100k/bdd100k/images/100k/val/b9d34460-5d3c8bcf.jpg,5277863502,70553,72285,8,d086d7ed
val_lights,solesensei,images/val_lights,flat,bdd100k/bdd100k/images/100k/val/b9e6660b-bc8236e7.jpg,5279714374,64947,66839,8,d4591482
val_lights,solesensei,images/val_lights,flat,bdd100k/bdd100k/images/100k/val/ba0a3619-31d30af9.jpg,5282452614,71797,72600,8,2337f52a
val_lights,solesensei,images/val_lights,flat,bdd100k/bdd100k/images/100k/val/ba112f29-be7a8dfc.jpg,5283218906,47938,48731,8,66e5936a
val_lights,solesensei,images/val_lights,flat,bdd100k/bdd100k/images/100k/val/ba31ed47-117c074b.jpg,5285154192,72711,74039,8,82e296fc
val_lights,solesensei,images/val_lights,flat,bdd100k/bdd100k/images/100k/val/ba320af6-9ebfd69c.jpg,5285227006,66839,67801,8,54ec65be
val_lights,solesensei,images/val_lights,flat,bdd100k/bdd100k/images/100k/val/ba4432a9-3956a266.jpg,5286405164,80746,82547,8,a67db594
val_lights,solesensei,images/val_lights,flat,bdd100k/bdd100k/images/100k/val/ba4adf3d-27e3cae5.jpg,5287629020,43531,44422,8,71bd9ced
val_lights,solesensei,images/val_lights,flat,bdd100k/bdd100k/images/100k/val/ba508231-2158c29b.jpg,5288435996,82051,82636,8,68cd5ca2
val_lights,solesensei,images/val_lights,flat,bdd100k/bdd100k/images/100k/val/ba59cdbb-be899b38.jpg,5289184092,70348,70831,8,46c3f3dd
val_lights,solesensei,images/val_lights,flat,bdd100k/bdd100k/images/100k/val/ba7b9df0-a0b062ab.jpg,5291299966,94029,94537,8,5035cc6a
val_lights,solesensei,images/val_lights,flat,bdd100k/bdd100k/images/100k/val/ba7efc39-dea175db.jpg,5291683170,68503,68831,8,67ba1018
val_lights,solesensei,images/val_lights,flat,bdd100k/bdd100k/images/100k/val/bac84858-9f795ab4.jpg,5297635505,36245,38190,8,466b73da
val_lights,solesensei,images/val_lights,flat,bdd100k/bdd100k/images/100k/val/baeab53a-2e79e160.jpg,5300418246,45383,46587,8,ec23da35
val_lights,solesensei,images/val_lights,flat,bdd100k/bdd100k/images/100k/val/baf89af3-64d570fc.jpg,5302595607,47510,48238,8,6c47f799
val_lights,solesensei,images/val_lights,flat,bdd100k/bdd100k/images/100k/val/bafa2401-045c70c7.jpg,5302643220,31967,34854,8,b3d78081
val_lights,solesensei,images/val_lights,flat,bdd100k/bdd100k/images/100k/val/bb145d9b-5ae8376f.jpg,5304289688,53100,53582,8,ad54e28a
val_lights,solesensei,images/val_lights,flat,bdd100k/bdd100k/images/100k/val/bb2ecd61-fa37afd5.jpg,5306355460,45050,46209,8,b3438a54
val_lights,solesensei,images/val_lights,flat,bdd100k/bdd100k/images/100k/val/bb3be317-6db8a61d.jpg,5308019930,36615,38079,8,f1ddf2e8
val_lights,solesensei,images/val_lights,flat,bdd100k/bdd100k/images/100k/val/bb49532f-ae2b40d1.jpg,5309080165,54101,54616,8,99863b12
val_lights,solesensei,images/val_lights,flat,bdd100k/bdd100k/images/100k/val/bb6e6241-1fdd0e57.jpg,5311476521,96792,97737,8,50a5e60a
val_lights,solesensei,images/val_lights,flat,bdd100k/bdd100k/images/100k/val/bb99a578-c060f56f.jpg,5316308962,65485,66112,8,4b7341a3
val_lights,solesensei,images/val_lights,flat,bdd100k/bdd100k/images/100k/val/bba686c2-056961ec.jpg,5317887413,54320,55300,8,a3cbfc95
val_lights,solesensei,images/val_lights,flat,bdd100k/bdd100k/images/100k/val/bbb28508-bd7a8e64.jpg,5319078266,32462,34645,8,0dd18db5
val_lights,solesensei,images/val_lights,flat,bdd100k/bdd100k/images/100k/val/bbecbb69-bd7c745a.jpg,5324014502,76126,76715,8,a8895114
val_lights,solesensei,images/val_lights,flat,bdd100k/bdd100k/images/100k/val/bbef1eae-960724af.jpg,5324176077,49247,49956,8,bec4b87c
val_lights,solesensei,images/val_lights,flat,bdd100k/bdd100k/images/100k/val/bbf69eae-71b25b22.jpg,5325522546,55574,56224,8,7ebfb288
val_lights,solesensei,images/val_lights,flat,bdd100k/bdd100k/images/100k/val/bbf6edef-5d90487a.jpg,5325578223,76673,77447,8,f426fcca
val_lights,solesensei,images/val_lights,flat,bdd100k/bdd100k/images/100k/val/bc19c993-e257683c.jpg,5328754765,69191,69838,8,50817354
val_lights,solesensei,images/val_lights,flat,bdd100k/bdd100k/images/100k/val/bc2552ff-c72260e0.jpg,5329876302,66262,67280,8,a8d1e430
val_lights,solesensei,images/val_lights,flat,bdd100k/bdd100k/images/100k/val/bc2a1273-b863f5dd.jpg,5330319306,88273,88863,8,1a373927
val_lights,solesensei,images/val_lights,flat,bdd100k/bdd100k/images/100k/val/bc4fb79c-561bbfc5.jpg,5332542173,74430,75055,8,544780ab
val_lights,solesensei,images/val_lights,flat,bdd100k/bdd100k/images/100k/val/bc5f4677-58898054.jpg,5333159123,48727,49291,8,3f5e8a57
val_lights,solesensei,images/val_lights,flat,bdd100k/bdd100k/images/100k/val/bc66304a-d6caaab5.jpg,5334276946,42355,43097,8,66ac9dac
val_lights,solesensei,images/val_lights,flat,bdd100k/bdd100k/images/100k/val/bc7a7a1f-64c449cc.jpg,5336251306,87960,88234,8,401642ba
val_lights,solesensei,images/val_lights,flat,bdd100k/bdd100k/images/100k/val/bc7cbf85-1a484d84.jpg,5336752577,52031,53235,8,bda702c6
val_lights,solesensei,images/val_lights,flat,bdd100k/bdd100k/images/100k/val/bc8e1605-5c57e4b3.jpg,5338169787,69082,69907,8,105cdf13
val_lights,solesensei,images/val_lights,flat,bdd100k/bdd100k/images/100k/val/bc9e1979-f1fb1692.jpg,5339295063,70529,70961,8,6b9e9340
val_lights,solesensei,images/val_lights,flat,bdd100k/bdd100k/images/100k/val/bcc5eb03-0660b926.jpg,5344266040,50025,50558,8,dacce4de
val_lights,solesensei,images/val_lights,flat,bdd100k/bdd100k/images/100k/val/bccbf939-28a692c6.jpg,5344540350,44210,45911,8,fe0181e7
val_lights,solesensei,images/val_lights,flat,bdd100k/bdd100k/images/100k/val/bcd02ab4-fc291124.jpg,5344917924,56739,57475,8,dc4e107e
val_lights,solesensei,images/val_lights,flat,bdd100k/bdd100k/images/100k/val/bcef3e08-9d61dcb5.jpg,5347234532,33654,35385,8,bde6a8b7
val_lights,solesensei,images/val_lights,flat,bdd100k/bdd100k/images/100k/val/bcf55067-c58fe85b.jpg,5347440666,70413,70937,8,e9ad5bd5
val_lights,solesensei,images/val_lights,flat,bdd100k/bdd100k/images/100k/val/bcf70f06-5bd41cdd.jpg,5347511182,79315,79598,8,ed36751b
val_lights,solesensei,images/val_lights,flat,bdd100k/bdd100k/images/100k/val/bd0b3e14-8b246958.jpg,5349293343,72835,73998,8,ff8d831e
val_lights,solesensei,images/val_lights,flat,bdd100k/bdd100k/images/100k/val/bd290539-e7fe47b4.jpg,5351731916,44374,45233,8,3eb22d97
val_lights,solesensei,images/val_lights,flat,bdd100k/bdd100k/images/100k/val/bd355fcc-e43df88a.jpg,5352932964,73341,74487,8,10428dfc
val_lights,solesensei,images/val_lights,flat,bdd100k/bdd100k/images/100k/val/bd3c3916-579aeb09.jpg,5353535012,43467,44861,8,cfdbbdd8
val_lights,solesensei,images/val_lights,flat,bdd100k/bdd100k/images/100k/val/bd50478a-8a65e55f.jpg,5354898752,76229,76684,8,8e3e69f6
val_lights,solesensei,images/val_lights,flat,bdd100k/bdd100k/images/100k/val/bd507fe5-eca39153.jpg,5355146955,70224,71470,8,33ae3aa1
val_lights,solesensei,images/val_lights,flat,bdd100k/bdd100k/images/100k/val/bd52701c-66ce9738.jpg,5355491146,43123,44970,8,c7ef34b5
val_lights,solesensei,images/val_lights,flat,bdd100k/bdd100k/images/100k/val/bd67113a-5b83fcdb.jpg,5357804230,37684,39285,8,c1ce0f27
val_lights,solesensei,images/val_lights,flat,bdd100k/bdd100k/images/100k/val/bd735753-49b2ce68.jpg,5358644865,73814,74760,8,74e90ec7
val_lights,solesensei,images/val_lights,flat,bdd100k/bdd100k/images/100k/val/bd75454a-69e7f645.jpg,5358787463,43587,44879,8,536e0c3c
val_lights,solesensei,images/val_lights,flat,bdd100k/bdd100k/images/100k/val/bd92c756-0eee51cd.jpg,5360185501,53296,53693,8,6d9352f9
val_lights,solesensei,images/val_lights,flat,bdd100k/bdd100k/images/100k/val/bd9fdd5a-6ef5f943.jpg,5361695468,49856,50818,8,d915385a
val_lights,solesensei,images/val_lights,flat,bdd100k/bdd100k/images/100k/val/bdafde0d-03216895.jpg,5364093856,64080,64559,8,771d8566
val_lights,solesensei,images/val_lights,flat,bdd100k/bdd100k/images/100k/val/bdc15316-23cfff61.jpg,5365736301,56648,57567,8,1511e557
val_lights,solesensei,images/val_lights,flat,bdd100k/bdd100k/images/100k/val/bdcb68eb-1d074566.jpg,5366484817,51372,51950,8,cd5c5a4e
val_lights,solesensei,images/val_lights,flat,bdd100k/bdd100k/images/100k/val/bdcb68eb-86671b13.jpg,5366619421,38187,40067,8,60d02f98
val_lights,solesensei,images/val_lights,flat,bdd100k/bdd100k/images/100k/val/bdcd1ea1-ad1f4ec3.jpg,5366686451,54933,56032,8,bbbfdb26
val_lights,solesensei,images/val_lights,flat,bdd100k/bdd100k/images/100k/val/bdcd6f24-0b1af2bf.jpg,5366741487,70307,70634,8,53940c7c
val_lights,solesensei,images/val_lights,flat,bdd100k/bdd100k/images/100k/val/bdd3c8b3-ff26c094.jpg,5367612361,48096,48856,8,7932dded
val_lights,solesensei,images/val_lights,flat,bdd100k/bdd100k/images/100k/val/bddc1656-56674ab3.jpg,5368575379,79021,80106,8,feb6afe6
val_lights,solesensei,images/val_lights,flat,bdd100k/bdd100k/images/100k/val/bde83a65-d8ce4ddc.jpg,5369672827,72438,73387,8,cfb43ba0
val_lights,solesensei,images/val_lights,flat,bdd100k/bdd100k/images/100k/val/be10fa73-da2fa32f.jpg,5372558232,31437,33374,8,10b69ffa
val_lights,solesensei,images/val_lights,flat,bdd100k/bdd100k/images/100k/val/be4ca8c8-d651db6c.jpg,5377739194,39714,40845,8,a001bfe1
val_lights,solesensei,images/val_lights,flat,bdd100k/bdd100k/images/100k/val/be8b8284-01e2400c.jpg,5383120621,34857,37627,8,559dceeb
val_lights,solesensei,images/val_lights,flat,bdd100k/bdd100k/images/100k/val/be8d7ea3-4b798531.jpg,5383295854,45305,46958,8,41e455a9
val_lights,solesensei,images/val_lights,flat,bdd100k/bdd100k/images/100k/val/be9ce27e-65ec1c4e.jpg,5384482002,62793,65670,8,3e7c8215
val_lights,solesensei,images/val_lights,flat,bdd100k/bdd100k/images/100k/val/bea55e98-2769bb0f.jpg,5385232212,44383,46101,8,e7650c10
val_lights,solesensei,images/val_lights,flat,bdd100k/bdd100k/images/100k/val/bed3db3f-f0ce3c29.jpg,5389661099,35029,37610,8,00b04914
val_lights,solesensei,images/val_lights,flat,bdd100k/bdd100k/images/100k/val/bf0038bc-5512f257.jpg,5394109031,50558,51354,8,ab617786
val_lights,solesensei,images/val_lights,flat,bdd100k/bdd100k/images/100k/val/bf05e3be-6a2103bc.jpg,5394748934,25085,28076,8,8caa9321
val_lights,solesensei,images/val_lights,flat,bdd100k/bdd100k/images/100k/val/bf10e8c4-9122dd20.jpg,5395510805,70851,71678,8,6b98c22e
val_lights,solesensei,images/val_lights,flat,bdd100k/bdd100k/images/100k/val/bf15c7b5-99d19019.jpg,5395929128,62966,63837,8,8dc99d68
val_lights,solesensei,images/val_lights,flat,bdd100k/bdd100k/images/100k/val/bf1a30f8-59a115d8.jpg,5396336121,34566,36190,8,7744e9ce
val_lights,solesensei,images/val_lights,flat,bdd100k/bdd100k/images/100k/val/bf234dae-5e550365.jpg,5397390066,64223,64556,8,21146e2b
val_lights,solesensei,images/val_lights,flat,bdd100k/bdd100k/images/100k/val/bf245ae0-7630688e.jpg,5397660361,40072,40883,8,6cb8853b
val_lights,solesensei,images/val_lights,flat,bdd100k/bdd100k/images/100k/val/bf7e1159-d2bcc563.jpg,5403784510,52595,54454,8,4346ad9d
val_lights,solesensei,images/val_lights,flat,bdd100k/bdd100k/images/100k/val/bf8332bd-2f11c278.jpg,5404249408,86342,87149,8,602bf027
val_lights,solesensei,images/val_lights,flat,bdd100k/bdd100k/images/100k/val/bf879071-533b979e.jpg,5404759731,56215,57490,8,36541b66
val_lights,solesensei,images/val_lights,flat,bdd100k/bdd100k/images/100k/val/bf9e3b67-49c1ef1c.jpg,5406682558,81635,82708,8,fb417b0c
val_lights,solesensei,images/val_lights,flat,bdd100k/bdd100k/images/100k/val/bfb6d7c1-d607f837.jpg,5409580069,46045,47075,8,b0480c87
val_lights,solesensei,images/val_lights,flat,bdd100k/bdd100k/images/100k/val/bfb72242-c9cffb08.jpg,5409680093,50091,51447,8,407414ef
val_lights,solesensei,images/val_lights,flat,bdd100k/bdd100k/images/100k/val/bfc62f16-5ecb9627.jpg,5410931912,67915,69892,8,fd82be8f
val_lights,solesensei,images/val_lights,flat,bdd100k/bdd100k/images/100k/val/bfea6630-3fa3b8fb.jpg,5413772515,84818,86087,8,55815ae3
val_lights,solesensei,images/val_lights,flat,bdd100k/bdd100k/images/100k/val/bfea6630-64c40790.jpg,5413857436,54374,56493,8,4e799573
val_lights,solesensei,images/val_lights,flat,bdd100k/bdd100k/images/100k/val/bffe6c38-2cd2565f.jpg,5415722919,70206,70841,8,0bdbdfab
val_lights,solesensei,images/val_lights,flat,bdd100k/bdd100k/images/100k/val/c00dd69e-cee6e38e.jpg,5417673556,51701,52569,8,55c5b527
val_lights,solesensei,images/val_lights,flat,bdd100k/bdd100k/images/100k/val/c013a15f-06edbffd.jpg,5418130179,57179,57937,8,ee276676
val_lights,solesensei,images/val_lights,flat,bdd100k/bdd100k/images/100k/val/c02d414a-44e52614.jpg,5419637786,50435,51379,8,7e3981a8
val_lights,solesensei,images/val_lights,flat,bdd100k/bdd100k/images/100k/val/c02d91b8-8b1bdadc.jpg,5419784743,62968,64119,8,dc83be9b
val_lights,solesensei,images/val_lights,flat,bdd100k/bdd100k/images/100k/val/c036f281-a0c90e9a.jpg,5420825247,70309,71034,8,7e73bc7c
val_lights,solesensei,images/val_lights,flat,bdd100k/bdd100k/images/100k/val/c03936ec-8a87395f.jpg,5421082285,57537,58182,8,5366c510
val_lights,solesensei,images/val_lights,flat,bdd100k/bdd100k/images/100k/val/c03d48c2-869f09b4.jpg,5421139925,74230,74455,8,cbca9bac
val_lights,solesensei,images/val_lights,flat,bdd100k/bdd100k/images/100k/val/c04ad8f3-05b8c75c.jpg,5421721237,47960,48704,8,52175eff
val_lights,solesensei,images/val_lights,flat,bdd100k/bdd100k/images/100k/val/c0697e71-84867efa.jpg,5424599134,52568,53212,8,265d8f2b
val_lights,solesensei,images/val_lights,flat,bdd100k/bdd100k/images/100k/val/c06e75f0-de0335ed.jpg,5425248365,43041,44424,8,e8c91b88
val_lights,solesensei,images/val_lights,flat,bdd100k/bdd100k/images/100k/val/c0771fb7-818e1025.jpg,5426009500,43592,44660,8,d5703df0
val_lights,solesensei,images/val_lights,flat,bdd100k/bdd100k/images/100k/val/c0773447-c1d1508b.jpg,5426568946,50756,51752,8,c89971dc
val_lights,solesensei,images/val_lights,flat,bdd100k/bdd100k/images/100k/val/c0885032-0317987c.jpg,5428062863,34198,35986,8,992c3402
val_lights,solesensei,images/val_lights,flat,bdd100k/bdd100k/images/100k/val/c0a3b5cc-b6d07aae.jpg,5430576030,47015,49344,8,6758ba24
val_lights,solesensei,images/val_lights,flat,bdd100k/bdd100k/images/100k/val/c0a7fac6-3b412647.jpg,5431741525,87991,88514,8,89092c6f
val_lights,solesensei,images/val_lights,flat,bdd100k/bdd100k/images/100k/val/c0c9ec9a-ce2ae421.jpg,5434385895,35904,37175,8,29dc589f
val_lights,solesensei,images/val_lights,flat,bdd100k/bdd100k/images/100k/val/c0c9ec9a-d3638a82.jpg,5434421902,66259,66938,8,25654d4e
val_lights,solesensei,images/val_lights,flat,bdd100k/bdd100k/images/100k/val/c0ca0e6f-4236bfe6.jpg,5434538201,31508,34329,8,be9130d4
val_lights,solesensei,images/val_lights,flat,bdd100k/bdd100k/images/100k/val/c0d8d6d0-f2152200.jpg,5435353817,47155,47941,8,6d37f3f5
val_lights,solesensei,images/val_lights,flat,bdd100k/bdd100k/images/100k/val/c0deebc1-16cfa791.jpg,5436449264,62278,63449,8,a9b853e8
val_lights,solesensei,images/val_lights,flat,bdd100k/bdd100k/images/100k/val/c0f6ac18-37ce6bd5.jpg,5440124623,51778,52716,8,2efa1f1d
val_lights,solesensei,images/val_lights,flat,bdd100k/bdd100k/images/100k/val/c138a567-6a2dd99d.jpg,5445728024,22319,26785,8,f1176e78
val_lights,solesensei,images/val_lights,flat,bdd100k/bdd100k/images/100k/val/c13b26a2-95a8d142.jpg,5445923133,37516,38820,8,a682d93f
val_lights,solesensei,images/val_lights,flat,bdd100k/bdd100k/images/100k/val/c150197f-3dbfce3c.jpg,5448451774,74603,75733,8,60a43ab4
val_lights,solesensei,images/val_lights,flat,bdd100k/bdd100k/images/100k/val/c154b889-24d4f272.jpg,5449056479,71043,72600,8,c019d43a
val_lights,solesensei,images/val_lights,flat,bdd100k/bdd100k/images/100k/val/c1589305-200e315b.jpg,5450030064,83713,84412,8,26379172
val_lights,solesensei,images/val_lights,flat,bdd100k/bdd100k/images/100k/val/c159a842-cdc7a8cd.jpg,5450273534,46136,46985,8,fb744048
val_lights,solesensei,images/val_lights,flat,bdd100k/bdd100k/images/100k/val/c15c29a5-184070ba.jpg,5450319773,78059,79202,8,2db01ffd
val_lights,solesensei,images/val_lights,flat,bdd100k/bdd100k/images/100k/val/c17752b1-1949c442.jpg,5452910541,38023,39563,8,d42de913
val_lights,solesensei,images/val_lights,flat,bdd100k/bdd100k/images/100k/val/c1a5825c-c2afbdde.jpg,5458428853,57466,58539,8,96eaae9d
val_lights,solesensei,images/val_lights,flat,bdd100k/bdd100k/images/100k/val/c1a8c10a-2c737293.jpg,5458659413,38144,39194,8,5a520391
val_lights,solesensei,images/val_lights,flat,bdd100k/bdd100k/images/100k/val/c1a99e5b-9ff89172.jpg,5458814584,78327,78916,8,de9891f2
val_lights,solesensei,images/val_lights,flat,bdd100k/bdd100k/images/100k/val/c1b16eee-d45c1777.jpg,5459675492,59043,60163,8,b516e9a9
val_lights,solesensei,images/val_lights,flat,bdd100k/bdd100k/images/100k/val/c1d7db26-99ee3075.jpg,5463095627,31521,34626,8,62e5e6fd
val_lights,solesensei,images/val_lights,flat,bdd100k/bdd100k/images/100k/val/c1de2ece-fae99097.jpg,5463784574,36197,37311,8,e3c123d5
val_lights,solesensei,images/val_lights,flat,bdd100k/bdd100k/images/100k/val/c1f279ae-5a52d338.jpg,5464961406,42344,43218,8,fac07327
val_lights,solesensei,images/val_lights,flat,bdd100k/bdd100k/images/100k/val/c1f39934-59878ba6.jpg,5465647678,59681,60651,8,22542411
val_lights,solesensei,images/val_lights,flat,bdd100k/bdd100k/images/100k/val/c1f8d9b3-c550f84e.jpg,5467045348,47602,48283,8,0998fd81
val_lights,solesensei,images/val_lights,flat,bdd100k/bdd100k/images/100k/val/c21d47dc-fd0bdc45.jpg,5470854688,61304,61864,8,3088986b
val_lights,solesensei,images/val_lights,flat,bdd100k/bdd100k/images/100k/val/c21e328e-0d19a282.jpg,5470991770,80878,81501,8,529953ea
val_lights,solesensei,images/val_lights,flat,bdd100k/bdd100k/images/100k/val/c2201fab-f8248caa.jpg,5471679891,48338,48983,8,ba118ff2
val_lights,solesensei,images/val_lights,flat,bdd100k/bdd100k/images/100k/val/c2216e26-f9faa96a.jpg,5471728332,52718,53392,8,1258359a
val_lights,solesensei,images/val_lights,flat,bdd100k/bdd100k/images/100k/val/c24bfc75-858cdb28.jpg,5474586896,21478,26042,8,174b89d4
val_lights,solesensei,images/val_lights,flat,bdd100k/bdd100k/images/100k/val/c25f97e6-2007b36c.jpg,5475986044,79310,80377,8,e4c1e9ee
val_lights,solesensei,images/val_lights,flat,bdd100k/bdd100k/images/100k/val/c264943c-5e493c9f.jpg,5476344224,64978,65633,8,7642b388
val_lights,solesensei,images/val_lights,flat,bdd100k/bdd100k/images/100k/val/c26f2635-1d311675.jpg,5477165749,40858,41885,8,3e424f24
val_lights,solesensei,images/val_lights,flat,bdd100k/bdd100k/images/100k/val/c27e2a5d-93699ec3.jpg,5478120058,70388,71593,8,0a8555cf
val_lights,solesensei,images/val_lights,flat,bdd100k/bdd100k/images/100k/val/c288c7a7-347f9b29.jpg,5478726227,30417,32613,8,37f0f406
val_lights,solesensei,images/val_lights,flat,bdd100k/bdd100k/images/100k/val/c2b457e5-1779ee7a.jpg,5481458816,52938,54342,8,2697f50a
val_lights,solesensei,images/val_lights,flat,bdd100k/bdd100k/images/100k/val/c2c5ac9a-fc00e41a.jpg,5482795953,61001,61800,8,1736c5e7
val_lights,solesensei,images/val_lights,flat,bdd100k/bdd100k/images/100k/val/c2ccdd66-8cf38323.jpg,5483748511,29095,32100,8,05fb392f
val_lights,solesensei,images/val_lights,flat,bdd100k/bdd100k/images/100k/val/c2d07fa1-f6cebd10.jpg,5484261078,70461,71322,8,20dae08a
val_lights,solesensei,images/val_lights,flat,bdd100k/bdd100k/images/100k/val/c308561a-0b199e0a.jpg,5488848817,82952,84786,8,7d47168c
val_lights,solesensei,images/val_lights,flat,bdd100k/bdd100k/images/100k/val/c31aa396-beb4f81b.jpg,5490369860,82254,83120,8,9385b461
val_lights,solesensei,images/val_lights,flat,bdd100k/bdd100k/images/100k/val/c31c9630-58e757e5.jpg,5490901513,70939,71459,8,b1e2a4da
val_lights,solesensei,images/val_lights,flat,bdd100k/bdd100k/images/100k/val/c33251a6-e75f8824.jpg,5493927041,62873,63376,8,a68d2bc8
val_lights,solesensei,images/val_lights,flat,bdd100k/bdd100k/images/100k/val/c3698cec-77311999.jpg,5498233740,101849,102464,8,0c1192c9
val_lights,solesensei,images/val_lights,flat,bdd100k/bdd100k/images/100k/val/c3719317-5605c5af.jpg,5498766104,37856,39634,8,be47b2ab
val_lights,solesensei,images/val_lights,flat,bdd100k/bdd100k/images/100k/val/c3784403-212cfb2e.jpg,5499618814,62306,62979,8,a029a156
val_lights,solesensei,images/val_lights,flat,bdd100k/bdd100k/images/100k/val/c37b9726-caffaa65.jpg,5500726818,92136,92779,8,1015c5bc
val_lights,solesensei,images/val_lights,flat,bdd100k/bdd100k/images/100k/val/c3884826-d8789adb.jpg,5501791954,79379,80147,8,e8e045f1
val_lights,solesensei,images/val_lights,flat,bdd100k/bdd100k/images/100k/val/c3884826-f2da6bd2.jpg,5501871436,79077,79674,8,de34a8aa
val_lights,solesensei,images/val_lights,flat,bdd100k/bdd100k/images/100k/val/c39dc2ff-4399acc0.jpg,5504532385,51378,52135,8,c5e03c7a
val_lights,solesensei,images/val_lights,flat,bdd100k/bdd100k/images/100k/val/c3c0f47b-5cee9e20.jpg,5507416306,95922,96577,8,1a2ff72f
val_lights,solesensei,images/val_lights,flat,bdd100k/bdd100k/images/100k/val/c3da90b0-cfd1d6b9.jpg,5509860058,68158,69037,8,2bde3d42
val_lights,solesensei,images/val_lights,flat,bdd100k/bdd100k/images/100k/val/c3f1aefa-b66cbd5d.jpg,5511451301,67198,67971,8,bf2bf34d
val_lights,solesensei,images/val_lights,flat,bdd100k/bdd100k/images/100k/val/c422771c-ecd74810.jpg,5515565530,126127,126510,8,663cb2dc
val_lights,solesensei,images/val_lights,flat,bdd100k/bdd100k/images/100k/val/c426d85e-62e3c585.jpg,5515845060,45205,46123,8,a4c0e821
val_lights,solesensei,images/val_lights,flat,bdd100k/bdd100k/images/100k/val/c426ec74-d878b23e.jpg,5515890368,73545,74390,8,eefd8800
val_lights,solesensei,images/val_lights,flat,bdd100k/bdd100k/images/100k/val/c428ad7c-f3bbc3a0.jpg,5516152647,43689,44654,8,545d7aa0
val_lights,solesensei,images/val_lights,flat,bdd100k/bdd100k/images/100k/val/c428e890-674ecc9d.jpg,5516196439,33480,34979,8,923524f8
val_lights,solesensei,images/val_lights,flat,bdd100k/bdd100k/images/100k/val/c4436054-434051b8.jpg,5518555171,74472,74826,8,23c055b6
val_lights,solesensei,images/val_lights,flat,bdd100k/bdd100k/images/100k/val/c44a2ecf-b5b2f533.jpg,5519129605,68823,69966,8,7e532886
val_lights,solesensei,images/val_lights,flat,bdd100k/bdd100k/images/100k/val/c44bf71d-c073c94e.jpg,5519275290,44146,45083,8,290884b7
val_lights,solesensei,images/val_lights,flat,bdd100k/bdd100k/images/100k/val/c457d18a-610011a8.jpg,5520678363,68778,68976,8,5aa867f6
val_lights,solesensei,images/val_lights,flat,bdd100k/bdd100k/images/100k/val/c45b2e04-5689b375.jpg,5520897134,69760,70331,8,fc8f66c0
val_lights,solesensei,images/val_lights,flat,bdd100k/bdd100k/images/100k/val/c4613fc7-919152c4.jpg,5521858373,48528,49347,8,2ec38ecc
val_lights,solesensei,images/val_lights,flat,bdd100k/bdd100k/images/100k/val/c46ab79d-5e0c7623.jpg,5522419007,86524,87406,8,a108ca17
val_lights,solesensei,images/val_lights,flat,bdd100k/bdd100k/images/100k/val/c48ba79f-a2bf2dcf.jpg,5525303850,44288,45089,8,92c6daa1
val_lights,solesensei,images/val_lights,flat,bdd100k/bdd100k/images/100k/val/c48db695-5c28a6a5.jpg,5525777538,38112,39267,8,c00842f8
val_lights,solesensei,images/val_lights,flat,bdd100k/bdd100k/images/100k/val/c49c8353-71549f83.jpg,5526929002,58475,59066,8,1229c711
val_lights,solesensei,images/val_lights,flat,bdd100k/bdd100k/images/100k/val/c4a06183-898ad98d.jpg,5527665765,76681,77507,8,519c52cb
val_lights,solesensei,images/val_lights,flat,bdd100k/bdd100k/images/100k/val/c4ccffb1-e4215665.jpg,5531609978,34582,36708,8,6f629185
val_lights,solesensei,images/val_lights,flat,bdd100k/bdd100k/images/100k/val/c4d631ce-55e4d4e9.jpg,5532372655,75463,76470,8,23a0c33b
val_lights,solesensei,images/val_lights,flat,bdd100k/bdd100k/images/100k/val/c4e2eba0-f32cc5b6.jpg,5533305992,38071,39511,8,8e65e7e5
val_lights,solesensei,images/val_lights,flat,bdd100k/bdd100k/images/100k/val/c4eb5462-657f5921.jpg,5534639891,97690,98237,8,7c747640
val_lights,solesensei,images/val_lights,flat,bdd100k/bdd100k/images/100k/val/c4eb96a1-92fb9d6f.jpg,5535079333,91380,91751,8,f4e86fd8
val_lights,solesensei,images/val_lights,flat,bdd100k/bdd100k/images/100k/val/c4f65761-4cdc3348.jpg,5535680046,68128,69018,8,484728b2
val_lights,solesensei,images/val_lights,flat,bdd100k/bdd100k/images/100k/val/c4f8633c-a33316a8.jpg,5536002635,92144,92715,8,963f2062
val_lights,solesensei,images/val_lights,flat,bdd100k/bdd100k/images/100k/val/c53478c5-0565e28b.jpg,5540233070,86609,88182,8,1d4ea738
val_lights,solesensei,images/val_lights,flat,bdd100k/bdd100k/images/100k/val/c53986c1-311f3693.jpg,5540658536,74751,75286,8,455003c3
val_lights,solesensei,images/val_lights,flat,bdd100k/bdd100k/images/100k/val/c54e3b28-168e2176.jpg,5542793934,35163,37394,8,0887af82
val_lights,solesensei,images/val_lights,flat,bdd100k/bdd100k/images/100k/val/c561cb9a-7ee655d2.jpg,5544910809,79498,79845,8,b36e9da9
val_lights,solesensei,images/val_lights,flat,bdd100k/bdd100k/images/100k/val/c56ad92a-6707dbb4.jpg,5547175834,53084,53734,8,53bac069
val_lights,solesensei,images/val_lights,flat,bdd100k/bdd100k/images/100k/val/c56cdb77-68cd6d79.jpg,5548056113,35988,37916,8,6a33ee71
val_lights,solesensei,images/val_lights,flat,bdd100k/bdd100k/images/100k/val/c58bb853-c9421648.jpg,5551362099,45615,47242,8,7b0847a6
val_lights,solesensei,images/val_lights,flat,bdd100k/bdd100k/images/100k/val/c59c31f2-cdac8cc8.jpg,5552590113,72444,73606,8,1d1f489e
val_lights,solesensei,images/val_lights,flat,bdd100k/bdd100k/images/100k/val/c5c8a92c-49d1ba7c.jpg,5557860496,77454,78346,8,a0eced19
val_lights,solesensei,images/val_lights,flat,bdd100k/bdd100k/images/100k/val/c5ca1272-df2c0491.jpg,5558421638,80114,80566,8,359d5da0
val_lights,solesensei,images/val_lights,flat,bdd100k/bdd100k/images/100k/val/c5d864fa-3b452090.jpg,5559539254,89637,90166,8,8d7b8a13
val_lights,solesensei,images/val_lights,flat,bdd100k/bdd100k/images/100k/val/c5f31e54-76b8c52c.jpg,5562392753,70262,71336,8,90824aa7
val_lights,solesensei,images/val_lights,flat,bdd100k/bdd100k/images/100k/val/c5fa2573-a33e9b84.jpg,5563025185,49781,51200,8,454732ab
val_lights,solesensei,images/val_lights,flat,bdd100k/bdd100k/images/100k/val/c5fe7f8b-38ce05b2.jpg,5563285085,47774,49556,8,b8115464
val_lights,solesensei,images/val_lights,flat,bdd100k/bdd100k/images/100k/val/c60b2910-eb72d5a2.jpg,5564639285,83650,84384,8,6f189fe8
val_lights,solesensei,images/val_lights,flat,bdd100k/bdd100k/images/100k/val/c620ac7c-f3d4e50c.jpg,5566661633,63011,63404,8,caf8d1fa
val_lights,solesensei,images/val_lights,flat,bdd100k/bdd100k/images/100k/val/c67075c0-f1638c70.jpg,5574053515,42498,43566,8,d3438137
val_lights,solesensei,images/val_lights,flat,bdd100k/bdd100k/images/100k/val/c6728701-5480540c.jpg,5574435875,47737,48622,8,6fa17689
val_lights,solesensei,images/val_lights,flat,bdd100k/bdd100k/images/100k/val/c68d9027-9707e4ed.jpg,5576824117,60602,61436,8,561f4fca
val_lights,solesensei,images/val_lights,flat,bdd100k/bdd100k/images/100k/val/c6bb9629-1727269a.jpg,5582073792,73551,74186,8,23536ccc
val_lights,solesensei,images/val_lights,flat,bdd100k/bdd100k/images/100k/val/c6cf9b39-8831232f.jpg,5583240291,72234,73303,8,2b860d88
val_lights,solesensei,images/val_lights,flat,bdd100k/bdd100k/images/100k/val/c6dfe6aa-5d33796c.jpg,5585153833,51836,52404,8,dde0e17c
val_lights,solesensei,images/val_lights,flat,bdd100k/bdd100k/images/100k/val/c70a8ace-77774f58.jpg,5587760745,54517,55134,8,19f48afd
val_lights,solesensei,images/val_lights,flat,bdd100k/bdd100k/images/100k/val/c7134df6-28b042b5.jpg,5588439537,65427,65961,8,9580dcaf
val_lights,solesensei,images/val_lights,flat,bdd100k/bdd100k/images/100k/val/c7472294-1eb27561.jpg,5592092712,44080,45080,8,0d9703dc
val_lights,solesensei,images/val_lights,flat,bdd100k/bdd100k/images/100k/val/c748c1a1-2f810acf.jpg,5592253203,50349,51202,8,d95222b3
val_lights,solesensei,images/val_lights,flat,bdd100k/bdd100k/images/100k/val/c748c1a1-58870d4a.jpg,5592349740,49897,50534,8,653ba91a
val_lights,solesensei,images/val_lights,flat,bdd100k/bdd100k/images/100k/val/c752e922-355b0f70.jpg,5593985867,61000,62008,8,137247d0
val_lights,solesensei,images/val_lights,flat,bdd100k/bdd100k/images/100k/val/c76e42a3-362b5166.jpg,5596628098,64393,66604,8,cf08dd4b
val_lights,solesensei,images/val_lights,flat,bdd100k/bdd100k/images/100k/val/c7749319-823a3fd4.jpg,5597732808,63161,64967,8,89766197
val_lights,solesensei,images/val_lights,flat,bdd100k/bdd100k/images/100k/val/c775bec8-4c524651.jpg,5597796072,71758,72170,8,b222db39
val_lights,solesensei,images/val_lights,flat,bdd100k/bdd100k/images/100k/val/c7922063-76dde2db.jpg,5599942115,83229,84459,8,84667f14
val_lights,solesensei,images/val_lights,flat,bdd100k/bdd100k/images/100k/val/c79687a5-b610723c.jpg,5600563123,50827,51641,8,df693c34
val_lights,solesensei,images/val_lights,flat,bdd100k/bdd100k/images/100k/val/c79e169f-054f74e7.jpg,5601173029,96507,97614,8,319eec56
val_lights,solesensei,images/val_lights,flat,bdd100k/bdd100k/images/100k/val/c79e45ca-9ad90248.jpg,5601302200,41653,43001,8,8a727b89
val_lights,solesensei,images/val_lights,flat,bdd100k/bdd100k/images/100k/val/c7bc6671-fc3f4552.jpg,5603051769,72967,74370,8,aa167ab1
val_lights,solesensei,images/val_lights,flat,bdd100k/bdd100k/images/100k/val/c7dab685-05c2f1df.jpg,5605292637,53420,54814,8,e845093b
val_lights,solesensei,images/val_lights,flat,bdd100k/bdd100k/images/100k/val/c7dbfac6-c3921e8b.jpg,5605427770,36024,37317,8,adf0b0d3
val_lights,solesensei,images/val_lights,flat,bdd100k/bdd100k/images/100k/val/c7dc648e-dd181375.jpg,5605463897,37239,38757,8,12993663
val_lights,solesensei,images/val_lights,flat,bdd100k/bdd100k/images/100k/val/c7eab2ff-d02c0a19.jpg,5606440134,36021,37616,8,d0541de4
val_lights,solesensei,images/val_lights,flat,bdd100k/bdd100k/images/100k/val/c7f97365-1c2f54a0.jpg,5607311190,33369,35428,8,10d9ccc8
val_lights,solesensei,images/val_lights,flat,bdd100k/bdd100k/images/100k/val/c7ff2c12-cf77c29d.jpg,5607968738,74483,75197,8,fe70a7ed
val_lights,solesensei,images/val_lights,flat,bdd100k/bdd100k/images/100k/val/c807cb19-7e09cb11.jpg,5608624168,40985,42724,8,e3c3e929
val_lights,solesensei,images/val_lights,flat,bdd100k/bdd100k/images/100k/val/c83351be-a122d44f.jpg,5611906559,48493,49428,8,cca88d6a
val_lights,solesensei,images/val_lights,flat,bdd100k/bdd100k/images/100k/val/c8438bd1-fdc959eb.jpg,5613615820,57899,58810,8,1cb9d509
val_lights,solesensei,images/val_lights,flat,bdd100k/bdd100k/images/100k/val/c8618b44-65da0bb3.jpg,5615811510,38402,39662,8,8d414b03
val_lights,solesensei,images/val_lights,flat,bdd100k/bdd100k/images/100k/val/c892a4e4-9bf183c0.jpg,5620217907,76214,77006,8,81e029fa
val_lights,solesensei,images/val_lights,flat,bdd100k/bdd100k/images/100k/val/c8a5c2cd-c1d58c72.jpg,5621424756,52182,53050,8,7f04c583
val_lights,solesensei,images/val_lights,flat,bdd100k/bdd100k/images/100k/val/c8aae827-b9b8f6ec.jpg,5622287679,66487,67311,8,cbd2d5ba
val_lights,solesensei,images/val_lights,flat,bdd100k/bdd100k/images/100k/val/c8aca1e2-4d35a25a.jpg,5622354269,70535,71490,8,d75fe171
val_lights,solesensei,images/val_lights,flat,bdd100k/bdd100k/images/100k/val/c8bf003e-c4202676.jpg,5624290223,44542,46307,8,0027fa6e
val_lights,solesensei,images/val_lights,flat,bdd100k/bdd100k/images/100k/val/c8c97803-75867166.jpg,5625575218,50959,51688,8,ff795d51
val_lights,solesensei,images/val_lights,flat,bdd100k/bdd100k/images/100k/val/c8f48328-7de61e93.jpg,5629245958,54131,54659,8,f20754ed
val_lights,solesensei,images/val_lights,flat,bdd100k/bdd100k/images/100k/val/c8f90ec2-8b0d49de.jpg,5629467427,38341,39929,8,1d3eb573
val_lights,solesensei,images/val_lights,flat,bdd100k/bdd100k/images/100k/val/c9018c4e-976ad16e.jpg,5629986998,54391,55289,8,3339e3be
val_lights,solesensei,images/val_lights,flat,bdd100k/bdd100k/images/100k/val/c909f3df-69d1a96a.jpg,5630101028,43252,44289,8,2ffb1f3e
val_lights,solesensei,images/val_lights,flat,bdd100k/bdd100k/images/100k/val/c91db2b0-38312b9f.jpg,5633027487,61968,62916,8,f73e2ed2
val_lights,solesensei,images/val_lights,flat,bdd100k/bdd100k/images/100k/val/c9240f77-2c998430.jpg,5633600467,50808,51530,8,4fcbd402
val_lights,solesensei,images/val_lights,flat,bdd100k/bdd100k/images/100k/val/c92aeef7-9bdd3e46.jpg,5635097635,55907,56791,8,1f665e94
val_lights,solesensei,images/val_lights,flat,bdd100k/bdd100k/images/100k/val/c933ade8-e95faf28.jpg,5635849055,47204,48562,8,44a11281
val_lights,solesensei,images/val_lights,flat,bdd100k/bdd100k/images/100k/val/c93a7768-23e29de9.jpg,5636390904,71192,71956,8,b859a4a5
val_lights,solesensei,images/val_lights,flat,bdd100k/bdd100k/images/100k/val/c93bd9ce-ea579ed8.jpg,5636876403,46450,47454,8,524e1e98
val_lights,solesensei,images/val_lights,flat,bdd100k/bdd100k/images/100k/val/c95c7aac-2259b8d6.jpg,5640078625,47824,48721,8,c8040a01
val_lights,solesensei,images/val_lights,flat,bdd100k/bdd100k/images/100k/val/c96ab7ea-f0802092.jpg,5641602935,48540,49631,8,a94b9a36
val_lights,solesensei,images/val_lights,flat,bdd100k/bdd100k/images/100k/val/c96ffe59-429ca2a9.jpg,5642234029,60292,61132,8,7a29c663
val_lights,solesensei,images/val_lights,flat,bdd100k/bdd100k/images/100k/val/c976aa56-2902a314.jpg,5642878119,72358,73499,8,25dca31c
val_lights,solesensei,images/val_lights,flat,bdd100k/bdd100k/images/100k/val/c97fc7da-ed179cad.jpg,5643601105,44676,45681,8,ae12b90c
val_lights,solesensei,images/val_lights,flat,bdd100k/bdd100k/images/100k/val/c98232a2-66e6e1fb.jpg,5643916314,82102,82884,8,b3ab17d0
val_lights,solesensei,images/val_lights,flat,bdd100k/bdd100k/images/100k/val/c98258a4-e5a366fe.jpg,5644106539,71196,72050,8,c843eb52
val_lights,solesensei,images/val_lights,flat,bdd100k/bdd100k/images/100k/val/c993615f-613d6034.jpg,5645178494,41604,42586,8,e2eb44d3
val_lights,solesensei,images/val_lights,flat,bdd100k/bdd100k/images/100k/val/c9aa50be-62caa81b.jpg,5647015753,96836,97669,8,b4d3ac29
val_lights,solesensei,images/val_lights,flat,bdd100k/bdd100k/images/100k/val/c9b96433-8473dd77.jpg,5648022369,67850,69416,8,dc74a36e
val_lights,solesensei,images/val_lights,flat,bdd100k/bdd100k/images/100k/val/c9bbc56e-b61223fd.jpg,5648252819,65411,66290,8,8dc50ce6
val_lights,solesensei,images/val_lights,flat,bdd100k/bdd100k/images/100k/val/c9c4e755-d4a99803.jpg,5648870512,35044,36819,8,bb67f00b
val_lights,solesensei,images/val_lights,flat,bdd100k/bdd100k/images/100k/val/c9c778b5-83f9cec1.jpg,5649111942,77238,77666,8,c0b102a0
val_lights,solesensei,images/val_lights,flat,bdd100k/bdd100k/images/100k/val/c9cf1065-e9fd4f91.jpg,5650200671,54926,55575,8,94490313
val_lights,solesensei,images/val_lights,flat,bdd100k/bdd100k/images/100k/val/c9d9a47f-951c00bd.jpg,5650943401,42070,43472,8,5baf5ee8
val_lights,solesensei,images/val_lights,flat,bdd100k/bdd100k/images/100k/val/c9dc0649-b5aa2483.jpg,5651034982,37051,38833,8,9fc6a401
val_lights,solesensei,images/val_lights,flat,bdd100k/bdd100k/images/100k/val/c9dc96aa-01dec7af.jpg,5651072136,47460,48745,8,558ce476
val_lights,solesensei,images/val_lights,flat,bdd100k/bdd100k/images/100k/val/ca1a87ef-783b4ceb.jpg,5656206427,34571,35926,8,97e979f8
val_lights,solesensei,images/val_lights,flat,bdd100k/bdd100k/images/100k/val/ca1d52b5-84e8dfa0.jpg,5656491079,48060,48705,8,c74b201b
val_lights,solesensei,images/val_lights,flat,bdd100k/bdd100k/images/100k/val/ca3165e0-3a330c98.jpg,5658606597,51265,51939,8,3cd0203c
val_lights,solesensei,images/val_lights,flat,bdd100k/bdd100k/images/100k/val/ca35c192-7f0eadba.jpg,5658891076,77710,78360,8,96f0a279
val_lights,solesensei,images/val_lights,flat,bdd100k/bdd100k/images/100k/val/ca3bf9b0-55d6ae41.jpg,5659540776,29774,32455,8,71dcd67e
val_lights,solesensei,images/val_lights,flat,bdd100k/bdd100k/images/100k/val/ca40ddd3-102f3b02.jpg,5659813792,40453,42144,8,dd86a80b
val_lights,solesensei,images/val_lights,flat,bdd100k/bdd100k/images/100k/val/ca56690a-05ed80e9.jpg,5661131733,77440,78231,8,097f34fa
